d_JC00,d_JC44_JC4f,d_JC55_a_JC2d,d_JC6e_JC62,JC0a_15,JC0a_18,JC30_JC10_02,JC32_1_JC23_01,JC32_1_JC23_04,JC32_1_JC23_07,JC33_2_JC23_01,JC43_JC34_02,JC4d_JC23_01,JC4d_JC23_03,JC4d_JC23_05,JC4d_JC23_09,JC55_a_JC2d_03,JC55_a_JC2d_01,JC55_a_JC2d_04,JC55_a_JC2d_07,JC58_c_JC5c_03,JC58_c_JC5c_04,JC58_c_JC5c_05,JC58_c_JC5c_06,JC58_c_JC5c_07,JC64_JC6b_04,JC68_JC13_01,JC69_e_JC13_01,JC6a_JC28_02,JC6d_JC2d_02,JC6d_JC2d_03,JC6d_JC2d_05,JC6e_JC62_01,JC70_JC29_04,JC70_JC29_06
1,,,,2016066617,2016-08-05,,TESTKH00002,T1234567890123,1,TESTKH00001,JPY,,,,,,,,,,,,,,,,,,,,,,,
1,1,,,,,,,,,,,6617,NNNNNN㈱ 甲賀,滋賀県〇〇市△△ ５－５５,2016-07-27,,,,,3710,37100,37100,40810,40810,,,,,,,,,,
1,1,1,,,,,,,,,,,,,,37100,3710,S,10,,,,,,,,,,,,,,,
1,1,2,,,,,,,,,,,,,,0,0,AA,8,,,,,,,,,,,,,,,
1,1,,1,,,,,,,,,,,,,,,,,,,,,,1,562866016,3333716,2870,2870,S,10,1,NLT45078,ハンマー
1,1,,2,,,,,,,,,,,,,,,,,,,,,,2,562866017,3333717,4870,9740,S,10,2,FZA84475,ライト
1,1,,3,,,,,,,,,,,,,,,,,,,,,,1,562866019,3333719,6370,6370,S,10,3,JGQ88522,ガーデンツール
1,1,,4,,,,,,,,,,,,,,,,,,,,,,1,562866021,3333721,9750,9750,S,10,4,NXN27539,プランター
1,1,,5,,,,,,,,,,,,,,,,,,,,,,1,562866023,3333723,8370,8370,S,10,5,YBV39419,塗布ローラー
