semSort,semPath,id,kind,level,ObjectClass,Property,Representation,AssociatedClass,ReferencedClass,n
1,JC00,JC00,MA,0,ヘッダ,単一請求書,,,,
2,/JC00/JC0a,JC0a,ASMA,1,ヘッダ,,,取引設定,,1
3,/JC00/JC0a_01,JC0a_01,BBIE,1,ヘッダ,取引ID,Code,,,
4,/JC00/JC0a_02,JC0a_02,BBIE,1,ヘッダ,処理日時,Date,,,
7,/JC00/JC0a_03,JC0a_03,BBIE,1,ヘッダ,取引プロセスID,Text,,,
8,/JC00/JC0a_04,JC0a_04,BBIE,1,ヘッダ,取引プロセス名,Text,,,
11,/JC00/JC0a_05,JC0a_05,BBIE,1,ヘッダ,バージョンID,Code,,,
12,/JC00/JC0a_06,JC0a_06,BBIE,1,ヘッダ,バージョン発行日,Date,,,
15,/JC00/JC0a_07,JC0a_07,BBIE,1,ヘッダ,取引シナリオID,Code,,,
16,/JC00/JC0a_08,JC0a_08,BBIE,1,ヘッダ,取引シナリオ名,Text,,,
19,/JC00/JC0a_09,JC0a_09,BBIE,1,ヘッダ,アプリケーションID,Code,,,
20,/JC00/JC0a_10,JC0a_10,BBIE,1,ヘッダ,アプリケーション名,Text,,,
23,/JC00/JC0a_11,JC0a_11,BBIE,1,ヘッダ,ドメインID,Identifier,,,
24,/JC00/JC0a_12,JC0a_12,BBIE,1,ヘッダ,ドメイン名,Text,,,
27,/JC00/JC0a_13,JC0a_13,BBIE,1,ヘッダ,バージョンID,Code,,,
28,/JC00/JC0a_14,JC0a_14,BBIE,1,ヘッダ,バージョン発行日,Date,,,
30,/JC00/JC0a_15,JC0a_15,BBIE,1,ヘッダ,インボイスID,Identifier,,,
31,/JC00/JC0a_16,JC0a_16,BBIE,1,ヘッダ,インボイス名,Text,,,
32,/JC00/JC0a_17,JC0a_17,BBIE,1,ヘッダ,インボイスタイプコード,Code,,,
33,/JC00/JC0a_18,JC0a_18,BBIE,1,ヘッダ,インボイス発効日,Date,,,
34,/JC00/JC0a_19,JC0a_19,BBIE,1,ヘッダ,インボイス目的コード,Code,,,
35,/JC00/JC0a_20,JC0a_20,BBIE,1,ヘッダ,インボイス履歴ID,Code,,,
36,/JC00/JC0a_21,JC0a_21,BBIE,1,ヘッダ,インボイス類型コード,Code,,,
37,/JC00/JC0a_22,JC0a_22,BBIE,1,ヘッダ,インボイスサブタイプコード,Code,,,
38,/JC00/JC30_JC10,JC30_JC10,ASBIE,1,ヘッダ,,,ヘッダ注釈,,n
40,/JC00/JC30_JC10_01,JC30_JC10_01,BBIE,1,ヘッダ注釈,ヘッダ注釈表題,Code,,,
41,/JC00/JC30_JC10_02,JC30_JC10_02,BBIE,1,ヘッダ注釈,ヘッダ注釈内容,Code,,,
42,/JC00/JC30_JC10_03,JC30_JC10_03,BBIE,1,ヘッダ注釈,ヘッダ注釈ID,Code,,,
43,/JC00/JC72_JC13,JC72_JC13,ASBIE,1,ヘッダ,,,ヘッダ参照文書,,n
45,/JC00/JC72_JC13_01,JC72_JC13_01,BBIE,1,ヘッダ参照文書,文書ID,Code,,,
46,/JC00/JC72_JC13_02,JC72_JC13_02,BBIE,1,ヘッダ参照文書,文書URL_ID,Code,,,
47,/JC00/JC72_JC13_03,JC72_JC13_03,BBIE,1,ヘッダ参照文書,文書発行日,Code,,,
48,/JC00/JC72_JC13_04,JC72_JC13_04,BBIE,1,ヘッダ参照文書,文書参照タイプコード,Code,,,
49,/JC00/JC72_JC13_05,JC72_JC13_05,BBIE,1,ヘッダ参照文書,文書履歴ID,Code,,,
50,/JC00/JC72_JC13_06,JC72_JC13_06,BBIE,1,ヘッダ参照文書,文書情報,Code,,,
51,/JC00/JC72_JC13_07,JC72_JC13_07,BBIE,1,ヘッダ参照文書,文書タイプコード,Code,,,
52,/JC00/JC72_JC13_08,JC72_JC13_08,BBIE,1,ヘッダ参照文書,文書添付ファイル,Code,,,
53,/JC00/JC72_JC13_09,JC72_JC13_09,BBIE,1,ヘッダ参照文書,文書サブタイプコード,Code,,,
54,/JC00/JC79_JC5d,JC79_JC5d,ASBIE,1,ヘッダ,,,ヘッダ添付ファイル,,n
56,/JC00/JC79_JC5d_01,JC79_JC5d_01,BBIE,1,ヘッダ添付ファイル,添付バイナリファイルID,Code,,,
57,/JC00/JC79_JC5d_02,JC79_JC5d_02,BBIE,1,ヘッダ添付ファイル,添付バイナリファイル名,Text,,,
58,/JC00/JC79_JC5d_03,JC79_JC5d_03,BBIE,1,ヘッダ添付ファイル,添付バイナリファイルURI ID,Text,,,
59,/JC00/JC79_JC5d_04,JC79_JC5d_04,BBIE,1,ヘッダ添付ファイル,添付バイナリファイルのMIMEコード,Code,,,
60,/JC00/JC79_JC5d_05,JC79_JC5d_05,BBIE,1,ヘッダ添付ファイル,添付バイナリファイルの説明文,Text,,,
65,/JC00/JC32_1_JC23,JC32_1_JC23,ASBIE,1,ヘッダ,,,売り手,,1
67,/JC00/JC32_1_JC23_01,JC32_1_JC23_01,BBIE,1,売り手,受注者ID,Identifier,,,
68,/JC00/JC32_1_JC23_06,JC32_1_JC23_06,BBIE,1,売り手,スキーマID,Code,,,
69,/JC00/JC32_1_JC23_02,JC32_1_JC23_02,BBIE,1,売り手,受注者国際企業ID,Identifier,,,
70,/JC00/JC32_1_JC23_07,JC32_1_JC23_07,BBIE,1,売り手,スキーマID,Code,,,
71,/JC00/JC32_1_JC23_03,JC32_1_JC23_03,BBIE,1,売り手,受注者名称,Text,,,
72,/JC00/JC32_1_JC23_04,JC32_1_JC23_04,BBIE,1,売り手,適格請求書発行事業者登録番号,Identifier,,,
73,/JC00/JC32_1_JC23_05,JC32_1_JC23_05,BBIE,1,売り手,受注者タイプコード,Code,,,
74,/JC00/JC32_1_JC23/JC32_1_JC1d,JC32_1_JC1d,ASBIE,2,売り手,,,売り手連絡先,,1
76,/JC00/JC32_1_JC23/JC32_1_JC1d_01,JC32_1_JC1d_01,BBIE,2,売り手連絡先,受注部門ID,Code,,,
77,/JC00/JC32_1_JC23/JC32_1_JC1d_02,JC32_1_JC1d_02,BBIE,2,売り手連絡先,受注者担当名,Text,,,
78,/JC00/JC32_1_JC23/JC32_1_JC1d_03,JC32_1_JC1d_03,BBIE,2,売り手連絡先,受注者部門名,Text,,,
79,/JC00/JC32_1_JC23/JC32_1_JC1d_04,JC32_1_JC1d_04,BBIE,2,売り手連絡先,受注者担当ID,Code,,,
82,/JC00/JC32_1_JC23/JC32_1_JC1d_05,JC32_1_JC1d_05,BBIE,2,売り手連絡先,受注者電話番号,Text,,,
85,/JC00/JC32_1_JC23/JC32_1_JC1d_06,JC32_1_JC1d_06,BBIE,2,売り手連絡先,受注者FAX番号,Text,,,
88,/JC00/JC32_1_JC23/JC32_1_JC1d_07,JC32_1_JC1d_07,BBIE,2,売り手連絡先,受注者メールアドレス,Text,,,
89,/JC00/JC32_1_JC23/JC32_1_JC1a,JC32_1_JC1a,ASBIE,2,売り手,,,売り手住所,,1
91,/JC00/JC32_1_JC23/JC32_1_JC1a_01,JC32_1_JC1a_01,BBIE,2,売り手住所,受注者郵便番号,Text,,,
92,/JC00/JC32_1_JC23/JC32_1_JC1a_02,JC32_1_JC1a_02,BBIE,2,売り手住所,受注者住所1,Text,,,
93,/JC00/JC32_1_JC23/JC32_1_JC1a_03,JC32_1_JC1a_03,BBIE,2,売り手住所,受注者住所2,Text,,,
94,/JC00/JC32_1_JC23/JC32_1_JC1a_04,JC32_1_JC1a_04,BBIE,2,売り手住所,受注者住所3,Text,,,
95,/JC00/JC32_1_JC23/JC32_1_JC1a_05,JC32_1_JC1a_05,BBIE,2,売り手住所,受注者国ID,Code,,,
96,/JC00/JC32_1_JC23/JC32_1_JC2e,JC32_1_JC2e,ASBIE,2,売り手,,,売り手国際アドレス,,1
98,/JC00/JC32_1_JC23/JC32_1_JC2e_01,JC32_1_JC2e_01,BBIE,2,売り手国際アドレス,国際アドレス登録機関コード,Code,,,
99,/JC00/JC32_1_JC23/JC32_1_JC2e_02,JC32_1_JC2e_02,BBIE,2,売り手国際アドレス,受注者国際アドレス,Identifier,,,
100,/JC00/JC33_2_JC23,JC33_2_JC23,ASBIE,1,ヘッダ,,,買い手,,1
102,/JC00/JC33_2_JC23_01,JC33_2_JC23_01,BBIE,1,買い手,発注者ID,Identifier,,,
103,/JC00/JC33_2_JC23_06,JC33_2_JC23_06,BBIE,1,買い手,スキーマID,Code,,,
104,/JC00/JC33_2_JC23_02,JC33_2_JC23_02,BBIE,1,買い手,発注者国際企業ID,Identifier,,,
105,/JC00/JC33_2_JC23_07,JC33_2_JC23_07,BBIE,1,買い手,スキーマID,Code,,,
106,/JC00/JC33_2_JC23_03,JC33_2_JC23_03,BBIE,1,買い手,発注者名称,Text,,,
107,/JC00/JC33_2_JC23_04,JC33_2_JC23_04,BBIE,1,買い手,適格請求書発行事業者登録番号,Identifier,,,
108,/JC00/JC33_2_JC23_05,JC33_2_JC23_05,BBIE,1,買い手,発注者タイプコード,Code,,,
109,/JC00/JC33_2_JC23/JC33_2_JC1d,JC33_2_JC1d,ASBIE,2,買い手,,,買い手連絡先,,1
111,/JC00/JC33_2_JC23/JC33_2_JC1d_01,JC33_2_JC1d_01,BBIE,2,買い手連絡先,発注者部門ID,Code,,,
112,/JC00/JC33_2_JC23/JC33_2_JC1d_02,JC33_2_JC1d_02,BBIE,2,買い手連絡先,発注者担当名,Text,,,
113,/JC00/JC33_2_JC23/JC33_2_JC1d_03,JC33_2_JC1d_03,BBIE,2,買い手連絡先,発注者部門名,Text,,,
114,/JC00/JC33_2_JC23/JC33_2_JC1d_04,JC33_2_JC1d_04,BBIE,2,買い手連絡先,発注者担当ID,Code,,,
117,/JC00/JC33_2_JC23/JC33_2_JC1d_05,JC33_2_JC1d_05,BBIE,2,買い手連絡先,発注者電話番号,Text,,,
120,/JC00/JC33_2_JC23/JC33_2_JC1d_06,JC33_2_JC1d_06,BBIE,2,買い手連絡先,発注者FAX番号,Code,,,
123,/JC00/JC33_2_JC23/JC33_2_JC1d_07,JC33_2_JC1d_07,BBIE,2,買い手連絡先,発注者メールアドレス,Text,,,
124,/JC00/JC33_2_JC23/JC33_2_JC1a,JC33_2_JC1a,ASBIE,2,買い手,,,買い手住所,,1
126,/JC00/JC33_2_JC23/JC33_2_JC1a_01,JC33_2_JC1a_01,BBIE,2,買い手住所,発注者郵便番号,Text,,,
127,/JC00/JC33_2_JC23/JC33_2_JC1a_02,JC33_2_JC1a_02,BBIE,2,買い手住所,発注者住所1,Text,,,
128,/JC00/JC33_2_JC23/JC33_2_JC1a_03,JC33_2_JC1a_03,BBIE,2,買い手住所,発注者住所2,Text,,,
129,/JC00/JC33_2_JC23/JC33_2_JC1a_04,JC33_2_JC1a_04,BBIE,2,買い手住所,発注者住所3,Text,,,
130,/JC00/JC33_2_JC23/JC33_2_JC1a_05,JC33_2_JC1a_05,BBIE,2,買い手住所,発注者国ID,Code,,,
131,/JC00/JC33_2_JC23/JC33_2_JC2e,JC33_2_JC2e,ASBIE,2,買い手,,,買い手国際アドレス,,1
133,/JC00/JC33_2_JC23/JC33_2_JC2e_01,JC33_2_JC2e_01,BBIE,2,買い手国際アドレス,国際アドレス登録機関コード,Code,,,
134,/JC00/JC33_2_JC23/JC33_2_JC2e_02,JC33_2_JC2e_02,BBIE,2,買い手国際アドレス,発注者国際アドレス,Identifier,,,
135,/JC00/JC71_JC01,JC71_JC01,ASBIE,1,0,,,プロジェクト調達,,1
137,/JC00/JC71_JC01_01,JC71_JC01_01,BBIE,1,プロジェクト調達,プロジェクトID,Document Reference,,,
138,/JC00/JC71_JC01_02,JC71_JC01_02,BBIE,1,プロジェクト調達,プロジェクト名,Text,,,
139,/JC00/JC43_JC34,JC43_JC34,ASBIE,1,0,,,,,1
141,/JC00/JC43_JC34_01,JC43_JC34_01,BBIE,1,ヘッダ,税通貨コード,Code,,,
142,/JC00/JC43_JC34_02,JC43_JC34_02,BBIE,1,ヘッダ,文書通貨コード,Code,,,
143,/JC00/JC43_JC34_03,JC43_JC34_03,BBIE,1,ヘッダ,支払通貨コード,Code,,,
144,/JC00/JC35_3_JC23,JC35_3_JC23,ASBIE,1,ヘッダ,,,請求者,,1
146,/JC00/JC35_3_JC23_01,JC35_3_JC23_01,BBIE,1,請求者,請求者ID,Code,,,
147,/JC00/JC35_3_JC23_02,JC35_3_JC23_02,BBIE,1,請求者,請求者国際企業ID,Code,,,
148,/JC00/JC35_3_JC23_03,JC35_3_JC23_03,BBIE,1,請求者,請求者名称,Code,,,
149,/JC00/JC35_3_JC23_04,JC35_3_JC23_04,BBIE,1,請求者,請求者適格請求書発行事業者登録番号,Code,,,
150,/JC00/JC35_3_JC23_05,JC35_3_JC23_05,BBIE,1,請求者,請求者タイプコード,Code,,,
151,/JC00/JC35_3_JC23/JC35_3_JC1d,JC35_3_JC1d,ASBIE,2,請求者,,,請求者連絡先,,1
153,/JC00/JC35_3_JC23/JC35_3_JC1d_01,JC35_3_JC1d_01,BBIE,2,請求者連絡先,請求部門ID,Code,,,
154,/JC00/JC35_3_JC23/JC35_3_JC1d_02,JC35_3_JC1d_02,BBIE,2,請求者連絡先,請求者担当名,Code,,,
155,/JC00/JC35_3_JC23/JC35_3_JC1d_03,JC35_3_JC1d_03,BBIE,2,請求者連絡先,請求者部門名,Code,,,
156,/JC00/JC35_3_JC23/JC35_3_JC1d_04,JC35_3_JC1d_04,BBIE,2,請求者連絡先,請求者担当ID,Code,,,
159,/JC00/JC35_3_JC23/JC35_3_JC1d_05,JC35_3_JC1d_05,BBIE,2,請求者連絡先,請求者電話番号,Code,,,
162,/JC00/JC35_3_JC23/JC35_3_JC1d_06,JC35_3_JC1d_06,BBIE,2,請求者連絡先,請求者FAX番号,Code,,,
165,/JC00/JC35_3_JC23/JC35_3_JC1d_07,JC35_3_JC1d_07,BBIE,2,請求者連絡先,請求者メールアドレス,Code,,,
166,/JC00/JC35_3_JC23/JC35_3_JC1a,JC35_3_JC1a,ASBIE,2,請求者,,,請求者住所,,1
168,/JC00/JC35_3_JC23/JC35_3_JC1a_01,JC35_3_JC1a_01,BBIE,2,請求者住所,請求者郵便番号,Code,,,
169,/JC00/JC35_3_JC23/JC35_3_JC1a_02,JC35_3_JC1a_02,BBIE,2,請求者住所,請求者住所1,Code,,,
170,/JC00/JC35_3_JC23/JC35_3_JC1a_03,JC35_3_JC1a_03,BBIE,2,請求者住所,請求者住所2,Code,,,
171,/JC00/JC35_3_JC23/JC35_3_JC1a_04,JC35_3_JC1a_04,BBIE,2,請求者住所,請求者住所3,Code,,,
172,/JC00/JC35_3_JC23/JC35_3_JC1a_05,JC35_3_JC1a_05,BBIE,2,請求者住所,請求者国ID,Code,,,
173,/JC00/JC35_3_JC23/JC35_3_JC2e,JC35_3_JC2e,ASBIE,2,請求者,,,請求者国際アドレス,,1
175,/JC00/JC35_3_JC23/JC35_3_JC2e_01,JC35_3_JC2e_01,BBIE,2,請求者国際アドレス,国際アドレス登録機関コード,Code,,,
176,/JC00/JC35_3_JC23/JC35_3_JC2e_02,JC35_3_JC2e_02,BBIE,2,請求者国際アドレス,請求者国際アドレス,Code,,,
177,/JC00/JC36_4_JC23,JC36_4_JC23,ASBIE,1,ヘッダ,,,請求先,,1
179,/JC00/JC36_4_JC23_01,JC36_4_JC23_01,BBIE,1,請求先,請求先ID,Code,,,
180,/JC00/JC36_4_JC23_02,JC36_4_JC23_02,BBIE,1,請求先,請求先国際企業ID,Code,,,
181,/JC00/JC36_4_JC23_03,JC36_4_JC23_03,BBIE,1,請求先,請求先名称,Code,,,
182,/JC00/JC36_4_JC23/JC36_4_JC1d,JC36_4_JC1d,ASBIE,2,請求先,,,請求先連絡先,,1
184,/JC00/JC36_4_JC23/JC36_4_JC1d_01,JC36_4_JC1d_01,BBIE,2,請求先連絡先,請求先部門ID,Code,,,
185,/JC00/JC36_4_JC23/JC36_4_JC1d_02,JC36_4_JC1d_02,BBIE,2,請求先連絡先,請求先担当名,Code,,,
186,/JC00/JC36_4_JC23/JC36_4_JC1d_03,JC36_4_JC1d_03,BBIE,2,請求先連絡先,請求先部門名,Code,,,
187,/JC00/JC36_4_JC23/JC36_4_JC1d_04,JC36_4_JC1d_04,BBIE,2,請求先連絡先,請求先担当ID,Code,,,
190,/JC00/JC36_4_JC23/JC36_4_JC1d_05,JC36_4_JC1d_05,BBIE,2,請求先連絡先,請求先電話番号,Code,,,
193,/JC00/JC36_4_JC23/JC36_4_JC1d_06,JC36_4_JC1d_06,BBIE,2,請求先連絡先,請求先FAX番号,Code,,,
196,/JC00/JC36_4_JC23/JC36_4_JC1d_07,JC36_4_JC1d_07,BBIE,2,請求先連絡先,請求先メールアドレス,Code,,,
197,/JC00/JC36_4_JC23/JC36_4_JC1a,JC36_4_JC1a,ASBIE,2,請求先,,,請求先住所,,1
199,/JC00/JC36_4_JC23/JC36_4_JC1a_01,JC36_4_JC1a_01,BBIE,2,請求先住所,請求先郵便番号,Code,,,
200,/JC00/JC36_4_JC23/JC36_4_JC1a_02,JC36_4_JC1a_02,BBIE,2,請求先住所,請求先住所1,Code,,,
201,/JC00/JC36_4_JC23/JC36_4_JC1a_03,JC36_4_JC1a_03,BBIE,2,請求先住所,請求先住所2,Code,,,
202,/JC00/JC36_4_JC23/JC36_4_JC1a_04,JC36_4_JC1a_04,BBIE,2,請求先住所,請求先住所3,Code,,,
203,/JC00/JC36_4_JC23/JC36_4_JC1a_05,JC36_4_JC1a_05,BBIE,2,請求先住所,請求先国ID,Code,,,
204,/JC00/JC36_4_JC23/JC36_4_JC2e,JC36_4_JC2e,ASBIE,2,請求先,,,請求先国際アドレス,,1
206,/JC00/JC36_4_JC23/JC36_4_JC2e_01,JC36_4_JC2e_01,BBIE,2,送信者国際アドレス,国際アドレス登録機関コード,Code,,,
207,/JC00/JC36_4_JC23/JC36_4_JC2e_02,JC36_4_JC2e_02,BBIE,2,送信者国際アドレス,請求先国際アドレス,Code,,,
208,/JC00/JC37_5_JC23,JC37_5_JC23,ASBIE,1,ヘッダ,,,支払先,,1
210,/JC00/JC37_5_JC23_01,JC37_5_JC23_01,BBIE,1,支払先,支払先ID,Code,,,
211,/JC00/JC37_5_JC23_06,JC37_5_JC23_06,BBIE,1,支払先,スキーマID,Code,,,
212,/JC00/JC37_5_JC23_02,JC37_5_JC23_02,BBIE,1,支払先,支払先国際企業ID,Code,,,
213,/JC00/JC37_5_JC23_07,JC37_5_JC23_07,BBIE,1,支払先,スキーマID,Code,,,
214,/JC00/JC37_5_JC23_03,JC37_5_JC23_03,BBIE,1,支払先,支払先名称,Code,,,
215,/JC00/JC37_5_JC23/JC37_5_JC1d,JC37_5_JC1d,ASBIE,2,支払先,,,支払先連絡先,,1
217,/JC00/JC37_5_JC23/JC37_5_JC1d_01,JC37_5_JC1d_01,BBIE,2,支払先連絡先,支払先部門ID,Code,,,
218,/JC00/JC37_5_JC23/JC37_5_JC1d_02,JC37_5_JC1d_02,BBIE,2,支払先連絡先,支払先担当名,Code,,,
219,/JC00/JC37_5_JC23/JC37_5_JC1d_03,JC37_5_JC1d_03,BBIE,2,支払先連絡先,支払先部門名,Code,,,
220,/JC00/JC37_5_JC23/JC37_5_JC1d_04,JC37_5_JC1d_04,BBIE,2,支払先連絡先,支払先担当ID,Code,,,
223,/JC00/JC37_5_JC23/JC37_5_JC1d_05,JC37_5_JC1d_05,BBIE,2,支払先連絡先,支払先電話番号,Code,,,
226,/JC00/JC37_5_JC23/JC37_5_JC1d_06,JC37_5_JC1d_06,BBIE,2,支払先連絡先,支払先FAX番号,Code,,,
229,/JC00/JC37_5_JC23/JC37_5_JC1d_07,JC37_5_JC1d_07,BBIE,2,支払先連絡先,支払先メールアドレス,Code,,,
230,/JC00/JC37_5_JC23/JC37_5_JC1a,JC37_5_JC1a,ASBIE,2,支払先,,,支払先住所,,1
232,/JC00/JC37_5_JC23/JC37_5_JC1a_01,JC37_5_JC1a_01,BBIE,2,支払先住所,支払先郵便番号,Code,,,
233,/JC00/JC37_5_JC23/JC37_5_JC1a_02,JC37_5_JC1a_02,BBIE,2,支払先住所,支払先住所1,Code,,,
234,/JC00/JC37_5_JC23/JC37_5_JC1a_03,JC37_5_JC1a_03,BBIE,2,支払先住所,支払先住所2,Code,,,
235,/JC00/JC37_5_JC23/JC37_5_JC1a_04,JC37_5_JC1a_04,BBIE,2,支払先住所,支払先住所3,Code,,,
236,/JC00/JC37_5_JC23/JC37_5_JC1a_05,JC37_5_JC1a_05,BBIE,2,支払先住所,支払先国ID,Code,,,
237,/JC00/JC38_6_JC23,JC38_6_JC23,ASBIE,1,ヘッダ,,,支払人,,1
239,/JC00/JC38_6_JC23_01,JC38_6_JC23_01,BBIE,1,支払人,支払人ID,Code,,,
240,/JC00/JC38_6_JC23_02,JC38_6_JC23_02,BBIE,1,支払人,支払人国際企業ID,Code,,,
241,/JC00/JC38_6_JC23_03,JC38_6_JC23_03,BBIE,1,支払人,支払人名称,Code,,,
242,/JC00/JC38_6_JC23/JC38_6_JC1d,JC38_6_JC1d,ASBIE,2,支払人,,,支払人連絡先,,1
244,/JC00/JC38_6_JC23/JC38_6_JC1d_01,JC38_6_JC1d_01,BBIE,2,支払人連絡先,支払人部門ID,Code,,,
245,/JC00/JC38_6_JC23/JC38_6_JC1d_02,JC38_6_JC1d_02,BBIE,2,支払人連絡先,支払人担当名,Code,,,
246,/JC00/JC38_6_JC23/JC38_6_JC1d_03,JC38_6_JC1d_03,BBIE,2,支払人連絡先,支払人部門名,Code,,,
247,/JC00/JC38_6_JC23/JC38_6_JC1d_04,JC38_6_JC1d_04,BBIE,2,支払人連絡先,支払人担当ID,Code,,,
250,/JC00/JC38_6_JC23/JC38_6_JC1d_05,JC38_6_JC1d_05,BBIE,2,支払人連絡先,支払人電話番号,Code,,,
253,/JC00/JC38_6_JC23/JC38_6_JC1d_06,JC38_6_JC1d_06,BBIE,2,支払人連絡先,支払人FAX番号,Code,,,
256,/JC00/JC38_6_JC23/JC38_6_JC1d_07,JC38_6_JC1d_07,BBIE,2,支払人連絡先,支払人メールアドレス,Code,,,
257,/JC00/JC38_6_JC23/JC38_6_JC1a,JC38_6_JC1a,ASBIE,2,支払人,,,支払人住所,,1
259,/JC00/JC38_6_JC23/JC38_6_JC1a_01,JC38_6_JC1a_01,BBIE,2,支払人住所,支払人郵便番号,Code,,,
260,/JC00/JC38_6_JC23/JC38_6_JC1a_02,JC38_6_JC1a_02,BBIE,2,支払人住所,支払人住所1,Code,,,
261,/JC00/JC38_6_JC23/JC38_6_JC1a_03,JC38_6_JC1a_03,BBIE,2,支払人住所,支払人住所2,Code,,,
262,/JC00/JC38_6_JC23/JC38_6_JC1a_04,JC38_6_JC1a_04,BBIE,2,支払人住所,支払人住所3,Code,,,
263,/JC00/JC38_6_JC23/JC38_6_JC1a_05,JC38_6_JC1a_05,BBIE,2,支払人住所,支払人国ID,Code,,,
264,/JC00/JC39_JC22,JC39_JC22,ASBIE,1,ヘッダ,,,請求時為替,,1
266,/JC00/JC39_JC22_01,JC39_JC22_01,BBIE,1,請求時為替,為替交換元通貨コード,Code,,,
267,/JC00/JC39_JC22_02,JC39_JC22_02,BBIE,1,請求時為替,為替交換先通貨コード,Code,,,
268,/JC00/JC39_JC22_03,JC39_JC22_03,BBIE,1,請求時為替,為替レート,Code,,,
269,/JC00/JC39_JC22_04,JC39_JC22_04,BBIE,1,請求時為替,為替レート日時,Code,,,
270,/JC00/JC3a_JC22,JC3a_JC22,ASBIE,1,ヘッダ,,,支払時為替,,1
272,/JC00/JC3a_JC22_01,JC3a_JC22_01,BBIE,1,支払時為替,為替交換元通貨コード,Code,,,
273,/JC00/JC3a_JC22_02,JC3a_JC22_02,BBIE,1,支払時為替,為替交換先通貨コード,Code,,,
274,/JC00/JC3a_JC22_03,JC3a_JC22_03,BBIE,1,支払時為替,為替レート,Numeric,,,
275,/JC00/JC3a_JC22_04,JC3a_JC22_04,BBIE,1,支払時為替,為替レート日時,Date,,,
276,/JC00/JC3b_JC16,JC3b_JC16,ASBIE,1,ヘッダ,,,支払手段,,n
278,/JC00/JC3b_JC16_04,JC3b_JC16_04,BBIE,1,支払手段,支払指示ID,Code,,,
279,/JC00/JC3b_JC16_01,JC3b_JC16_01,BBIE,1,支払手段,支払手段タイプコード,Code,,,
280,/JC00/JC3b_JC16_02,JC3b_JC16_02,BBIE,1,支払手段,支払手段内容説明,Text,,,
281,/JC00/JC3b_JC16_05,JC3b_JC16_05,BBIE,1,支払手段,送金情報,Text,,,
282,/JC00/JC3b_JC16_06,JC3b_JC16_06,BBIE,1,支払手段,スキーマID,Code,,,
283,/JC00/JC3b_JC16_03,JC3b_JC16_03,BBIE,1,支払手段,支払金額,Amount,,,
284,/JC00/JC3b_JC16/JC17_JC04,JC17_JC04,ASBIE,2,支払手段,,,金融口座,,1
286,/JC00/JC3b_JC16/JC17_JC04_01,JC17_JC04_01,BBIE,2,金融口座,口座名義,Text,,,
287,/JC00/JC3b_JC16/JC17_JC04_02,JC17_JC04_02,BBIE,2,金融口座,口座番号,Identifier,,,
288,/JC00/JC3b_JC16/JC17_JC04_04,JC17_JC04_04,BBIE,2,金融口座,スキーマID,Code,,,
289,/JC00/JC3b_JC16/JC17_JC04_03,JC17_JC04_03,BBIE,2,金融口座,口座種別コード,Code,,,
290,/JC00/JC3b_JC16/JC18_JC05,JC18_JC05,ASBIE,2,支払手段,,,金融機関,,1
292,/JC00/JC3b_JC16/JC18_JC05_01,JC18_JC05_01,BBIE,2,金融機関,金融機関名,Code,,,
293,/JC00/JC3b_JC16/JC18_JC05_02,JC18_JC05_02,BBIE,2,金融機関,金融機関番号,Code,,,
296,/JC00/JC3b_JC16/JC18_JC05_03,JC18_JC05_03,BBIE,2,金融機関,金融機関支店番号,Code,,,
297,/JC00/JC3b_JC16/JC18_JC05_04,JC18_JC05_04,BBIE,2,金融機関,金融機関支店名,Code,,,
298,/JC00/JC3b_JC16/JC60_JC03,JC60_JC03,ASBIE,2,支払手段,,,クレジットカード,,1
300,/JC00/JC3b_JC16/JC60_JC03_01,JC60_JC03_01,BBIE,2,クレジットカード,金融カード番号,Code,,,
301,/JC00/JC3b_JC16/JC60_JC03_02,JC60_JC03_02,BBIE,2,クレジットカード,金融カードタイプ,Code,,,
302,/JC00/JC3b_JC16/JC60_JC03_03,JC60_JC03_03,BBIE,2,クレジットカード,金融カード名義人名,Code,,,
303,/JC00/JC3b_JC16/JC60_JC03_04,JC60_JC03_04,BBIE,2,クレジットカード,金融カード発行企業名,Code,,,
304,/JC00/JC3c_JC2d,JC3c_JC2d,ASBIE,1,ヘッダ,,,ヘッダ税,,n
306,/JC00/JC3c_JC2d_01,JC3c_JC2d_01,BBIE,1,ヘッダ税,課税分類税額,Code,,,
307,/JC00/JC3c_JC2d_02,JC3c_JC2d_02,BBIE,1,ヘッダ税,課税分類コード,Code,,,
308,/JC00/JC3c_JC2d_03,JC3c_JC2d_03,BBIE,1,ヘッダ税,課税分類名,Code,,,
309,/JC00/JC3c_JC2d_04,JC3c_JC2d_04,BBIE,1,ヘッダ税,税率,Code,,,
310,/JC00/JC3c_JC2d_05,JC3c_JC2d_05,BBIE,1,ヘッダ税,税計算方式,Code,,,
311,/JC00/JC3c_JC2d_06,JC3c_JC2d_06,BBIE,1,ヘッダ税,適用税制ID,Code,,,
312,/JC00/JC3d_JC14,JC3d_JC14,ASBIE,1,ヘッダ,,,ヘッダ取引期間,,1
314,/JC00/JC3d_JC14_01,JC3d_JC14_01,BBIE,1,ヘッダ取引期間,ヘッダ取引開始日,Code,,,
315,/JC00/JC3d_JC14_02,JC3d_JC14_02,BBIE,1,ヘッダ取引期間,ヘッダ取引終了日,Code,,,
316,/JC00/JC3e_JC27,JC3e_JC27,ASBIE,1,ヘッダ,,,支払条件,,n
318,/JC00/JC3e_JC27_01,JC3e_JC27_01,BBIE,1,支払条件,支払条件ID,Code,,,
319,/JC00/JC3e_JC27_02,JC3e_JC27_02,BBIE,1,支払条件,支払条件説明,Code,,,
320,/JC00/JC3e_JC27_03,JC3e_JC27_03,BBIE,1,支払条件,支払期日,Code,,,
321,/JC00/JC3e_JC27_06,JC3e_JC27_06,BBIE,1,支払条件,マンデーション参照ID,Code,,,
322,/JC00/JC3e_JC27_07,JC3e_JC27_07,BBIE,1,支払条件,自動引落口座ID,Code,,,
323,/JC00/JC3e_JC27_04,JC3e_JC27_04,BBIE,1,支払条件,支払条件タイプコード,Code,,,
324,/JC00/JC3e_JC27_05,JC3e_JC27_05,BBIE,1,支払条件,支払条件金額,Code,,,
325,/JC00/JC3f_JC45,JC3f_JC45,ASBIE,1,ヘッダ,,,文書合計金額,,1
327,/JC00/JC3f_JC45_01,JC3f_JC45_01,BBIE,1,文書合計金額,総合計金額（税抜き）,Code,,,
328,/JC00/JC3f_JC45_02,JC3f_JC45_02,BBIE,1,文書合計金額,総合計税額,Code,,,
329,/JC00/JC3f_JC45_03,JC3f_JC45_03,BBIE,1,文書合計金額,総合計金額（税込み）,Code,,,
330,/JC00/JC3f_JC45_04,JC3f_JC45_04,BBIE,1,文書合計金額,前払合計金額,Code,,,
331,/JC00/JC3f_JC45_05,JC3f_JC45_05,BBIE,1,文書合計金額,支払責務金額総合計,Code,,,
332,/JC00/JC3f_JC45_06,JC3f_JC45_06,BBIE,1,文書合計金額,譲渡資産合計金額(税抜き),Code,,,
333,/JC00/JC3f_JC45_07,JC3f_JC45_07,BBIE,1,文書合計金額,譲渡資産合計金額(税込み),Code,,,
334,/JC00/JC40_JC0f,JC40_JC0f,ASBIE,1,ヘッダ,,,調整金額,,n
336,/JC00/JC40_JC0f_01,JC40_JC0f_01,BBIE,1,調整金額,調整理由コード,Code,,,
337,/JC00/JC40_JC0f_02,JC40_JC0f_02,BBIE,1,調整金額,調整理由,Code,,,
338,/JC00/JC40_JC0f_03,JC40_JC0f_03,BBIE,1,調整金額,調整金額,Code,,,
339,/JC00/JC40_JC0f_04,JC40_JC0f_04,BBIE,1,調整金額,調整取引方向コード,Code,,,
340,/JC00/JC40_JC0f/JC6f_JC13,JC6f_JC13,ASBIE,2,調整金額,,,調整参照文書,,1
342,/JC00/JC40_JC0f/JC6f_JC13_01,JC6f_JC13_01,BBIE,2,調整参照文書,インボイス調整参照文書ID,Code,,,
343,/JC00/JC40_JC0f/JC6f_JC13_02,JC6f_JC13_02,BBIE,2,調整参照文書,インボイス調整参照文書発行日,Code,,,
344,/JC00/JC40_JC0f/JC6f_JC13_03,JC6f_JC13_03,BBIE,2,調整参照文書,インボイス調整参照文書参照タイプコード,Code,,,
345,/JC00/JC40_JC0f/JC6f_JC13_04,JC6f_JC13_04,BBIE,2,調整参照文書,インボイス参照文書履歴ID,Code,,,
346,/JC00/JC40_JC0f/JC6f_JC13_05,JC6f_JC13_05,BBIE,2,調整参照文書,インボイス調整参照文書タイプコード,Code,,,
347,/JC00/JC40_JC0f/JC6f_JC13_06,JC6f_JC13_06,BBIE,2,調整参照文書,インボイス調整参照文書サブタイプコード,Code,,,
348,/JC00/JC40_JC0f/JC78_7_JC2d,JC78_7_JC2d,ASBIE,2,調整金額,,,調整税,,n
350,/JC00/JC40_JC0f/JC78_7_JC2d_01,JC78_7_JC2d_01,BBIE,2,調整税,調整税額,Code,,,
351,/JC00/JC40_JC0f/JC78_7_JC2d_02,JC78_7_JC2d_02,BBIE,2,調整税,調整税率,Code,,,
352,/JC00/JC40_JC0f/JC78_7_JC2d_03,JC78_7_JC2d_03,BBIE,2,調整税,調整課税分類コード,Code,,,
353,/JC00/JP00_JC7e,JP00_JC7e,ASBIE,1,ヘッダ,,,ヘッダ前払,,n
355,/JC00/JP00_JC7e_01,JP00_JC7e_01,BBIE,1,ヘッダ前払,前払金額,Amount,,,
356,/JC00/JP00_JC7e_02,JP00_JC7e_02,BBIE,1,ヘッダ前払,前払受領日,Date,,,
357,/JC00/JP00_JC7e_03,JP00_JC7e_03,BBIE,1,ヘッダ前払,前払ID,Identifier,,,
360,/JC00/JP00_JC7e_04,JP00_JC7e_04,BBIE,1,ヘッダ前払,前払条件タイプコード,Code,,,
361,/JC00/JC7a_JC45,JC7a_JC45,ASBIE,1,ヘッダ,,,消費税外合計金額,,1
363,/JC00/JC7a_JC45_01,JC7a_JC45_01,BBIE,1,消費税外合計金額,追加請求合計金額（消費税対象外）,Amount,,,
364,/JC00/JC7a_JC45_02,JC7a_JC45_02,BBIE,1,消費税外合計金額,返金合計金額（消費税対象外）,Amount,,,
365,/JC00/JC7a_JC45_03,JC7a_JC45_03,BBIE,1,消費税外合計金額,前回総合計金額（税込み）,Amount,,,
366,/JC00/JC7a_JC45_04,JC7a_JC45_04,BBIE,1,消費税外合計金額,入金済金額（前回分）,Amount,,,
367,/JC00/JC7a_JC45_05,JC7a_JC45_05,BBIE,1,消費税外合計金額,消費税外総合計金額,Amount,,,
368,/JC00/JC7a_JC45/JC7b_JC13,JC7b_JC13,ASBIE,2,消費税外合計金額,,,消費税外合計金額参照文書,,n
370,/JC00/JC7a_JC45/JC7b_JC13_01,JC7b_JC13_01,BBIE,2,消費税外合計金額参照文書,消費税外参照文書ID,Code,,,
371,/JC00/JC7a_JC45/JC7b_JC13_02,JC7b_JC13_02,BBIE,2,消費税外合計金額参照文書,消費税外参照文書発行日,Date,,,
372,/JC00/JC7a_JC45/JC7b_JC13_03,JC7b_JC13_03,BBIE,2,消費税外合計金額参照文書,消費税外参照文書参照タイプコード,Code,,,
373,/JC00/JC7a_JC45/JC7b_JC13_04,JC7b_JC13_04,BBIE,2,消費税外合計金額参照文書,消費税外参照文書履歴ID,Code,,,
374,/JC00/JC7a_JC45/JC7b_JC13_05,JC7b_JC13_05,BBIE,2,消費税外合計金額参照文書,消費税外参照文書情報,Code,,,
375,/JC00/JC7a_JC45/JC7b_JC13_06,JC7b_JC13_06,BBIE,2,消費税外合計金額参照文書,消費税外参照文書タイプコード,Code,,,
376,/JC00/JC7a_JC45/JC7b_JC13_07,JC7b_JC13_07,BBIE,2,消費税外合計金額参照文書,消費税外参照文書添付ファイル,Code,,,
377,/JC00/JC7a_JC45/JC7b_JC13_08,JC7b_JC13_08,BBIE,2,消費税外合計金額参照文書,消費税外参照文書サブタイプコード,Code,,,
378,/JC00/JC44_JC4f,JC44_JC4f,ASBIE,1,ヘッダ,,,文書,,n
382,/JC00/JC44_JC4f_01,JC44_JC4f_01,BBIE,1,文書,文書ID,Code,,,
383,/JC00/JC44_JC4f_02,JC44_JC4f_02,BBIE,1,文書,文書類型コード,Code,,,
384,/JC00/JC44_JC4f/JC47_JC10,JC47_JC10,ASBIE,2,文書,,,文書レベル注釈,,n
386,/JC00/JC44_JC4f/JC47_JC10_01,JC47_JC10_01,BBIE,2,文書レベル注釈,文書レベル注釈表題,Code,,,
387,/JC00/JC44_JC4f/JC47_JC10_02,JC47_JC10_02,BBIE,2,文書レベル注釈,文書レベル注釈内容,Code,,,
388,/JC00/JC44_JC4f/JC47_JC10_03,JC47_JC10_03,BBIE,2,文書レベル注釈,文書レベル注釈ID,Code,,,
389,/JC00/JC44_JC4f/JC77_JC13,JC77_JC13,ASBIE,2,#N/A,,,0,,#N/A
391,/JC00/JC44_JC4f/JC47_JC10_04,JC77_JC13_04,BBIE,2,文書レベル注釈,文書ID,Code,,,
392,/JC00/JC44_JC4f/JC47_JC10_05,JC77_JC13_05,BBIE,2,文書レベル注釈,文書発行日,Code,,,
393,/JC00/JC44_JC4f/JC47_JC10_06,JC77_JC13_06,BBIE,2,文書レベル注釈,文書履歴ID,Code,,,
394,/JC00/JC44_JC4f/JC47_JC10_07,JC77_JC13_07,BBIE,2,文書レベル注釈,文書タイプコード,Code,,,
395,/JC00/JC44_JC4f/JC47_JC10_08,JC77_JC13_08,BBIE,2,文書レベル注釈,文書サブタイプコード,Code,,,
398,/JC00/JC44_JC4f/JC49_JC13,JC49_JC13,ASBIE,2,文書,,,文書レベル受注書,,1
400,/JC00/JC44_JC4f/JC49_JC13_01,JC49_JC13_01,BBIE,2,文書レベル受注書,受注書ID,Code,,,
401,/JC00/JC44_JC4f/JC49_JC13_02,JC49_JC13_02,BBIE,2,文書レベル受注書,受注書履歴ID,Code,,,
402,/JC00/JC44_JC4f/JC4a_JC13,JC4a_JC13,ASBIE,2,文書,,,文書レベル注文書,,1
404,/JC00/JC44_JC4f/JC4a_JC13_01,JC4a_JC13_01,BBIE,2,文書レベル注文書,注文書ID,Code,,,
405,/JC00/JC44_JC4f/JC4a_JC13_02,JC4a_JC13_02,BBIE,2,文書レベル注文書,注文書履歴ID,Code,,,
406,/JC00/JC44_JC4f/JC4b_JC13,JC4b_JC13,ASBIE,2,文書,,,文書レベル契約書,,1
408,/JC00/JC44_JC4f/JC4b_JC13_01,JC4b_JC13_01,BBIE,2,文書レベル契約書,契約文書ID,Code,,,
409,/JC00/JC44_JC4f/JC4b_JC13_02,JC4b_JC13_02,BBIE,2,文書レベル契約書,契約書履歴ID,Code,,,
412,/JC00/JC44_JC4f/JC4d_JC23,JC4d_JC23,ASBIE,2,文書,,,文書レベル納入先,,1
414,/JC00/JC44_JC4f/JC4d_JC23_01,JC4d_JC23_01,BBIE,2,文書レベル納入先,納入先ID,Code,,,
415,/JC00/JC44_JC4f/JC4d_JC23_10,JC4d_JC23_10,BBIE,2,文書レベル納入先,スキーマID,Code,,,
416,/JC00/JC44_JC4f/JC4d_JC23_02,JC4d_JC23_02,BBIE,2,文書レベル納入先,納入先国際企業ID,Code,,,
417,/JC00/JC44_JC4f/JC4d_JC23_03,JC4d_JC23_03,BBIE,2,文書レベル納入先,納入先名称,Code,,,
420,/JC00/JC44_JC4f/JC4d_JC23_04,JC4d_JC23_04,BBIE,2,文書レベル納入先,納入先郵便番号,Code,,,
421,/JC00/JC44_JC4f/JC4d_JC23_05,JC4d_JC23_05,BBIE,2,文書レベル納入先,納入先住所1,Code,,,
422,/JC00/JC44_JC4f/JC4d_JC23_06,JC4d_JC23_06,BBIE,2,文書レベル納入先,納入先住所2,Code,,,
423,/JC00/JC44_JC4f/JC4d_JC23_07,JC4d_JC23_07,BBIE,2,文書レベル納入先,納入先住所3,Code,,,
424,/JC00/JC44_JC4f/JC4d_JC23_08,JC4d_JC23_08,BBIE,2,文書レベル納入先,納入先国ID,Code,,,
427,/JC00/JC44_JC4f/JC4d_JC23_09,JC4d_JC23_09,BBIE,2,文書,配送日,Code,,,
428,/JC00/JC44_JC4f/JC5e_JC13,JC5e_JC13,ASBIE,2,文書,,,文書レベル出荷案内書,,n
430,/JC00/JC44_JC4f/JC5e_JC13_01,JC5e_JC13_01,BBIE,2,文書レベル出荷案内書,出荷案内書ID,Code,,,
431,/JC00/JC44_JC4f/JC5e_JC13_02,JC5e_JC13_02,BBIE,2,文書レベル出荷案内書,出荷案内書履歴ID,Code,,,
432,/JC00/JC44_JC4f/JC5e_JC13_03,JC5e_JC13_03,BBIE,2,文書レベル出荷案内書,文書タイプコード,Code,,,
433,/JC00/JC44_JC4f/JC5e_JC13_04,JC5e_JC13_04,BBIE,2,文書レベル出荷案内書,出荷案内書類型コード,Code,,,
434,/JC00/JC44_JC4f/JC5e_JC13_05,JC5e_JC13_05,BBIE,2,文書レベル出荷案内書,文書サブタイプコード,Code,,,
435,/JC00/JC44_JC4f/JC5f_JC13,JC5f_JC13,ASBIE,2,文書,,,文書レベル出荷回答書,,n
437,/JC00/JC44_JC4f/JC5f_JC13_01,JC5f_JC13_01,BBIE,2,文書レベル出荷回答書,出荷回答書ID,Code,,,
438,/JC00/JC44_JC4f/JC5f_JC13_02,JC5f_JC13_02,BBIE,2,文書レベル出荷回答書,出荷回答書履歴ID,Code,,,
439,/JC00/JC44_JC4f/JC5f_JC13_03,JC5f_JC13_03,BBIE,2,文書レベル出荷回答書,文書タイプコード,Code,,,
440,/JC00/JC44_JC4f/JC5f_JC13_04,JC5f_JC13_04,BBIE,2,文書レベル出荷回答書,文書サブタイプコード,Code,,,
443,/JC00/JC44_JC4f/JC5f_JC13_05,JC5f_JC13_05,BBIE,2,文書,文書レベル取引方向コード,Code,,,
444,/JC00/JC44_JC4f/JC57_8_JC1b,JC57_8_JC1b,ASBIE,2,文書,,,文書レベル返金,,n
446,/JC00/JC44_JC4f/JC57_8_JC1b_01,JC57_8_JC1b_01,BBIE,2,文書レベル返金,文書レベル追加請求判別子,Indicator,,,
447,/JC00/JC44_JC4f/JC57_8_JC1b_02,JC57_8_JC1b_02,BBIE,2,文書レベル返金,文書レベル返金計算率,Percentage,,,
448,/JC00/JC44_JC4f/JC57_8_JC1b_03,JC57_8_JC1b_03,BBIE,2,文書レベル返金,文書レベル返金金額,Amount,,,
449,/JC00/JC44_JC4f/JC57_8_JC1b_04,JC57_8_JC1b_04,BBIE,2,文書レベル返金,文書レベル返金理由コード,Code,,,
450,/JC00/JC44_JC4f/JC57_8_JC1b_05,JC57_8_JC1b_05,BBIE,2,文書レベル返金,文書レベル返金理由,Text,,,
451,/JC00/JC44_JC4f/JC57_8_JC1b_06,JC57_8_JC1b_06,BBIE,2,文書レベル返金,文書レベル返金計算根拠金額,Amount,,,
452,/JC00/JC44_JC4f/JC57_8_JC1b/JC57_8_JC2d,JC57_8_JC2d,ASBIE,3,文書レベル返金,,,文書レベル返金税,,n
454,/JC00/JC44_JC4f/JC57_8_JC1b/JC57_8_JC2d_01,JC57_8_JC2d_01,BBIE,3,文書レベル返金税,文書レベル返金課税分類コード,Code,,,
455,/JC00/JC44_JC4f/JC57_8_JC1b/JC57_8_JC2d_02,JC57_8_JC2d_02,BBIE,3,文書レベル返金税,文書レベル返金税率,Percentage,,,
456,/JC00/JC44_JC4f/JC57_9_JC1b,JC57_9_JC1b,ASBIE,2,文書,,,文書レベル追加請求,,n
458,/JC00/JC44_JC4f/JC57_9_JC1b_01,JC57_9_JC1b_01,BBIE,2,文書レベル追加請求,文書レベル追加請求判別子,Indicator,,,
459,/JC00/JC44_JC4f/JC57_9_JC1b_02,JC57_9_JC1b_02,BBIE,2,文書レベル追加請求,文書レベル追加請求計算率,Percentage,,,
460,/JC00/JC44_JC4f/JC57_9_JC1b_03,JC57_9_JC1b_03,BBIE,2,文書レベル追加請求,文書レベル追加請求金額,Amount,,,
461,/JC00/JC44_JC4f/JC57_9_JC1b_04,JC57_9_JC1b_04,BBIE,2,文書レベル追加請求,文書レベル追加請求理由コード,Code,,,
462,/JC00/JC44_JC4f/JC57_9_JC1b_05,JC57_9_JC1b_05,BBIE,2,文書レベル追加請求,文書レベル追加請求理由,Text,,,
463,/JC00/JC44_JC4f/JC57_9_JC1b_06,JC57_9_JC1b_06,BBIE,2,文書レベル追加請求,文書レベル追加請求計算根拠金額,Amount,,,
464,/JC00/JC44_JC4f/JC57_9_JC1b/JC57_9_JC2d,JC57_9_JC2d,ASBIE,3,文書レベル追加請求,,,文書レベル追加請求税,,n
466,/JC00/JC44_JC4f/JC57_9_JC1b/JC57_9_JC2d_01,JC57_9_JC2d_01,BBIE,3,文書レベル追加請求税,文書レベル追加請求課税分類コード,Code,,,
467,/JC00/JC44_JC4f/JC57_9_JC1b/JC57_9_JC2d_02,JC57_9_JC2d_02,BBIE,3,文書レベル追加請求税,文書レベル追加請求税率,Percentage,,,
468,/JC00/JC44_JC4f/JC55_a_JC2d,JC55_a_JC2d,ASBIE,2,文書,,,文書レベル税,,n
470,/JC00/JC44_JC4f/JC55_a_JC2d_01,JC55_a_JC2d_01,BBIE,2,文書レベル税,文書レベル課税分類税額,Amount,,,
471,/JC00/JC44_JC4f/JC55_a_JC2d_02,JC55_a_JC2d_02,BBIE,2,文書レベル税,文書レベル税タイプコード,Code,,,
472,/JC00/JC44_JC4f/JC55_a_JC2d_03,JC55_a_JC2d_03,BBIE,2,文書レベル税,文書レベル課税分類譲渡資産合計金額（税抜き）,Amount,,,
473,/JC00/JC44_JC4f/JC55_a_JC2d_04,JC55_a_JC2d_04,BBIE,2,文書レベル税,文書レベル課税分類コード,Code,,,
474,/JC00/JC44_JC4f/JC55_a_JC2d_05,JC55_a_JC2d_05,BBIE,2,文書レベル税,文書レベル課税分類税通貨コード,Code,,,
475,/JC00/JC44_JC4f/JC55_a_JC2d_06,JC55_a_JC2d_06,BBIE,2,文書レベル税,文書レベル課税分類名,Text,,,
476,/JC00/JC44_JC4f/JC55_a_JC2d_07,JC55_a_JC2d_07,BBIE,2,文書レベル税,文書レベル税率,Percentage,,,
477,/JC00/JC44_JC4f/JC55_a_JC2d_08,JC55_a_JC2d_08,BBIE,2,文書レベル税,文書レベル課税分類譲渡資産合計金額(税込み),Amount,,,
478,/JC00/JC44_JC4f/JC55_a_JC2d_09,JC55_a_JC2d_09,BBIE,2,文書レベル税,文書レベル税計算方式,Code,,,
479,/JC00/JC44_JC4f/JC55_a_JC2d_10,JC55_a_JC2d_10,BBIE,2,文書レベル税,文書レベル適用税制ID,Code,,,
480,/JC00/JC44_JC4f/JC55_b_JC2d,JC55_b_JC2d,ASBIE,2,文書,,,文書レベル会計通貨税,,n
482,/JC00/JC44_JC4f/JC55_b_JC2d_01,JC55_b_JC2d_01,BBIE,2,文書レベル会計通貨税,文書レベル会計通貨課税分類税額,Amount,,,
483,/JC00/JC44_JC4f/JC55_b_JC2d_02,JC55_b_JC2d_02,BBIE,2,文書レベル会計通貨税,文書レベル会計通貨課税分類譲渡資産合計金額（税抜き）,Amount,,,
484,/JC00/JC44_JC4f/JC55_b_JC2d_03,JC55_b_JC2d_03,BBIE,2,文書レベル会計通貨税,文書レベル会計通貨課税分類コード,Code,,,
485,/JC00/JC44_JC4f/JC55_b_JC2d_04,JC55_b_JC2d_04,BBIE,2,文書レベル会計通貨税,文書レベル会計通貨課税分類税通貨コード,Code,,,
486,/JC00/JC44_JC4f/JC55_b_JC2d_05,JC55_b_JC2d_05,BBIE,2,文書レベル会計通貨税,文書レベル会計通貨税率,Code,,,
487,/JC00/JC44_JC4f/JC55_b_JC2d_06,JC55_b_JC2d_06,BBIE,2,文書レベル会計通貨税,文書レベル適用税制ID,Code,,,
488,/JC00/JC44_JC4f/JC56_JC14,JC56_JC14,ASBIE,2,文書,,,文書レベル取引期間,,1
490,/JC00/JC44_JC4f/JC56_JC14_01,JC56_JC14_01,BBIE,2,文書レベル取引期間,文書レベル取引開始日,Code,,,
491,/JC00/JC44_JC4f/JC56_JC14_02,JC56_JC14_02,BBIE,2,文書レベル取引期間,文書レベル取引終了日,Code,,,
492,/JC00/JC44_JC4f/JC58_c_JC5c,JC58_c_JC5c,ASBIE,2,文書,,,文書レベル合計金額,,1
494,/JC00/JC44_JC4f/JC58_c_JC5c_01,JC58_c_JC5c_01,BBIE,2,文書レベル合計金額,文書レベル追加請求合計金額,Code,,,
495,/JC00/JC44_JC4f/JC58_c_JC5c_02,JC58_c_JC5c_02,BBIE,2,文書レベル合計金額,文書レベル返金合計金額,Code,,,
496,/JC00/JC44_JC4f/JC58_c_JC5c_03,JC58_c_JC5c_03,BBIE,2,文書レベル合計金額,文書レベル合計税額,Code,,,
497,/JC00/JC44_JC4f/JC58_c_JC5c_04,JC58_c_JC5c_04,BBIE,2,文書レベル合計金額,文書レベルグロス合計金額（税抜き）,Code,,,
498,/JC00/JC44_JC4f/JC58_c_JC5c_05,JC58_c_JC5c_05,BBIE,2,文書レベル合計金額,文書レベル譲渡資産合計金額(税抜き),Code,,,
499,/JC00/JC44_JC4f/JC58_c_JC5c_06,JC58_c_JC5c_06,BBIE,2,文書レベル合計金額,文書レベル譲渡資産合計金額(税込み),Code,,,
500,/JC00/JC44_JC4f/JC58_c_JC5c_07,JC58_c_JC5c_07,BBIE,2,文書レベル合計金額,文書レベル総合計金額（税込み）,Code,,,
501,/JC00/JC44_JC4f/JC58_b_JC5c,JC58_b_JC5c,ASBIE,2,文書,,,文書レベル会計通貨合計金額,,1
503,/JC00/JC44_JC4f/JC58_b_JC5c_01,JC58_b_JC5c_01,BBIE,2,文書レベル会計通貨合計金額,文書レベル会計通貨合計税額,Code,,,
504,/JC00/JC44_JC4f/JC59_JC0f,JC59_JC0f,ASBIE,2,文書,,,文書レベル調整,,n
506,/JC00/JC44_JC4f/JC59_JC0f_01,JC59_JC0f_01,BBIE,2,文書レベル調整,文書レベル調整理由コード,Code,,,
507,/JC00/JC44_JC4f/JC59_JC0f_02,JC59_JC0f_02,BBIE,2,文書レベル調整,文書レベル調整理由,Code,,,
508,/JC00/JC44_JC4f/JC59_JC0f_03,JC59_JC0f_03,BBIE,2,文書レベル調整,文書レベル調整金額,Code,,,
509,/JC00/JC44_JC4f/JC59_JC0f_04,JC59_JC0f_04,BBIE,2,文書レベル調整,文書レベル調整取引方向コード,Code,,,
510,/JC00/JC44_JC4f/JC59_JC0f/JC78_c_JC2d,JC78_c_JC2d,ASBIE,3,文書レベル調整,,,文書レベル調整調整税,,n
512,/JC00/JC44_JC4f/JC59_JC0f/JC78_c_JC2d_01,JC78_c_JC2d_01,BBIE,3,文書レベル調整調整税,文書レベル調整税額,Code,,,
513,/JC00/JC44_JC4f/JC59_JC0f/JC78_c_JC2d_02,JC78_c_JC2d_02,BBIE,3,文書レベル調整調整税,文書レベル調整課税分類コード,Code,,,
514,/JC00/JC44_JC4f/JC59_JC0f/JC78_c_JC2d_03,JC78_c_JC2d_03,BBIE,3,文書レベル調整調整税,文書レベル調整税率,Code,,,
515,/JC00/JC44_JC4f/JC5a_JC13,JC5a_JC13,ASBIE,2,文書,,,文書レベル対象物,,n
517,/JC00/JC44_JC4f/JC5a_JC13_01,JC5a_JC13_01,BBIE,2,文書レベル対象物,対象物ID,Code,,,
518,/JC00/JC44_JC4f/JC5a_JC13_02,JC5a_JC13_02,BBIE,2,文書レベル対象物,対象物発行日,Code,,,
519,/JC00/JC44_JC4f/JC5a_JC13_03,JC5a_JC13_03,BBIE,2,文書レベル対象物,文書参照タイプコード,Code,,,
520,/JC00/JC44_JC4f/JC5a_JC13_04,JC5a_JC13_04,BBIE,2,文書レベル対象物,対象物履歴ID,Code,,,
521,/JC00/JC44_JC4f/JC5a_JC13_05,JC5a_JC13_05,BBIE,2,文書レベル対象物,文書タイプコード,Code,,,
522,/JC00/JC44_JC4f/JC5a_JC13_06,JC5a_JC13_06,BBIE,2,文書レベル対象物,文書サブタイプコード,Code,,,
523,/JC00/JC44_JC4f/JC5b_d_JC13,JC5b_d_JC13,ASBIE,2,文書,,,文書レベル入札書,,1
525,/JC00/JC44_JC4f/JC5b_d_JC13_01,JC5b_d_JC13_01,BBIE,2,文書レベル入札書,入札書ID,Code,,,
526,/JC00/JC44_JC4f/JC5b_d_JC13_02,JC5b_d_JC13_02,BBIE,2,文書レベル入札書,入札書発行日,Code,,,
527,/JC00/JC44_JC4f/JC5b_d_JC13_03,JC5b_d_JC13_03,BBIE,2,文書レベル入札書,文書参照タイプコード,Code,,,
528,/JC00/JC44_JC4f/JC5b_d_JC13_04,JC5b_d_JC13_04,BBIE,2,文書レベル入札書,入札書履歴ID,Code,,,
529,/JC00/JC44_JC4f/JC5b_d_JC13_05,JC5b_d_JC13_05,BBIE,2,文書レベル入札書,入札書説明,Code,,,
530,/JC00/JC44_JC4f/JC5b_d_JC13_06,JC5b_d_JC13_06,BBIE,2,文書レベル入札書,文書タイプコード,Code,,,
531,/JC00/JC44_JC4f/JC5b_d_JC13_07,JC5b_d_JC13_07,BBIE,2,文書レベル入札書,文書添付ファイル,Code,,,
532,/JC00/JC44_JC4f/JC5b_d_JC13_08,JC5b_d_JC13_08,BBIE,2,文書レベル入札書,（文書ヘッ参照）文書サブタイプコード,Code,,,
533,/JC00/JC44_JC4f/JC5b_a_JC13,JC5b_a_JC13,ASBIE,2,文書,,,文書レベル前回インボイス文書,,n
535,/JC00/JC44_JC4f/JC5b_a_JC13_01,JC5b_a_JC13_01,BBIE,2,文書レベル前回インボイス文書,前回インボイス文書ID,Code,,,
536,/JC00/JC44_JC4f/JC5b_a_JC13_02,JC5b_a_JC13_02,BBIE,2,文書レベル前回インボイス文書,前回インボイス文書発行日,Code,,,
537,/JC00/JC44_JC4f/JC5b_a_JC13_03,JC5b_a_JC13_03,BBIE,2,文書レベル前回インボイス文書,インボイス文書参照タイプコード,Code,,,
538,/JC00/JC44_JC4f/JC5b_a_JC13_04,JC5b_a_JC13_04,BBIE,2,文書レベル前回インボイス文書,前回インボイス文書履歴ID,Code,,,
539,/JC00/JC44_JC4f/JC5b_a_JC13_05,JC5b_a_JC13_05,BBIE,2,文書レベル前回インボイス文書,前回インボイス文書説明,Code,,,
540,/JC00/JC44_JC4f/JC5b_a_JC13_06,JC5b_a_JC13_06,BBIE,2,文書レベル前回インボイス文書,文書タイプコード,Code,,,
541,/JC00/JC44_JC4f/JC5b_a_JC13_07,JC5b_a_JC13_07,BBIE,2,文書レベル前回インボイス文書,文書添付ファイル,Code,,,
542,/JC00/JC44_JC4f/JC5b_a_JC13_08,JC5b_a_JC13_08,BBIE,2,文書レベル前回インボイス文書,文書サブタイプコード,Code,,,
543,/JC00/JC44_JC4f/JC61_JC19,JC61_JC19,ASBIE,2,文書,,,文書レベル購買会計アカウント,,1
545,/JC00/JC44_JC4f/JC61_JC19_01,JC61_JC19_01,BBIE,2,文書レベル購買会計アカウント,購買会計アカウントタイプコード,Code,,,
546,/JC00/JC44_JC4f/JC61_JC19_02,JC61_JC19_02,BBIE,2,文書レベル購買会計アカウント,購買会計アカウント名,Code,,,
547,/JC00/JC44_JC4f/JC6e_JC62,JC6e_JC62,ASBIE,2,文書,,,明細行,,n
549,/JC00/JC44_JC4f/JC6e_JC62_01,JC6e_JC62_01,BBIE,2,明細行,明細行ID,Code,,,
550,/JC00/JC44_JC4f/JC6e_JC62_02,JC6e_JC62_02,BBIE,2,明細行,明細行類型コード,Code,,,
551,/JC00/JC44_JC4f/JC6e_JC62/JC7c_JC10,JC7c_JC10,ASBIE,3,明細行,,,明細行注釈,,n
553,/JC00/JC44_JC4f/JC6e_JC62/JC7c_JC10_01,JC7c_JC10_01,BBIE,3,明細行注釈,明細行注釈表題,Code,,,
554,/JC00/JC44_JC4f/JC6e_JC62/JC7c_JC10_02,JC7c_JC10_02,BBIE,3,明細行注釈,明細行注釈内容,Code,,,
555,/JC00/JC44_JC4f/JC6e_JC62/JC7c_JC10_03,JC7c_JC10_03,BBIE,3,明細行注釈,明細行注釈ID,Code,,,
558,/JC00/JC44_JC4f/JC6e_JC62/JC67_JC13,JC67_JC13,ASBIE,3,明細行,,,明細行受注書,,1
560,/JC00/JC44_JC4f/JC6e_JC62/JC67_JC13_01,JC67_JC13_01,BBIE,3,明細行受注書,明細行受注書ID,Code,,,
561,/JC00/JC44_JC4f/JC6e_JC62/JC67_JC13_02,JC67_JC13_02,BBIE,3,明細行受注書,明細行受注書明細行ID,Code,,,
562,/JC00/JC44_JC4f/JC6e_JC62/JC67_JC13_03,JC67_JC13_03,BBIE,3,明細行受注書,明細行受注書履歴ID,Code,,,
563,/JC00/JC44_JC4f/JC6e_JC62/JC68_JC13,JC68_JC13,ASBIE,3,明細行,,,明細行注文書,,1
565,/JC00/JC44_JC4f/JC6e_JC62/JC68_JC13_01,JC68_JC13_01,BBIE,3,明細行注文書,明細行注文書ID,Code,,,
566,/JC00/JC44_JC4f/JC6e_JC62/JC68_JC13_02,JC68_JC13_02,BBIE,3,明細行注文書,明細行注文書明細行ID,Code,,,
567,/JC00/JC44_JC4f/JC6e_JC62/JC68_JC13_03,JC68_JC13_03,BBIE,3,明細行注文書,明細行注文書履歴ID,Code,,,
568,/JC00/JC44_JC4f/JC6e_JC62/JC69_e_JC13,JC69_e_JC13,ASBIE,3,明細行,,,明細行出荷案内書,,1
570,/JC00/JC44_JC4f/JC6e_JC62/JC69_e_JC13_01,JC69_e_JC13_01,BBIE,3,明細行出荷案内書,明細行出荷案内書ID,Code,,,
571,/JC00/JC44_JC4f/JC6e_JC62/JC69_e_JC13_02,JC69_e_JC13_02,BBIE,3,明細行出荷案内書,明細行出荷案内書明細行ID,Code,,,
572,/JC00/JC44_JC4f/JC6e_JC62/JC69_e_JC13_03,JC69_e_JC13_03,BBIE,3,明細行出荷案内書,明細行文書参照タイプコード,Code,,,
573,/JC00/JC44_JC4f/JC6e_JC62/JC69_e_JC13_04,JC69_e_JC13_04,BBIE,3,明細行出荷案内書,明細行出荷案内書履歴ID,Code,,,
574,/JC00/JC44_JC4f/JC6e_JC62/JC69_e_JC13_05,JC69_e_JC13_05,BBIE,3,明細行出荷案内書,明細行文書タイプコード,Code,,,
575,/JC00/JC44_JC4f/JC6e_JC62/JC69_e_JC13_06,JC69_e_JC13_06,BBIE,3,明細行出荷案内書,明細行文書添付ファイル,Code,,,
576,/JC00/JC44_JC4f/JC6e_JC62/JC69_e_JC13_07,JC69_e_JC13_07,BBIE,3,明細行出荷案内書,明細行文書サブタイプコード,Code,,,
577,/JC00/JC44_JC4f/JC6e_JC62/JC69_JC13,JC69_JC13,ASBIE,3,明細行,,,明細行参照文書,,n
579,/JC00/JC44_JC4f/JC6e_JC62/JC69_JC13_01,JC69_JC13_01,BBIE,3,明細行参照文書,明細行文書ID,Code,,,
580,/JC00/JC44_JC4f/JC6e_JC62/JC69_JC13_02,JC69_JC13_02,BBIE,3,明細行参照文書,明細行文書明細行ID,Code,,,
581,/JC00/JC44_JC4f/JC6e_JC62/JC69_JC13_03,JC69_JC13_03,BBIE,3,明細行参照文書,明細行文書参照タイプコード,Code,,,
582,/JC00/JC44_JC4f/JC6e_JC62/JC69_JC13_04,JC69_JC13_04,BBIE,3,明細行参照文書,明細行文書履歴ID,Code,,,
583,/JC00/JC44_JC4f/JC6e_JC62/JC69_JC13_05,JC69_JC13_05,BBIE,3,明細行参照文書,明細行文書タイプコード,Code,,,
584,/JC00/JC44_JC4f/JC6e_JC62/JC69_JC13_06,JC69_JC13_06,BBIE,3,明細行参照文書,明細行文書添付ファイル,Text,,,
585,/JC00/JC44_JC4f/JC6e_JC62/JC69_JC13_07,JC69_JC13_07,BBIE,3,明細行参照文書,明細行文書サブタイプコード,Code,,,
586,/JC00/JC44_JC4f/JC6e_JC62/JC6a_JC28,JC6a_JC28,ASBIE,3,明細行,,,単価,,1
588,/JC00/JC44_JC4f/JC6e_JC62/JC6a_JC28_01,JC6a_JC28_01,BBIE,3,単価,単価コード,Code,,,
589,/JC00/JC44_JC4f/JC6e_JC62/JC6a_JC28_02,JC6a_JC28_02,BBIE,3,単価,契約単価,Unit Price Amount,,,
590,/JC00/JC44_JC4f/JC6e_JC62/JC6a_JC28_03,JC6a_JC28_03,BBIE,3,単価,単価基準数量,Quantity,,,
591,/JC00/JC44_JC4f/JC6e_JC62/JC6a_JC28_04,JC6a_JC28_04,BBIE,3,単価,数量単位コード,Code,,,
592,/JC00/JC44_JC4f/JC6e_JC62/JC64_JC6b,JC64_JC6b,ASBIE,3,明細行,,,明細行配送,,1
594,/JC00/JC44_JC4f/JC6e_JC62/JC64_JC6b_01,JC64_JC6b_01,BBIE,3,明細行配送,請求セット数量,Quantity,,,
595,/JC00/JC44_JC4f/JC6e_JC62/JC64_JC6b_02,JC64_JC6b_02,BBIE,3,明細行配送,請求バラ数量,Quantity,,,
596,/JC00/JC44_JC4f/JC6e_JC62/JC64_JC6b_03,JC64_JC6b_03,BBIE,3,明細行配送,請求セット単位数量(入り数）,Quantity,,,
597,/JC00/JC44_JC4f/JC6e_JC62/JC64_JC6b_04,JC64_JC6b_04,BBIE,3,明細行配送,請求数量,Quantity,,,
598,/JC00/JC44_JC4f/JC6e_JC62/JC64_JC6b_05,JC64_JC6b_05,BBIE,3,明細行配送,数量単位コード,Code,,,
599,/JC00/JC44_JC4f/JC6e_JC62/JC65_JC6c,JC65_JC6c,ASBIE,3,明細行,,,明細行決裁,,1
601,/JC00/JC44_JC4f/JC6e_JC62/JC65_JC6c_01,JC65_JC6c_01,BBIE,3,明細行決裁,明細行取引方向コード,Code,,,
602,/JC00/JC44_JC4f/JC6e_JC62/JC6d_JC2d,JC6d_JC2d,ASBIE,3,明細行,,,明細行税,,1
604,/JC00/JC44_JC4f/JC6e_JC62/JC6d_JC2d_01,JC6d_JC2d_01,BBIE,3,明細行税,明細行税タイプコード,Code,,,
605,/JC00/JC44_JC4f/JC6e_JC62/JC6d_JC2d_02,JC6d_JC2d_02,BBIE,3,明細行税,明細行譲渡資産金額（税抜き）,Amount,,,
606,/JC00/JC44_JC4f/JC6e_JC62/JC6d_JC2d_03,JC6d_JC2d_03,BBIE,3,明細行税,明細行課税分類コード,Code,,,
607,/JC00/JC44_JC4f/JC6e_JC62/JC6d_JC2d_04,JC6d_JC2d_04,BBIE,3,明細行税,明細行課税分類名,Text,,,
608,/JC00/JC44_JC4f/JC6e_JC62/JC6d_JC2d_05,JC6d_JC2d_05,BBIE,3,明細行税,明細行税率,Percentage,,,
609,/JC00/JC44_JC4f/JC6e_JC62/JC6d_JC2d_06,JC6d_JC2d_06,BBIE,3,明細行税,明細行譲渡資産金額(税込み),Amount,,,
610,/JC00/JC44_JC4f/JC6e_JC62/JC6d_JC2d_07,JC6d_JC2d_07,BBIE,3,明細行税,明細行適用税制ID,Identifier,,,
611,/JC00/JC44_JC4f/JC6e_JC62/JC73_JC13,JC73_JC13,ASBIE,3,明細行,,,明細行対象物,,n
613,/JC00/JC44_JC4f/JC6e_JC62/JC73_JC13_01,JC73_JC13_01,BBIE,3,明細行対象物,明細行対象物ID,Identifier,,,
614,/JC00/JC44_JC4f/JC6e_JC62/JC73_JC13_02,JC73_JC13_02,BBIE,3,明細行対象物,明細行対象物発行日,Date,,,
615,/JC00/JC44_JC4f/JC6e_JC62/JC73_JC13_03,JC73_JC13_03,BBIE,3,明細行対象物,明細行対象物明細行ID,Identifier,,,
616,/JC00/JC44_JC4f/JC6e_JC62/JC73_JC13_04,JC73_JC13_04,BBIE,3,明細行対象物,明細行文書参照タイプコード,Code,,,
617,/JC00/JC44_JC4f/JC6e_JC62/JC73_JC13_05,JC73_JC13_05,BBIE,3,明細行対象物,明細行対象物履歴ID,Code,,,
618,/JC00/JC44_JC4f/JC6e_JC62/JC73_JC13_06,JC73_JC13_06,BBIE,3,明細行対象物,明細行文書タイプコード,Code,,,
619,/JC00/JC44_JC4f/JC6e_JC62/JC73_JC13_07,JC73_JC13_07,BBIE,3,明細行対象物,明細行文書サブタイプコード,Code,,,
620,/JC00/JC44_JC4f/JC6e_JC62/JC75_8_JC1b,JC75_8_JC1b,ASBIE,3,明細行,,,明細行返金,,n
622,/JC00/JC44_JC4f/JC6e_JC62/JC75_8_JC1b_01,JC75_8_JC1b_01,BBIE,3,明細行返金,明細行追加請求判別子,Indicator,,,
623,/JC00/JC44_JC4f/JC6e_JC62/JC75_8_JC1b_02,JC75_8_JC1b_02,BBIE,3,明細行返金,明細行返金計算率,Percentage,,,
624,/JC00/JC44_JC4f/JC6e_JC62/JC75_8_JC1b_03,JC75_8_JC1b_03,BBIE,3,明細行返金,明細行返金金額,Amount,,,
625,/JC00/JC44_JC4f/JC6e_JC62/JC75_8_JC1b_04,JC75_8_JC1b_04,BBIE,3,明細行返金,明細行返金理由コード,Code,,,
626,/JC00/JC44_JC4f/JC6e_JC62/JC75_8_JC1b_05,JC75_8_JC1b_05,BBIE,3,明細行返金,明細行返金理由,Text,,,
627,/JC00/JC44_JC4f/JC6e_JC62/JC75_8_JC1b_06,JC75_8_JC1b_06,BBIE,3,明細行返金,明細行返金計算根拠金額,Amount,,,
628,/JC00/JC44_JC4f/JC6e_JC62/JC75_9_JC1b,JC75_9_JC1b,ASBIE,3,明細行,,,明細行追加請求,,n
630,/JC00/JC44_JC4f/JC6e_JC62/JC75_9_JC1b_01,JC75_9_JC1b_01,BBIE,3,明細行追加請求,明細行追加請求判別子,Indicator,,,
631,/JC00/JC44_JC4f/JC6e_JC62/JC75_9_JC1b_02,JC75_9_JC1b_02,BBIE,3,明細行追加請求,明細行追加請求計算率,Percentage,,,
632,/JC00/JC44_JC4f/JC6e_JC62/JC75_9_JC1b_03,JC75_9_JC1b_03,BBIE,3,明細行追加請求,明細行追加請求金額,Amount,,,
633,/JC00/JC44_JC4f/JC6e_JC62/JC75_9_JC1b_04,JC75_9_JC1b_04,BBIE,3,明細行追加請求,明細行追加請求理由コード,Code,,,
634,/JC00/JC44_JC4f/JC6e_JC62/JC75_9_JC1b_05,JC75_9_JC1b_05,BBIE,3,明細行追加請求,明細行追加請求理由,Text,,,
635,/JC00/JC44_JC4f/JC6e_JC62/JC75_9_JC1b_06,JC75_9_JC1b_06,BBIE,3,明細行追加請求,明細行追加請求計算根拠金額,Amount,,,
636,/JC00/JC44_JC4f/JC6e_JC62/JC74_JC0f,JC74_JC0f,ASBIE,3,明細行,,,明細行調整,,n
638,/JC00/JC44_JC4f/JC6e_JC62/JC74_JC0f_01,JC74_JC0f_01,BBIE,3,明細行調整,明細行調整理由コード,Code,,,
639,/JC00/JC44_JC4f/JC6e_JC62/JC74_JC0f_02,JC74_JC0f_02,BBIE,3,明細行調整,明細行調整理由,Text,,,
640,/JC00/JC44_JC4f/JC6e_JC62/JC74_JC0f_03,JC74_JC0f_03,BBIE,3,明細行調整,明細行調整金額,Amount,,,
641,/JC00/JC44_JC4f/JC6e_JC62/JC76_JC14,JC76_JC14,ASBIE,3,明細行,,,明細行取引期間,,1
643,/JC00/JC44_JC4f/JC6e_JC62/JC76_JC14_01,JC76_JC14_01,BBIE,3,明細行取引期間,明細行取引開始日,Date,,,
644,/JC00/JC44_JC4f/JC6e_JC62/JC76_JC14_02,JC76_JC14_02,BBIE,3,明細行取引期間,明細行取引終了日,Date,,,
645,/JC00/JC44_JC4f/JC6e_JC62/JC7d_JC19,JC7d_JC19,ASBIE,3,明細行,,,明細行購買会計アカウント,,1
647,/JC00/JC44_JC4f/JC6e_JC62/JC7d_JC19_01,JC7d_JC19_01,BBIE,3,明細行購買会計アカウント,明細行購買会計アカウントタイプコード,Code,,,
648,/JC00/JC44_JC4f/JC6e_JC62/JC7d_JC19_02,JC7d_JC19_02,BBIE,3,明細行購買会計アカウント,明細行購買会計アカウント名,Text,,,
649,/JC00/JC44_JC4f/JC6e_JC62/JC70_JC29,JC70_JC29,ASBIE,3,明細行,,,明細行取引品目,,1
651,/JC00/JC44_JC4f/JC6e_JC62/JC70_JC29_01,JC70_JC29_01,BBIE,3,明細行取引品目,品目ID,Identifier,,,
652,/JC00/JC44_JC4f/JC6e_JC62/JC70_JC29_02,JC70_JC29_02,BBIE,3,明細行取引品目,グローバル品目ID,Identifier,,,
653,/JC00/JC44_JC4f/JC6e_JC62/JC70_JC29_10,JC70_JC29_10,BBIE,3,明細行取引品目,スキーマID,Code,,,
654,/JC00/JC44_JC4f/JC6e_JC62/JC70_JC29_03,JC70_JC29_03,BBIE,3,明細行取引品目,受注者品目ID,Identifier,,,
655,/JC00/JC44_JC4f/JC6e_JC62/JC70_JC29_04,JC70_JC29_04,BBIE,3,明細行取引品目,発注者品目ID,Identifier,,,
656,/JC00/JC44_JC4f/JC6e_JC62/JC70_JC29_05,JC70_JC29_05,BBIE,3,明細行取引品目,メーカー品目ID,Identifier,,,
657,/JC00/JC44_JC4f/JC6e_JC62/JC70_JC29_06,JC70_JC29_06,BBIE,3,明細行取引品目,品目名,Text,,,
658,/JC00/JC44_JC4f/JC6e_JC62/JC70_JC29_07,JC70_JC29_07,BBIE,3,明細行取引品目,品目摘要,Text,,,
659,/JC00/JC44_JC4f/JC6e_JC62/JC70_JC29_08,JC70_JC29_08,BBIE,3,明細行取引品目,品目数量単位判別子,Code,,,
662,/JC00/JC44_JC4f/JC6e_JC62/JC70_JC29_09,JC70_JC29_09,BBIE,3,明細行取引品目,品目分類,Code,,,
663,/JC00/JC44_JC4f/JC6e_JC62/JC2a_JC11,JC2a_JC11,ASBIE,3,明細行,,,取引品目品目特性,,n
665,/JC00/JC44_JC4f/JC6e_JC62/JC2a_JC11_01,JC2a_JC11_01,BBIE,3,取引品目品目特性,取引品目特性内容,Text,,,
666,/JC00/JC44_JC4f/JC6e_JC62/JC2a_JC11_02,JC2a_JC11_02,BBIE,3,取引品目品目特性,品目特性値,Text,,,
667,/JC00/JC44_JC4f/JC6e_JC62/JC2c_JC21,JC2c_JC21,ASBIE,3,明細行,,,取引品目原産地,,1
669,/JC00/JC44_JC4f/JC6e_JC62/JC2c_JC21_01,JC2c_JC21_01,BBIE,3,取引品目原産地,原産国ID,Identifier,,,
,,,,,,,,,,
,,,,,,,,,,
,,,,,,,,,,
,,,,,,,,,,
,,,,,,,,,,
,,,,,,,,,,
,,,,,,,,,,
,,,,,,,,,,
,,,,,,,,,,
,,,,,,,,,,
,,,,,,,,,,
,,,,,,,,,,
,,,,,,,,,,
,,,,,,,,,,
,,,,,,,,,,
,,,,,,,,,,
,,,,,,,,,,
,,,,,,,,,,
,,,,,,,,,,
,,,,,,,,,,
,,,,,,,,,,
,,,,,,,,,,
,,,,,,,,,,
,,,,,,,,,,
,,,,,,,,,,
,,,,,,,,,,
,,,,,,,,,,
,,,,,,,,,,
,,,,,,,,,,
,,,,,,,,,,
,,,,,,,,,,
,,,,,,,,,,
,,,,,,,,,,
,,,,,,,,,,
,,,,,,,,,,
,,,,,,,,,,
,,,,,,,,,,
,,,,,,,,,,
,,,,,,,,,,
,,,,,,,,,,
,,,,,,,,,,
,,,,,,,,,,
,,,,,,,,,,
,,,,,,,,,,
,,,,,,,,,,
,,,,,,,,,,
,,,,,,,,,,
,,,,,,,,,,
,,,,,,,,,,
,,,,,,,,,,
,,,,,,,,,,
,,,,,,,,,,
,,,,,,,,,,
,,,,,,,,,,
,,,,,,,,,,
,,,,,,,,,,
,,,,,,,,,,
,,,,,,,,,,
,,,,,,,,,,
,,,,,,,,,,
,,,,,,,,,,
,,,,,,,,,,
,,,,,,,,,,
,,,,,,,,,,
,,,,,,,,,,
,,,,,,,,,,
,,,,,,,,,,
,,,,,,,,,,
,,,,,,,,,,
,,,,,,,,,,
,,,,,,,,,,
,,,,,,,,,,
,,,,,,,,,,
,,,,,,,,,,
,,,,,,,,,,
,,,,,,,,,,
,,,,,,,,,,
,,,,,,,,,,
,,,,,,,,,,
,,,,,,,,,,
,,,,,,,,,,
,,,,,,,,,,
,,,,,,,,,,
,,,,,,,,,,
,,,,,,,,,,
,,,,,,,,,,
,,,,,,,,,,
,,,,,,,,,,
,,,,,,,,,,
,,,,,,,,,,
,,,,,,,,,,
,,,,,,,,,,
,,,,,,,,,,
,,,,,,,,,,
,,,,,,,,,,
,,,,,,,,,,
,,,,,,,,,,
,,,,,,,,,,
,,,,,,,,,,
,,,,,,,,,,
,,,,,,,,,,
,,,,,,,,,,
,,,,,,,,,,
,,,,,,,,,,
,,,,,,,,,,
,,,,,,,,,,
,,,,,,,,,,
,,,,,,,,,,
,,,,,,,,,,
,,,,,,,,,,
,,,,,,,,,,
,,,,,,,,,,
,,,,,,,,,,
,,,,,,,,,,
,,,,,,,,,,
,,,,,,,,,,
,,,,,,,,,,
,,,,,,,,,,
,,,,,,,,,,
,,,,,,,,,,
,,,,,,,,,,
,,,,,,,,,,
,,,,,,,,,,
,,,,,,,,,,
,,,,,,,,,,
,,,,,,,,,,
,,,,,,,,,,
,,,,,,,,,,
,,,,,,,,,,
,,,,,,,,,,
,,,,,,,,,,
,,,,,,,,,,
,,,,,,,,,,
,,,,,,,,,,
,,,,,,,,,,
,,,,,,,,,,
,,,,,,,,,,
,,,,,,,,,,
,,,,,,,,,,
,,,,,,,,,,
,,,,,,,,,,
,,,,,,,,,,
,,,,,,,,,,
,,,,,,,,,,
,,,,,,,,,,
,,,,,,,,,,
,,,,,,,,,,
,,,,,,,,,,
,,,,,,,,,,
,,,,,,,,,,
,,,,,,,,,,
,,,,,,,,,,
,,,,,,,,,,
,,,,,,,,,,
,,,,,,,,,,
,,,,,,,,,,
,,,,,,,,,,
,,,,,,,,,,
,,,,,,,,,,
