num,GL,GL詳細,借方税情報,貸方税情報,借方勘定科目セグメント,貸方勘定科目セグメント,事業セグメント,仕訳ID,仕訳ID,文書コメント,ソースコード,ソース説明,ERPサブレジャーモジュール,システムマニュアル識別子,作成者ユーザーID,作成日,明細行番号,転記日付,仕訳エントリタイプコード,仕訳エントリ行説明,元文書番号,元文書日付,記帳日,通貨コード,借方勘定科目番号,借方勘定科目名,借方財務諸表キャプション,借方金額,借方金額コード,借方税コード,借方税率,借方税コード説明,借方勘定科目セグメント番号,借方勘定科目セグメントコード,借方勘定科目セグメント名,貸方勘定科目番号,貸方勘定科目名,貸方財務諸表キャプション,貸方金額,貸方金額コード,貸方税コード,貸方税率,貸方税コード説明,貸方勘定科目セグメント番号,貸方勘定科目セグメントコード,貸方勘定科目セグメント名,事業セグメント順序番号,事業セグメントコード,組織タイプ名
1,1,,,,,,,1,1,,,北信産業 株式会社,財務会計R4,PC01,ISOBE-PC01,2022-09-02,,,,,,,,,,,,,,,,,,,,,,,,,,,,,,,,,
2,1,1,,,,,,,,,,,,,,,,,,,,,,,,,,,,,,,,,,,,,,,,,,,,,,,
3,1,2,,,,,,,,,,,,,,,,,,,,,,,,,,,,,,,,,,,,,,,,,,,,,,,
28,10,,,,,,,10,6,,,北信産業 株式会社,財務会計R4,PC02,ISOBE-PC01,2023-04-15,,,,,,,,,,,,,,,,,,,,,,,,,,,,,,,,,
29,10,1,,,,,,,,,,,,,,,,,,,,,,,,,,,,,,,,,,,,,,,,,,,,,,,
30,10,2,,,,,,,,,,,,,,,,,,,,,,,,,,,,,,,,,,,,,,,,,,,,,,,
298,100,,,,,,,100,11,,,北信産業 株式会社,財務会計R4,PC02,ISOBE-PC01,2023-04-15,,,,,,,,,,,,,,,,,,,,,,,,,,,,,,,,,
299,100,1,,,,,,,,,,,,,,,,,,,,,,,,,,,,,,,,,,,,,,,,,,,,,,,
300,100,2,,,,,,,,,,,,,,,,,,,,,,,,,,,,,,,,,,,,,,,,,,,,,,,
301,101,,,,,,,101,11,,,北信産業 株式会社,財務会計R4,PC02,ISOBE-PC01,2023-04-15,,,,,,,,,,,,,,,,,,,,,,,,,,,,,,,,,
302,101,1,,,,,,,,,,,,,,,,,,,,,,,,,,,,,,,,,,,,,,,,,,,,,,,
303,101,2,,,,,,,,,,,,,,,,,,,,,,,,,,,,,,,,,,,,,,,,,,,,,,,
304,102,,,,,,,102,11,,,北信産業 株式会社,財務会計R4,PC02,ISOBE-PC01,2023-04-15,,,,,,,,,,,,,,,,,,,,,,,,,,,,,,,,,
305,102,1,,,,,,,,,,,,,,,,,,,,,,,,,,,,,,,,,,,,,,,,,,,,,,,
306,102,2,,,,,,,,,,,,,,,,,,,,,,,,,,,,,,,,,,,,,,,,,,,,,,,
307,103,,,,,,,103,12,,,北信産業 株式会社,財務会計R4,PC02,ISOBE-PC01,2022-10-08,,,,,,,,,,,,,,,,,,,,,,,,,,,,,,,,,
308,103,1,,,,,,,,,,,,,,,,,,,,,,,,,,,,,,,,,,,,,,,,,,,,,,,
309,103,2,,,,,,,,,,,,,,,,,,,,,,,,,,,,,,,,,,,,,,,,,,,,,,,
310,104,,,,,,,104,14,,,北信産業 株式会社,財務会計R4,PC02,ISOBE-PC01,2023-04-15,,,,,,,,,,,,,,,,,,,,,,,,,,,,,,,,,
311,104,1,,,,,,,,,,,,,,,,,,,,,,,,,,,,,,,,,,,,,,,,,,,,,,,
312,104,2,,,,,,,,,,,,,,,,,,,,,,,,,,,,,,,,,,,,,,,,,,,,,,,
313,105,,,,,,,105,14,,,北信産業 株式会社,財務会計R4,PC02,ISOBE-PC01,2022-10-08,,,,,,,,,,,,,,,,,,,,,,,,,,,,,,,,,
314,105,1,,,,,,,,,,,,,,,,,,,,,,,,,,,,,,,,,,,,,,,,,,,,,,,
315,105,2,,,,,,,,,,,,,,,,,,,,,,,,,,,,,,,,,,,,,,,,,,,,,,,
316,106,,,,,,,106,14,,,北信産業 株式会社,財務会計R4,PC02,ISOBE-PC01,2023-04-15,,,,,,,,,,,,,,,,,,,,,,,,,,,,,,,,,
317,106,1,,,,,,,,,,,,,,,,,,,,,,,,,,,,,,,,,,,,,,,,,,,,,,,
318,106,2,,,,,,,,,,,,,,,,,,,,,,,,,,,,,,,,,,,,,,,,,,,,,,,
319,107,,,,,,,107,14,,,北信産業 株式会社,財務会計R4,PC02,ISOBE-PC01,2023-04-15,,,,,,,,,,,,,,,,,,,,,,,,,,,,,,,,,
320,107,1,,,,,,,,,,,,,,,,,,,,,,,,,,,,,,,,,,,,,,,,,,,,,,,
321,107,2,,,,,,,,,,,,,,,,,,,,,,,,,,,,,,,,,,,,,,,,,,,,,,,
322,108,,,,,,,108,14,,,北信産業 株式会社,財務会計R4,PC02,ISOBE-PC01,2023-04-15,,,,,,,,,,,,,,,,,,,,,,,,,,,,,,,,,
323,108,1,,,,,,,,,,,,,,,,,,,,,,,,,,,,,,,,,,,,,,,,,,,,,,,
324,108,2,,,,,,,,,,,,,,,,,,,,,,,,,,,,,,,,,,,,,,,,,,,,,,,
325,109,,,,,,,109,15,,,北信産業 株式会社,財務会計R4,PC01,ISOBE-PC01,2022-10-05,,,,,,,,,,,,,,,,,,,,,,,,,,,,,,,,,
326,109,1,,,,,,,,,,,,,,,,,,,,,,,,,,,,,,,,,,,,,,,,,,,,,,,
327,109,2,,,,,,,,,,,,,,,,,,,,,,,,,,,,,,,,,,,,,,,,,,,,,,,
31,11,,,,,,,11,7,,,北信産業 株式会社,財務会計R4,PC02,ISOBE-PC01,2023-04-15,,,,,,,,,,,,,,,,,,,,,,,,,,,,,,,,,
32,11,1,,,,,,,,,,,,,,,,,,,,,,,,,,,,,,,,,,,,,,,,,,,,,,,
33,11,2,,,,,,,,,,,,,,,,,,,,,,,,,,,,,,,,,,,,,,,,,,,,,,,
328,110,,,,,,,110,16,,,北信産業 株式会社,財務会計R4,PC01,ISOBE-PC01,2022-10-05,,,,,,,,,,,,,,,,,,,,,,,,,,,,,,,,,
329,110,1,,,,,,,,,,,,,,,,,,,,,,,,,,,,,,,,,,,,,,,,,,,,,,,
330,110,2,,,,,,,,,,,,,,,,,,,,,,,,,,,,,,,,,,,,,,,,,,,,,,,
331,111,,,,,,,111,17,,,北信産業 株式会社,財務会計R4,PC02,ISOBE-PC01,2022-10-08,,,,,,,,,,,,,,,,,,,,,,,,,,,,,,,,,
332,111,1,,,,,,,,,,,,,,,,,,,,,,,,,,,,,,,,,,,,,,,,,,,,,,,
333,111,2,,,,,,,,,,,,,,,,,,,,,,,,,,,,,,,,,,,,,,,,,,,,,,,
334,112,,,,,,,112,18,,,北信産業 株式会社,財務会計R4,PC01,ISOBE-PC01,2022-10-05,,,,,,,,,,,,,,,,,,,,,,,,,,,,,,,,,
335,112,1,,,,,,,,,,,,,,,,,,,,,,,,,,,,,,,,,,,,,,,,,,,,,,,
336,112,2,,,,,,,,,,,,,,,,,,,,,,,,,,,,,,,,,,,,,,,,,,,,,,,
337,113,,,,,,,113,1,,,北信産業 株式会社,財務会計R4,PC02,ISOBE-PC01,2023-04-15,,,,,,,,,,,,,,,,,,,,,,,,,,,,,,,,,
338,113,1,,,,,,,,,,,,,,,,,,,,,,,,,,,,,,,,,,,,,,,,,,,,,,,
339,113,2,,,,,,,,,,,,,,,,,,,,,,,,,,,,,,,,,,,,,,,,,,,,,,,
340,114,,,,,,,114,2,,,北信産業 株式会社,財務会計R4,PC02,ISOBE-PC01,2023-04-15,,,,,,,,,,,,,,,,,,,,,,,,,,,,,,,,,
341,114,1,,,,,,,,,,,,,,,,,,,,,,,,,,,,,,,,,,,,,,,,,,,,,,,
342,114,2,,,,,,,,,,,,,,,,,,,,,,,,,,,,,,,,,,,,,,,,,,,,,,,
343,115,,,,,,,115,3,,,北信産業 株式会社,財務会計R4,PC02,ISOBE-PC01,2023-04-15,,,,,,,,,,,,,,,,,,,,,,,,,,,,,,,,,
344,115,1,,,,,,,,,,,,,,,,,,,,,,,,,,,,,,,,,,,,,,,,,,,,,,,
345,115,2,,,,,,,,,,,,,,,,,,,,,,,,,,,,,,,,,,,,,,,,,,,,,,,
346,116,,,,,,,116,4,,,北信産業 株式会社,財務会計R4,PC02,ISOBE-PC01,2023-04-15,,,,,,,,,,,,,,,,,,,,,,,,,,,,,,,,,
347,116,1,,,,,,,,,,,,,,,,,,,,,,,,,,,,,,,,,,,,,,,,,,,,,,,
348,116,2,,,,,,,,,,,,,,,,,,,,,,,,,,,,,,,,,,,,,,,,,,,,,,,
349,117,,,,,,,117,4,,,北信産業 株式会社,財務会計R4,PC02,ISOBE-PC01,2023-04-15,,,,,,,,,,,,,,,,,,,,,,,,,,,,,,,,,
350,117,1,,,,,,,,,,,,,,,,,,,,,,,,,,,,,,,,,,,,,,,,,,,,,,,
351,117,2,,,,,,,,,,,,,,,,,,,,,,,,,,,,,,,,,,,,,,,,,,,,,,,
352,118,,,,,,,118,4,,,北信産業 株式会社,財務会計R4,PC02,ISOBE-PC01,2023-04-15,,,,,,,,,,,,,,,,,,,,,,,,,,,,,,,,,
353,118,1,,,,,,,,,,,,,,,,,,,,,,,,,,,,,,,,,,,,,,,,,,,,,,,
354,118,2,,,,,,,,,,,,,,,,,,,,,,,,,,,,,,,,,,,,,,,,,,,,,,,
355,119,,,,,,,119,5,,,北信産業 株式会社,財務会計R4,PC02,ISOBE-PC01,2023-04-15,,,,,,,,,,,,,,,,,,,,,,,,,,,,,,,,,
356,119,1,,,,,,,,,,,,,,,,,,,,,,,,,,,,,,,,,,,,,,,,,,,,,,,
357,119,2,,,,,,,,,,,,,,,,,,,,,,,,,,,,,,,,,,,,,,,,,,,,,,,
34,12,,,,,,,12,8,,,北信産業 株式会社,財務会計R4,PC01,ISOBE-PC01,2022-09-02,,,,,,,,,,,,,,,,,,,,,,,,,,,,,,,,,
35,12,1,,,,,,,,,,,,,,,,,,,,,,,,,,,,,,,,,,,,,,,,,,,,,,,
36,12,2,,,,,,,,,,,,,,,,,,,,,,,,,,,,,,,,,,,,,,,,,,,,,,,
358,120,,,,,,,120,6,,,北信産業 株式会社,財務会計R4,PC01,ISOBE-PC01,2022-10-26,,,,,,,,,,,,,,,,,,,,,,,,,,,,,,,,,
359,120,1,,,,,,,,,,,,,,,,,,,,,,,,,,,,,,,,,,,,,,,,,,,,,,,
360,120,2,,,,,,,,,,,,,,,,,,,,,,,,,,,,,,,,,,,,,,,,,,,,,,,
361,121,,,,,,,121,7,,,北信産業 株式会社,財務会計R4,PC02,ISOBE-PC01,2023-04-15,,,,,,,,,,,,,,,,,,,,,,,,,,,,,,,,,
362,121,1,,,,,,,,,,,,,,,,,,,,,,,,,,,,,,,,,,,,,,,,,,,,,,,
363,121,2,,,,,,,,,,,,,,,,,,,,,,,,,,,,,,,,,,,,,,,,,,,,,,,
364,122,,,,,,,122,8,,,北信産業 株式会社,財務会計R4,PC03,ISOBE-PC01,2022-11-01,,,,,,,,,,,,,,,,,,,,,,,,,,,,,,,,,
365,122,1,,,,,,,,,,,,,,,,,,,,,,,,,,,,,,,,,,,,,,,,,,,,,,,
366,122,2,,,,,,,,,,,,,,,,,,,,,,,,,,,,,,,,,,,,,,,,,,,,,,,
367,123,,,,,,,123,9,,,北信産業 株式会社,財務会計R4,PC01,ISOBE-PC01,2022-10-26,,,,,,,,,,,,,,,,,,,,,,,,,,,,,,,,,
368,123,1,,,,,,,,,,,,,,,,,,,,,,,,,,,,,,,,,,,,,,,,,,,,,,,
369,123,2,,,,,,,,,,,,,,,,,,,,,,,,,,,,,,,,,,,,,,,,,,,,,,,
370,124,,,,,,,124,10,,,北信産業 株式会社,財務会計R4,PC01,ISOBE-PC01,2022-10-26,,,,,,,,,,,,,,,,,,,,,,,,,,,,,,,,,
371,124,1,,,,,,,,,,,,,,,,,,,,,,,,,,,,,,,,,,,,,,,,,,,,,,,
372,124,2,,,,,,,,,,,,,,,,,,,,,,,,,,,,,,,,,,,,,,,,,,,,,,,
373,125,,,,,,,125,11,,,北信産業 株式会社,財務会計R4,PC02,ISOBE-PC01,2023-04-15,,,,,,,,,,,,,,,,,,,,,,,,,,,,,,,,,
374,125,1,,,,,,,,,,,,,,,,,,,,,,,,,,,,,,,,,,,,,,,,,,,,,,,
375,125,2,,,,,,,,,,,,,,,,,,,,,,,,,,,,,,,,,,,,,,,,,,,,,,,
376,126,,,,,,,126,12,,,北信産業 株式会社,財務会計R4,PC02,ISOBE-PC01,2023-04-15,,,,,,,,,,,,,,,,,,,,,,,,,,,,,,,,,
377,126,1,,,,,,,,,,,,,,,,,,,,,,,,,,,,,,,,,,,,,,,,,,,,,,,
378,126,2,,,,,,,,,,,,,,,,,,,,,,,,,,,,,,,,,,,,,,,,,,,,,,,
379,127,,,,,,,127,1,,,北信産業 株式会社,財務会計R4,PC01,ISOBE-PC01,2022-11-04,,,,,,,,,,,,,,,,,,,,,,,,,,,,,,,,,
380,127,1,,,,,,,,,,,,,,,,,,,,,,,,,,,,,,,,,,,,,,,,,,,,,,,
381,127,2,,,,,,,,,,,,,,,,,,,,,,,,,,,,,,,,,,,,,,,,,,,,,,,
382,128,,,,,,,128,2,,,北信産業 株式会社,財務会計R4,PC01,ISOBE-PC01,2022-11-04,,,,,,,,,,,,,,,,,,,,,,,,,,,,,,,,,
383,128,1,,,,,,,,,,,,,,,,,,,,,,,,,,,,,,,,,,,,,,,,,,,,,,,
384,128,2,,,,,,,,,,,,,,,,,,,,,,,,,,,,,,,,,,,,,,,,,,,,,,,
385,129,,,,,,,129,3,,,北信産業 株式会社,財務会計R4,PC01,ISOBE-PC01,2022-11-04,,,,,,,,,,,,,,,,,,,,,,,,,,,,,,,,,
386,129,1,,,,,,,,,,,,,,,,,,,,,,,,,,,,,,,,,,,,,,,,,,,,,,,
387,129,2,,,,,,,,,,,,,,,,,,,,,,,,,,,,,,,,,,,,,,,,,,,,,,,
37,13,,,,,,,13,9,,,北信産業 株式会社,財務会計R4,PC02,ISOBE-PC01,2023-04-15,,,,,,,,,,,,,,,,,,,,,,,,,,,,,,,,,
38,13,1,,,,,,,,,,,,,,,,,,,,,,,,,,,,,,,,,,,,,,,,,,,,,,,
39,13,2,,,,,,,,,,,,,,,,,,,,,,,,,,,,,,,,,,,,,,,,,,,,,,,
388,130,,,,,,,130,4,,,北信産業 株式会社,財務会計R4,PC02,ISOBE-PC01,2023-04-15,,,,,,,,,,,,,,,,,,,,,,,,,,,,,,,,,
389,130,1,,,,,,,,,,,,,,,,,,,,,,,,,,,,,,,,,,,,,,,,,,,,,,,
390,130,2,,,,,,,,,,,,,,,,,,,,,,,,,,,,,,,,,,,,,,,,,,,,,,,
391,131,,,,,,,131,4,,,北信産業 株式会社,財務会計R4,PC02,ISOBE-PC01,2023-04-15,,,,,,,,,,,,,,,,,,,,,,,,,,,,,,,,,
392,131,1,,,,,,,,,,,,,,,,,,,,,,,,,,,,,,,,,,,,,,,,,,,,,,,
393,131,2,,,,,,,,,,,,,,,,,,,,,,,,,,,,,,,,,,,,,,,,,,,,,,,
394,132,,,,,,,132,4,,,北信産業 株式会社,財務会計R4,PC02,ISOBE-PC01,2023-04-15,,,,,,,,,,,,,,,,,,,,,,,,,,,,,,,,,
395,132,1,,,,,,,,,,,,,,,,,,,,,,,,,,,,,,,,,,,,,,,,,,,,,,,
396,132,2,,,,,,,,,,,,,,,,,,,,,,,,,,,,,,,,,,,,,,,,,,,,,,,
397,133,,,,,,,133,5,,,北信産業 株式会社,財務会計R4,PC03,ISOBE-PC01,2022-11-11,,,,,,,,,,,,,,,,,,,,,,,,,,,,,,,,,
398,133,1,,,,,,,,,,,,,,,,,,,,,,,,,,,,,,,,,,,,,,,,,,,,,,,
399,133,2,,,,,,,,,,,,,,,,,,,,,,,,,,,,,,,,,,,,,,,,,,,,,,,
400,134,,,,,,,134,6,,,北信産業 株式会社,財務会計R4,PC02,ISOBE-PC01,2023-04-15,,,,,,,,,,,,,,,,,,,,,,,,,,,,,,,,,
401,134,1,,,,,,,,,,,,,,,,,,,,,,,,,,,,,,,,,,,,,,,,,,,,,,,
402,134,2,,,,,,,,,,,,,,,,,,,,,,,,,,,,,,,,,,,,,,,,,,,,,,,
403,135,,,,,,,135,7,,,北信産業 株式会社,財務会計R4,PC01,ISOBE-PC01,2022-11-04,,,,,,,,,,,,,,,,,,,,,,,,,,,,,,,,,
404,135,1,,,,,,,,,,,,,,,,,,,,,,,,,,,,,,,,,,,,,,,,,,,,,,,
405,135,2,,,,,,,,,,,,,,,,,,,,,,,,,,,,,,,,,,,,,,,,,,,,,,,
406,136,,,,,,,136,8,,,北信産業 株式会社,財務会計R4,PC02,ISOBE-PC01,2023-04-15,,,,,,,,,,,,,,,,,,,,,,,,,,,,,,,,,
407,136,1,,,,,,,,,,,,,,,,,,,,,,,,,,,,,,,,,,,,,,,,,,,,,,,
408,136,2,,,,,,,,,,,,,,,,,,,,,,,,,,,,,,,,,,,,,,,,,,,,,,,
409,137,,,,,,,137,9,,,北信産業 株式会社,財務会計R4,PC02,ISOBE-PC01,2023-04-15,,,,,,,,,,,,,,,,,,,,,,,,,,,,,,,,,
410,137,1,,,,,,,,,,,,,,,,,,,,,,,,,,,,,,,,,,,,,,,,,,,,,,,
411,137,2,,,,,,,,,,,,,,,,,,,,,,,,,,,,,,,,,,,,,,,,,,,,,,,
412,138,,,,,,,138,9,,,北信産業 株式会社,財務会計R4,PC02,WS017,2023-04-15,,,,,,,,,,,,,,,,,,,,,,,,,,,,,,,,,
413,138,1,,,,,,,,,,,,,,,,,,,,,,,,,,,,,,,,,,,,,,,,,,,,,,,
414,138,2,,,,,,,,,,,,,,,,,,,,,,,,,,,,,,,,,,,,,,,,,,,,,,,
415,139,,,,,,,139,9,,,北信産業 株式会社,財務会計R4,PC02,WS017,2023-04-15,,,,,,,,,,,,,,,,,,,,,,,,,,,,,,,,,
416,139,1,,,,,,,,,,,,,,,,,,,,,,,,,,,,,,,,,,,,,,,,,,,,,,,
417,139,2,,,,,,,,,,,,,,,,,,,,,,,,,,,,,,,,,,,,,,,,,,,,,,,
40,14,,,,,,,14,9,,,北信産業 株式会社,財務会計R4,PC02,ISOBE-PC01,2023-04-15,,,,,,,,,,,,,,,,,,,,,,,,,,,,,,,,,
41,14,1,,,,,,,,,,,,,,,,,,,,,,,,,,,,,,,,,,,,,,,,,,,,,,,
42,14,2,,,,,,,,,,,,,,,,,,,,,,,,,,,,,,,,,,,,,,,,,,,,,,,
418,140,,,,,,,140,9,,,北信産業 株式会社,財務会計R4,PC02,WS017,2023-04-15,,,,,,,,,,,,,,,,,,,,,,,,,,,,,,,,,
419,140,1,,,,,,,,,,,,,,,,,,,,,,,,,,,,,,,,,,,,,,,,,,,,,,,
420,140,2,,,,,,,,,,,,,,,,,,,,,,,,,,,,,,,,,,,,,,,,,,,,,,,
421,141,,,,,,,141,10,,,北信産業 株式会社,財務会計R4,PC01,ISOBE-PC01,2022-11-04,,,,,,,,,,,,,,,,,,,,,,,,,,,,,,,,,
422,141,1,,,,,,,,,,,,,,,,,,,,,,,,,,,,,,,,,,,,,,,,,,,,,,,
423,141,2,,,,,,,,,,,,,,,,,,,,,,,,,,,,,,,,,,,,,,,,,,,,,,,
424,142,,,,,,,142,11,,,北信産業 株式会社,財務会計R4,PC02,ISOBE-PC01,2023-04-15,,,,,,,,,,,,,,,,,,,,,,,,,,,,,,,,,
425,142,1,,,,,,,,,,,,,,,,,,,,,,,,,,,,,,,,,,,,,,,,,,,,,,,
426,142,2,,,,,,,,,,,,,,,,,,,,,,,,,,,,,,,,,,,,,,,,,,,,,,,
427,143,,,,,,,143,12,,,北信産業 株式会社,財務会計R4,PC03,ISOBE-PC01,2022-11-11,,,,,,,,,,,,,,,,,,,,,,,,,,,,,,,,,
428,143,1,,,,,,,,,,,,,,,,,,,,,,,,,,,,,,,,,,,,,,,,,,,,,,,
429,143,2,,,,,,,,,,,,,,,,,,,,,,,,,,,,,,,,,,,,,,,,,,,,,,,
430,144,,,,,,,144,13,,,北信産業 株式会社,財務会計R4,PC02,WS017,2023-04-15,,,,,,,,,,,,,,,,,,,,,,,,,,,,,,,,,
431,144,1,,,,,,,,,,,,,,,,,,,,,,,,,,,,,,,,,,,,,,,,,,,,,,,
432,144,2,,,,,,,,,,,,,,,,,,,,,,,,,,,,,,,,,,,,,,,,,,,,,,,
433,145,,,,,,,145,14,,,北信産業 株式会社,財務会計R4,PC02,WS017,2023-04-15,,,,,,,,,,,,,,,,,,,,,,,,,,,,,,,,,
434,145,1,,,,,,,,,,,,,,,,,,,,,,,,,,,,,,,,,,,,,,,,,,,,,,,
435,145,2,,,,,,,,,,,,,,,,,,,,,,,,,,,,,,,,,,,,,,,,,,,,,,,
436,146,,,,,,,146,15,,,北信産業 株式会社,財務会計R4,PC03,WS017,2022-11-11,,,,,,,,,,,,,,,,,,,,,,,,,,,,,,,,,
437,146,1,,,,,,,,,,,,,,,,,,,,,,,,,,,,,,,,,,,,,,,,,,,,,,,
438,146,2,,,,,,,,,,,,,,,,,,,,,,,,,,,,,,,,,,,,,,,,,,,,,,,
439,147,,,,,,,147,15,,,北信産業 株式会社,財務会計R4,PC03,WS017,2022-11-11,,,,,,,,,,,,,,,,,,,,,,,,,,,,,,,,,
440,147,1,,,,,,,,,,,,,,,,,,,,,,,,,,,,,,,,,,,,,,,,,,,,,,,
441,147,2,,,,,,,,,,,,,,,,,,,,,,,,,,,,,,,,,,,,,,,,,,,,,,,
442,148,,,,,,,148,15,,,北信産業 株式会社,財務会計R4,PC03,WS017,2022-11-11,,,,,,,,,,,,,,,,,,,,,,,,,,,,,,,,,
443,148,1,,,,,,,,,,,,,,,,,,,,,,,,,,,,,,,,,,,,,,,,,,,,,,,
444,148,2,,,,,,,,,,,,,,,,,,,,,,,,,,,,,,,,,,,,,,,,,,,,,,,
445,149,,,,,,,149,76,,,北信産業 株式会社,財務会計R4,PC03,WS017,2022-11-11,,,,,,,,,,,,,,,,,,,,,,,,,,,,,,,,,
446,149,1,,,,,,,,,,,,,,,,,,,,,,,,,,,,,,,,,,,,,,,,,,,,,,,
447,149,2,,,,,,,,,,,,,,,,,,,,,,,,,,,,,,,,,,,,,,,,,,,,,,,
43,15,,,,,,,15,9,,,北信産業 株式会社,財務会計R4,PC02,ISOBE-PC01,2023-04-15,,,,,,,,,,,,,,,,,,,,,,,,,,,,,,,,,
44,15,1,,,,,,,,,,,,,,,,,,,,,,,,,,,,,,,,,,,,,,,,,,,,,,,
45,15,2,,,,,,,,,,,,,,,,,,,,,,,,,,,,,,,,,,,,,,,,,,,,,,,
448,150,,,,,,,150,76,,,北信産業 株式会社,財務会計R4,PC03,WS017,2022-11-11,,,,,,,,,,,,,,,,,,,,,,,,,,,,,,,,,
449,150,1,,,,,,,,,,,,,,,,,,,,,,,,,,,,,,,,,,,,,,,,,,,,,,,
450,150,2,,,,,,,,,,,,,,,,,,,,,,,,,,,,,,,,,,,,,,,,,,,,,,,
451,151,,,,,,,151,77,,,北信産業 株式会社,財務会計R4,PC03,WS017,2022-11-11,,,,,,,,,,,,,,,,,,,,,,,,,,,,,,,,,
452,151,1,,,,,,,,,,,,,,,,,,,,,,,,,,,,,,,,,,,,,,,,,,,,,,,
453,151,2,,,,,,,,,,,,,,,,,,,,,,,,,,,,,,,,,,,,,,,,,,,,,,,
454,152,,,,,,,152,77,,,北信産業 株式会社,財務会計R4,PC03,WS017,2022-11-11,,,,,,,,,,,,,,,,,,,,,,,,,,,,,,,,,
455,152,1,,,,,,,,,,,,,,,,,,,,,,,,,,,,,,,,,,,,,,,,,,,,,,,
456,152,2,,,,,,,,,,,,,,,,,,,,,,,,,,,,,,,,,,,,,,,,,,,,,,,
457,153,,,,,,,153,78,,,北信産業 株式会社,財務会計R4,PC03,WS017,2022-11-11,,,,,,,,,,,,,,,,,,,,,,,,,,,,,,,,,
458,153,1,,,,,,,,,,,,,,,,,,,,,,,,,,,,,,,,,,,,,,,,,,,,,,,
459,153,2,,,,,,,,,,,,,,,,,,,,,,,,,,,,,,,,,,,,,,,,,,,,,,,
460,154,,,,,,,154,78,,,北信産業 株式会社,財務会計R4,PC03,WS017,2022-11-11,,,,,,,,,,,,,,,,,,,,,,,,,,,,,,,,,
461,154,1,,,,,,,,,,,,,,,,,,,,,,,,,,,,,,,,,,,,,,,,,,,,,,,
462,154,2,,,,,,,,,,,,,,,,,,,,,,,,,,,,,,,,,,,,,,,,,,,,,,,
463,155,,,,,,,155,79,,,北信産業 株式会社,財務会計R4,PC03,WS017,2022-11-11,,,,,,,,,,,,,,,,,,,,,,,,,,,,,,,,,
464,155,1,,,,,,,,,,,,,,,,,,,,,,,,,,,,,,,,,,,,,,,,,,,,,,,
465,155,2,,,,,,,,,,,,,,,,,,,,,,,,,,,,,,,,,,,,,,,,,,,,,,,
466,156,,,,,,,156,79,,,北信産業 株式会社,財務会計R4,PC03,WS017,2022-11-11,,,,,,,,,,,,,,,,,,,,,,,,,,,,,,,,,
467,156,1,,,,,,,,,,,,,,,,,,,,,,,,,,,,,,,,,,,,,,,,,,,,,,,
468,156,2,,,,,,,,,,,,,,,,,,,,,,,,,,,,,,,,,,,,,,,,,,,,,,,
469,157,,,,,,,157,80,,,北信産業 株式会社,財務会計R4,PC03,WS017,2022-11-11,,,,,,,,,,,,,,,,,,,,,,,,,,,,,,,,,
470,157,1,,,,,,,,,,,,,,,,,,,,,,,,,,,,,,,,,,,,,,,,,,,,,,,
471,157,2,,,,,,,,,,,,,,,,,,,,,,,,,,,,,,,,,,,,,,,,,,,,,,,
472,158,,,,,,,158,80,,,北信産業 株式会社,財務会計R4,PC03,WS017,2022-11-11,,,,,,,,,,,,,,,,,,,,,,,,,,,,,,,,,
473,158,1,,,,,,,,,,,,,,,,,,,,,,,,,,,,,,,,,,,,,,,,,,,,,,,
474,158,2,,,,,,,,,,,,,,,,,,,,,,,,,,,,,,,,,,,,,,,,,,,,,,,
475,159,,,,,,,159,81,,,北信産業 株式会社,財務会計R4,PC03,WS017,2022-11-11,,,,,,,,,,,,,,,,,,,,,,,,,,,,,,,,,
476,159,1,,,,,,,,,,,,,,,,,,,,,,,,,,,,,,,,,,,,,,,,,,,,,,,
477,159,2,,,,,,,,,,,,,,,,,,,,,,,,,,,,,,,,,,,,,,,,,,,,,,,
46,16,,,,,,,16,10,,,北信産業 株式会社,財務会計R4,PC02,ISOBE-PC01,2023-04-15,,,,,,,,,,,,,,,,,,,,,,,,,,,,,,,,,
47,16,1,,,,,,,,,,,,,,,,,,,,,,,,,,,,,,,,,,,,,,,,,,,,,,,
48,16,2,,,,,,,,,,,,,,,,,,,,,,,,,,,,,,,,,,,,,,,,,,,,,,,
478,160,,,,,,,160,81,,,北信産業 株式会社,財務会計R4,PC03,WS017,2022-11-11,,,,,,,,,,,,,,,,,,,,,,,,,,,,,,,,,
479,160,1,,,,,,,,,,,,,,,,,,,,,,,,,,,,,,,,,,,,,,,,,,,,,,,
480,160,2,,,,,,,,,,,,,,,,,,,,,,,,,,,,,,,,,,,,,,,,,,,,,,,
481,161,,,,,,,161,82,,,北信産業 株式会社,財務会計R4,PC03,WS017,2022-11-11,,,,,,,,,,,,,,,,,,,,,,,,,,,,,,,,,
482,161,1,,,,,,,,,,,,,,,,,,,,,,,,,,,,,,,,,,,,,,,,,,,,,,,
483,161,2,,,,,,,,,,,,,,,,,,,,,,,,,,,,,,,,,,,,,,,,,,,,,,,
484,162,,,,,,,162,82,,,北信産業 株式会社,財務会計R4,PC03,WS017,2022-11-11,,,,,,,,,,,,,,,,,,,,,,,,,,,,,,,,,
485,162,1,,,,,,,,,,,,,,,,,,,,,,,,,,,,,,,,,,,,,,,,,,,,,,,
486,162,2,,,,,,,,,,,,,,,,,,,,,,,,,,,,,,,,,,,,,,,,,,,,,,,
487,163,,,,,,,163,83,,,北信産業 株式会社,財務会計R4,PC03,WS017,2022-11-11,,,,,,,,,,,,,,,,,,,,,,,,,,,,,,,,,
488,163,1,,,,,,,,,,,,,,,,,,,,,,,,,,,,,,,,,,,,,,,,,,,,,,,
489,163,2,,,,,,,,,,,,,,,,,,,,,,,,,,,,,,,,,,,,,,,,,,,,,,,
490,164,,,,,,,164,83,,,北信産業 株式会社,財務会計R4,PC03,WS017,2022-11-11,,,,,,,,,,,,,,,,,,,,,,,,,,,,,,,,,
491,164,1,,,,,,,,,,,,,,,,,,,,,,,,,,,,,,,,,,,,,,,,,,,,,,,
492,164,2,,,,,,,,,,,,,,,,,,,,,,,,,,,,,,,,,,,,,,,,,,,,,,,
493,165,,,,,,,165,84,,,北信産業 株式会社,財務会計R4,PC03,WS017,2022-11-11,,,,,,,,,,,,,,,,,,,,,,,,,,,,,,,,,
494,165,1,,,,,,,,,,,,,,,,,,,,,,,,,,,,,,,,,,,,,,,,,,,,,,,
495,165,2,,,,,,,,,,,,,,,,,,,,,,,,,,,,,,,,,,,,,,,,,,,,,,,
496,166,,,,,,,166,84,,,北信産業 株式会社,財務会計R4,PC03,WS017,2022-11-11,,,,,,,,,,,,,,,,,,,,,,,,,,,,,,,,,
497,166,1,,,,,,,,,,,,,,,,,,,,,,,,,,,,,,,,,,,,,,,,,,,,,,,
498,166,2,,,,,,,,,,,,,,,,,,,,,,,,,,,,,,,,,,,,,,,,,,,,,,,
499,167,,,,,,,167,85,,,北信産業 株式会社,財務会計R4,PC03,WS017,2022-11-11,,,,,,,,,,,,,,,,,,,,,,,,,,,,,,,,,
500,167,1,,,,,,,,,,,,,,,,,,,,,,,,,,,,,,,,,,,,,,,,,,,,,,,
501,167,2,,,,,,,,,,,,,,,,,,,,,,,,,,,,,,,,,,,,,,,,,,,,,,,
502,168,,,,,,,168,85,,,北信産業 株式会社,財務会計R4,PC03,WS017,2022-11-11,,,,,,,,,,,,,,,,,,,,,,,,,,,,,,,,,
503,168,1,,,,,,,,,,,,,,,,,,,,,,,,,,,,,,,,,,,,,,,,,,,,,,,
504,168,2,,,,,,,,,,,,,,,,,,,,,,,,,,,,,,,,,,,,,,,,,,,,,,,
505,169,,,,,,,169,86,,,北信産業 株式会社,財務会計R4,PC03,WS017,2022-11-11,,,,,,,,,,,,,,,,,,,,,,,,,,,,,,,,,
506,169,1,,,,,,,,,,,,,,,,,,,,,,,,,,,,,,,,,,,,,,,,,,,,,,,
507,169,2,,,,,,,,,,,,,,,,,,,,,,,,,,,,,,,,,,,,,,,,,,,,,,,
49,17,,,,,,,17,11,,,北信産業 株式会社,財務会計R4,PC01,ISOBE-PC01,2022-09-02,,,,,,,,,,,,,,,,,,,,,,,,,,,,,,,,,
50,17,1,,,,,,,,,,,,,,,,,,,,,,,,,,,,,,,,,,,,,,,,,,,,,,,
51,17,2,,,,,,,,,,,,,,,,,,,,,,,,,,,,,,,,,,,,,,,,,,,,,,,
508,170,,,,,,,170,86,,,北信産業 株式会社,財務会計R4,PC03,WS017,2022-11-11,,,,,,,,,,,,,,,,,,,,,,,,,,,,,,,,,
509,170,1,,,,,,,,,,,,,,,,,,,,,,,,,,,,,,,,,,,,,,,,,,,,,,,
510,170,2,,,,,,,,,,,,,,,,,,,,,,,,,,,,,,,,,,,,,,,,,,,,,,,
511,171,,,,,,,171,19,,,北信産業 株式会社,財務会計R4,PC03,WS017,2022-11-11,,,,,,,,,,,,,,,,,,,,,,,,,,,,,,,,,
512,171,1,,,,,,,,,,,,,,,,,,,,,,,,,,,,,,,,,,,,,,,,,,,,,,,
513,171,2,,,,,,,,,,,,,,,,,,,,,,,,,,,,,,,,,,,,,,,,,,,,,,,
514,172,,,,,,,172,19,,,北信産業 株式会社,財務会計R4,PC03,WS017,2022-11-11,,,,,,,,,,,,,,,,,,,,,,,,,,,,,,,,,
515,172,1,,,,,,,,,,,,,,,,,,,,,,,,,,,,,,,,,,,,,,,,,,,,,,,
516,172,2,,,,,,,,,,,,,,,,,,,,,,,,,,,,,,,,,,,,,,,,,,,,,,,
517,173,,,,,,,173,20,,,北信産業 株式会社,財務会計R4,PC03,WS017,2022-11-11,,,,,,,,,,,,,,,,,,,,,,,,,,,,,,,,,
518,173,1,,,,,,,,,,,,,,,,,,,,,,,,,,,,,,,,,,,,,,,,,,,,,,,
519,173,2,,,,,,,,,,,,,,,,,,,,,,,,,,,,,,,,,,,,,,,,,,,,,,,
520,174,,,,,,,174,20,,,北信産業 株式会社,財務会計R4,PC03,WS017,2022-11-11,,,,,,,,,,,,,,,,,,,,,,,,,,,,,,,,,
521,174,1,,,,,,,,,,,,,,,,,,,,,,,,,,,,,,,,,,,,,,,,,,,,,,,
522,174,2,,,,,,,,,,,,,,,,,,,,,,,,,,,,,,,,,,,,,,,,,,,,,,,
523,175,,,,,,,175,21,,,北信産業 株式会社,財務会計R4,PC03,WS017,2022-11-11,,,,,,,,,,,,,,,,,,,,,,,,,,,,,,,,,
524,175,1,,,,,,,,,,,,,,,,,,,,,,,,,,,,,,,,,,,,,,,,,,,,,,,
525,175,2,,,,,,,,,,,,,,,,,,,,,,,,,,,,,,,,,,,,,,,,,,,,,,,
526,176,,,,,,,176,21,,,北信産業 株式会社,財務会計R4,PC03,WS017,2022-11-11,,,,,,,,,,,,,,,,,,,,,,,,,,,,,,,,,
527,176,1,,,,,,,,,,,,,,,,,,,,,,,,,,,,,,,,,,,,,,,,,,,,,,,
528,176,2,,,,,,,,,,,,,,,,,,,,,,,,,,,,,,,,,,,,,,,,,,,,,,,
529,177,,,,,,,177,22,,,北信産業 株式会社,財務会計R4,PC03,WS017,2022-11-11,,,,,,,,,,,,,,,,,,,,,,,,,,,,,,,,,
530,177,1,,,,,,,,,,,,,,,,,,,,,,,,,,,,,,,,,,,,,,,,,,,,,,,
531,177,2,,,,,,,,,,,,,,,,,,,,,,,,,,,,,,,,,,,,,,,,,,,,,,,
532,178,,,,,,,178,22,,,北信産業 株式会社,財務会計R4,PC03,WS017,2022-11-11,,,,,,,,,,,,,,,,,,,,,,,,,,,,,,,,,
533,178,1,,,,,,,,,,,,,,,,,,,,,,,,,,,,,,,,,,,,,,,,,,,,,,,
534,178,2,,,,,,,,,,,,,,,,,,,,,,,,,,,,,,,,,,,,,,,,,,,,,,,
535,179,,,,,,,179,23,,,北信産業 株式会社,財務会計R4,PC03,WS017,2022-11-11,,,,,,,,,,,,,,,,,,,,,,,,,,,,,,,,,
536,179,1,,,,,,,,,,,,,,,,,,,,,,,,,,,,,,,,,,,,,,,,,,,,,,,
537,179,2,,,,,,,,,,,,,,,,,,,,,,,,,,,,,,,,,,,,,,,,,,,,,,,
52,18,,,,,,,18,12,,,北信産業 株式会社,財務会計R4,PC02,ISOBE-PC01,2023-04-15,,,,,,,,,,,,,,,,,,,,,,,,,,,,,,,,,
53,18,1,,,,,,,,,,,,,,,,,,,,,,,,,,,,,,,,,,,,,,,,,,,,,,,
54,18,2,,,,,,,,,,,,,,,,,,,,,,,,,,,,,,,,,,,,,,,,,,,,,,,
538,180,,,,,,,180,23,,,北信産業 株式会社,財務会計R4,PC03,WS017,2022-11-11,,,,,,,,,,,,,,,,,,,,,,,,,,,,,,,,,
539,180,1,,,,,,,,,,,,,,,,,,,,,,,,,,,,,,,,,,,,,,,,,,,,,,,
540,180,2,,,,,,,,,,,,,,,,,,,,,,,,,,,,,,,,,,,,,,,,,,,,,,,
541,181,,,,,,,181,14,,,北信産業 株式会社,財務会計R4,PC03,WS017,2022-11-11,,,,,,,,,,,,,,,,,,,,,,,,,,,,,,,,,
542,181,1,,,,,,,,,,,,,,,,,,,,,,,,,,,,,,,,,,,,,,,,,,,,,,,
543,181,2,,,,,,,,,,,,,,,,,,,,,,,,,,,,,,,,,,,,,,,,,,,,,,,
544,182,,,,,,,182,14,,,北信産業 株式会社,財務会計R4,PC03,WS017,2022-11-11,,,,,,,,,,,,,,,,,,,,,,,,,,,,,,,,,
545,182,1,,,,,,,,,,,,,,,,,,,,,,,,,,,,,,,,,,,,,,,,,,,,,,,
546,182,2,,,,,,,,,,,,,,,,,,,,,,,,,,,,,,,,,,,,,,,,,,,,,,,
547,183,,,,,,,183,15,,,北信産業 株式会社,財務会計R4,PC03,WS017,2022-11-11,,,,,,,,,,,,,,,,,,,,,,,,,,,,,,,,,
548,183,1,,,,,,,,,,,,,,,,,,,,,,,,,,,,,,,,,,,,,,,,,,,,,,,
549,183,2,,,,,,,,,,,,,,,,,,,,,,,,,,,,,,,,,,,,,,,,,,,,,,,
550,184,,,,,,,184,15,,,北信産業 株式会社,財務会計R4,PC03,WS017,2022-11-11,,,,,,,,,,,,,,,,,,,,,,,,,,,,,,,,,
551,184,1,,,,,,,,,,,,,,,,,,,,,,,,,,,,,,,,,,,,,,,,,,,,,,,
552,184,2,,,,,,,,,,,,,,,,,,,,,,,,,,,,,,,,,,,,,,,,,,,,,,,
553,185,,,,,,,185,16,,,北信産業 株式会社,財務会計R4,PC03,WS017,2022-11-11,,,,,,,,,,,,,,,,,,,,,,,,,,,,,,,,,
554,185,1,,,,,,,,,,,,,,,,,,,,,,,,,,,,,,,,,,,,,,,,,,,,,,,
555,185,2,,,,,,,,,,,,,,,,,,,,,,,,,,,,,,,,,,,,,,,,,,,,,,,
556,186,,,,,,,186,16,,,北信産業 株式会社,財務会計R4,PC03,WS017,2022-11-11,,,,,,,,,,,,,,,,,,,,,,,,,,,,,,,,,
557,186,1,,,,,,,,,,,,,,,,,,,,,,,,,,,,,,,,,,,,,,,,,,,,,,,
558,186,2,,,,,,,,,,,,,,,,,,,,,,,,,,,,,,,,,,,,,,,,,,,,,,,
559,187,,,,,,,187,17,,,北信産業 株式会社,財務会計R4,PC03,WS017,2022-11-11,,,,,,,,,,,,,,,,,,,,,,,,,,,,,,,,,
560,187,1,,,,,,,,,,,,,,,,,,,,,,,,,,,,,,,,,,,,,,,,,,,,,,,
561,187,2,,,,,,,,,,,,,,,,,,,,,,,,,,,,,,,,,,,,,,,,,,,,,,,
562,188,,,,,,,188,17,,,北信産業 株式会社,財務会計R4,PC03,WS017,2022-11-11,,,,,,,,,,,,,,,,,,,,,,,,,,,,,,,,,
563,188,1,,,,,,,,,,,,,,,,,,,,,,,,,,,,,,,,,,,,,,,,,,,,,,,
564,188,2,,,,,,,,,,,,,,,,,,,,,,,,,,,,,,,,,,,,,,,,,,,,,,,
565,189,,,,,,,189,16,,,北信産業 株式会社,財務会計R4,PC03,WS017,2022-11-11,,,,,,,,,,,,,,,,,,,,,,,,,,,,,,,,,
566,189,1,,,,,,,,,,,,,,,,,,,,,,,,,,,,,,,,,,,,,,,,,,,,,,,
567,189,2,,,,,,,,,,,,,,,,,,,,,,,,,,,,,,,,,,,,,,,,,,,,,,,
55,19,,,,,,,19,12,,,北信産業 株式会社,財務会計R4,PC02,ISOBE-PC01,2023-04-15,,,,,,,,,,,,,,,,,,,,,,,,,,,,,,,,,
56,19,1,,,,,,,,,,,,,,,,,,,,,,,,,,,,,,,,,,,,,,,,,,,,,,,
57,19,2,,,,,,,,,,,,,,,,,,,,,,,,,,,,,,,,,,,,,,,,,,,,,,,
568,190,,,,,,,190,16,,,北信産業 株式会社,財務会計R4,PC03,WS017,2022-11-11,,,,,,,,,,,,,,,,,,,,,,,,,,,,,,,,,
569,190,1,,,,,,,,,,,,,,,,,,,,,,,,,,,,,,,,,,,,,,,,,,,,,,,
570,190,2,,,,,,,,,,,,,,,,,,,,,,,,,,,,,,,,,,,,,,,,,,,,,,,
571,191,,,,,,,191,17,,,北信産業 株式会社,財務会計R4,PC03,WS017,2022-11-11,,,,,,,,,,,,,,,,,,,,,,,,,,,,,,,,,
572,191,1,,,,,,,,,,,,,,,,,,,,,,,,,,,,,,,,,,,,,,,,,,,,,,,
573,191,2,,,,,,,,,,,,,,,,,,,,,,,,,,,,,,,,,,,,,,,,,,,,,,,
574,192,,,,,,,192,17,,,北信産業 株式会社,財務会計R4,PC03,WS017,2022-11-11,,,,,,,,,,,,,,,,,,,,,,,,,,,,,,,,,
575,192,1,,,,,,,,,,,,,,,,,,,,,,,,,,,,,,,,,,,,,,,,,,,,,,,
576,192,2,,,,,,,,,,,,,,,,,,,,,,,,,,,,,,,,,,,,,,,,,,,,,,,
577,193,,,,,,,193,18,,,北信産業 株式会社,財務会計R4,PC03,WS017,2022-11-11,,,,,,,,,,,,,,,,,,,,,,,,,,,,,,,,,
578,193,1,,,,,,,,,,,,,,,,,,,,,,,,,,,,,,,,,,,,,,,,,,,,,,,
579,193,2,,,,,,,,,,,,,,,,,,,,,,,,,,,,,,,,,,,,,,,,,,,,,,,
580,194,,,,,,,194,18,,,北信産業 株式会社,財務会計R4,PC03,WS017,2022-11-11,,,,,,,,,,,,,,,,,,,,,,,,,,,,,,,,,
581,194,1,,,,,,,,,,,,,,,,,,,,,,,,,,,,,,,,,,,,,,,,,,,,,,,
582,194,2,,,,,,,,,,,,,,,,,,,,,,,,,,,,,,,,,,,,,,,,,,,,,,,
583,195,,,,,,,195,19,,,北信産業 株式会社,財務会計R4,PC02,isobe-pc02,2022-11-11,,,,,,,,,,,,,,,,,,,,,,,,,,,,,,,,,
584,195,1,,,,,,,,,,,,,,,,,,,,,,,,,,,,,,,,,,,,,,,,,,,,,,,
585,195,2,,,,,,,,,,,,,,,,,,,,,,,,,,,,,,,,,,,,,,,,,,,,,,,
586,196,,,,,,,196,19,,,北信産業 株式会社,財務会計R4,PC02,isobe-pc02,2022-11-11,,,,,,,,,,,,,,,,,,,,,,,,,,,,,,,,,
587,196,1,,,,,,,,,,,,,,,,,,,,,,,,,,,,,,,,,,,,,,,,,,,,,,,
588,196,2,,,,,,,,,,,,,,,,,,,,,,,,,,,,,,,,,,,,,,,,,,,,,,,
589,197,,,,,,,197,19,,,北信産業 株式会社,財務会計R4,PC02,isobe-pc02,2023-04-15,,,,,,,,,,,,,,,,,,,,,,,,,,,,,,,,,
590,197,1,,,,,,,,,,,,,,,,,,,,,,,,,,,,,,,,,,,,,,,,,,,,,,,
591,197,2,,,,,,,,,,,,,,,,,,,,,,,,,,,,,,,,,,,,,,,,,,,,,,,
592,198,,,,,,,198,19,,,北信産業 株式会社,財務会計R4,PC02,isobe-pc02,2022-11-11,,,,,,,,,,,,,,,,,,,,,,,,,,,,,,,,,
593,198,1,,,,,,,,,,,,,,,,,,,,,,,,,,,,,,,,,,,,,,,,,,,,,,,
594,198,2,,,,,,,,,,,,,,,,,,,,,,,,,,,,,,,,,,,,,,,,,,,,,,,
595,199,,,,,,,199,20,,,北信産業 株式会社,財務会計R4,PC02,isobe-pc02,2022-11-11,,,,,,,,,,,,,,,,,,,,,,,,,,,,,,,,,
596,199,1,,,,,,,,,,,,,,,,,,,,,,,,,,,,,,,,,,,,,,,,,,,,,,,
597,199,2,,,,,,,,,,,,,,,,,,,,,,,,,,,,,,,,,,,,,,,,,,,,,,,
4,2,,,,,,,2,2,,,北信産業 株式会社,財務会計R4,PC02,ISOBE-PC01,2023-04-15,,,,,,,,,,,,,,,,,,,,,,,,,,,,,,,,,
5,2,1,,,,,,,,,,,,,,,,,,,,,,,,,,,,,,,,,,,,,,,,,,,,,,,
6,2,2,,,,,,,,,,,,,,,,,,,,,,,,,,,,,,,,,,,,,,,,,,,,,,,
58,20,,,,,,,20,12,,,北信産業 株式会社,財務会計R4,PC02,ISOBE-PC01,2023-04-15,,,,,,,,,,,,,,,,,,,,,,,,,,,,,,,,,
59,20,1,,,,,,,,,,,,,,,,,,,,,,,,,,,,,,,,,,,,,,,,,,,,,,,
60,20,2,,,,,,,,,,,,,,,,,,,,,,,,,,,,,,,,,,,,,,,,,,,,,,,
598,200,,,,,,,200,21,,,北信産業 株式会社,財務会計R4,PC02,isobe-pc02,2023-04-15,,,,,,,,,,,,,,,,,,,,,,,,,,,,,,,,,
599,200,1,,,,,,,,,,,,,,,,,,,,,,,,,,,,,,,,,,,,,,,,,,,,,,,
600,200,2,,,,,,,,,,,,,,,,,,,,,,,,,,,,,,,,,,,,,,,,,,,,,,,
61,21,,,,,,,21,13,,,北信産業 株式会社,財務会計R4,PC02,ISOBE-PC01,2023-04-15,,,,,,,,,,,,,,,,,,,,,,,,,,,,,,,,,
62,21,1,,,,,,,,,,,,,,,,,,,,,,,,,,,,,,,,,,,,,,,,,,,,,,,
63,21,2,,,,,,,,,,,,,,,,,,,,,,,,,,,,,,,,,,,,,,,,,,,,,,,
64,22,,,,,,,22,14,,,北信産業 株式会社,財務会計R4,PC01,ISOBE-PC01,2022-09-02,,,,,,,,,,,,,,,,,,,,,,,,,,,,,,,,,
65,22,1,,,,,,,,,,,,,,,,,,,,,,,,,,,,,,,,,,,,,,,,,,,,,,,
66,22,2,,,,,,,,,,,,,,,,,,,,,,,,,,,,,,,,,,,,,,,,,,,,,,,
67,23,,,,,,,23,15,,,北信産業 株式会社,財務会計R4,PC02,ISOBE-PC01,2023-04-15,,,,,,,,,,,,,,,,,,,,,,,,,,,,,,,,,
68,23,1,,,,,,,,,,,,,,,,,,,,,,,,,,,,,,,,,,,,,,,,,,,,,,,
69,23,2,,,,,,,,,,,,,,,,,,,,,,,,,,,,,,,,,,,,,,,,,,,,,,,
70,24,,,,,,,24,16,,,北信産業 株式会社,財務会計R4,PC02,ISOBE-PC01,2023-04-15,,,,,,,,,,,,,,,,,,,,,,,,,,,,,,,,,
71,24,1,,,,,,,,,,,,,,,,,,,,,,,,,,,,,,,,,,,,,,,,,,,,,,,
72,24,2,,,,,,,,,,,,,,,,,,,,,,,,,,,,,,,,,,,,,,,,,,,,,,,
73,25,,,,,,,25,17,,,北信産業 株式会社,財務会計R4,PC02,ISOBE-PC01,2023-04-15,,,,,,,,,,,,,,,,,,,,,,,,,,,,,,,,,
74,25,1,,,,,,,,,,,,,,,,,,,,,,,,,,,,,,,,,,,,,,,,,,,,,,,
75,25,2,,,,,,,,,,,,,,,,,,,,,,,,,,,,,,,,,,,,,,,,,,,,,,,
76,26,,,,,,,26,26,,,北信産業 株式会社,財務会計R4,PC02,ISOBE-PC01,2023-04-15,,,,,,,,,,,,,,,,,,,,,,,,,,,,,,,,,
77,26,1,,,,,,,,,,,,,,,,,,,,,,,,,,,,,,,,,,,,,,,,,,,,,,,
78,26,2,,,,,,,,,,,,,,,,,,,,,,,,,,,,,,,,,,,,,,,,,,,,,,,
79,27,,,,,,,27,27,,,北信産業 株式会社,財務会計R4,PC03,ISOBE-PC01,2022-09-06,,,,,,,,,,,,,,,,,,,,,,,,,,,,,,,,,
80,27,1,,,,,,,,,,,,,,,,,,,,,,,,,,,,,,,,,,,,,,,,,,,,,,,
81,27,2,,,,,,,,,,,,,,,,,,,,,,,,,,,,,,,,,,,,,,,,,,,,,,,
82,28,,,,,,,28,27,,,北信産業 株式会社,財務会計R4,PC03,ISOBE-PC01,2022-09-06,,,,,,,,,,,,,,,,,,,,,,,,,,,,,,,,,
83,28,1,,,,,,,,,,,,,,,,,,,,,,,,,,,,,,,,,,,,,,,,,,,,,,,
84,28,2,,,,,,,,,,,,,,,,,,,,,,,,,,,,,,,,,,,,,,,,,,,,,,,
85,29,,,,,,,29,27,,,北信産業 株式会社,財務会計R4,PC03,ISOBE-PC01,2022-09-06,,,,,,,,,,,,,,,,,,,,,,,,,,,,,,,,,
86,29,1,,,,,,,,,,,,,,,,,,,,,,,,,,,,,,,,,,,,,,,,,,,,,,,
87,29,2,,,,,,,,,,,,,,,,,,,,,,,,,,,,,,,,,,,,,,,,,,,,,,,
7,3,,,,,,,3,3,,,北信産業 株式会社,財務会計R4,PC01,ISOBE-PC01,2022-09-02,,,,,,,,,,,,,,,,,,,,,,,,,,,,,,,,,
8,3,1,,,,,,,,,,,,,,,,,,,,,,,,,,,,,,,,,,,,,,,,,,,,,,,
9,3,2,,,,,,,,,,,,,,,,,,,,,,,,,,,,,,,,,,,,,,,,,,,,,,,
88,30,,,,,,,30,27,,,北信産業 株式会社,財務会計R4,PC03,ISOBE-PC01,2022-09-06,,,,,,,,,,,,,,,,,,,,,,,,,,,,,,,,,
89,30,1,,,,,,,,,,,,,,,,,,,,,,,,,,,,,,,,,,,,,,,,,,,,,,,
90,30,2,,,,,,,,,,,,,,,,,,,,,,,,,,,,,,,,,,,,,,,,,,,,,,,
91,31,,,,,,,31,28,,,北信産業 株式会社,財務会計R4,PC03,ISOBE-PC01,2022-09-06,,,,,,,,,,,,,,,,,,,,,,,,,,,,,,,,,
92,31,1,,,,,,,,,,,,,,,,,,,,,,,,,,,,,,,,,,,,,,,,,,,,,,,
93,31,2,,,,,,,,,,,,,,,,,,,,,,,,,,,,,,,,,,,,,,,,,,,,,,,
94,32,,,,,,,32,28,,,北信産業 株式会社,財務会計R4,PC01,ISOBE-PC01,2022-09-02,,,,,,,,,,,,,,,,,,,,,,,,,,,,,,,,,
95,32,1,,,,,,,,,,,,,,,,,,,,,,,,,,,,,,,,,,,,,,,,,,,,,,,
96,32,2,,,,,,,,,,,,,,,,,,,,,,,,,,,,,,,,,,,,,,,,,,,,,,,
97,33,,,,,,,33,28,,,北信産業 株式会社,財務会計R4,PC03,ISOBE-PC01,2022-09-06,,,,,,,,,,,,,,,,,,,,,,,,,,,,,,,,,
98,33,1,,,,,,,,,,,,,,,,,,,,,,,,,,,,,,,,,,,,,,,,,,,,,,,
99,33,2,,,,,,,,,,,,,,,,,,,,,,,,,,,,,,,,,,,,,,,,,,,,,,,
100,34,,,,,,,34,28,,,北信産業 株式会社,財務会計R4,PC03,ISOBE-PC01,2022-09-06,,,,,,,,,,,,,,,,,,,,,,,,,,,,,,,,,
101,34,1,,,,,,,,,,,,,,,,,,,,,,,,,,,,,,,,,,,,,,,,,,,,,,,
102,34,2,,,,,,,,,,,,,,,,,,,,,,,,,,,,,,,,,,,,,,,,,,,,,,,
103,35,,,,,,,35,29,,,北信産業 株式会社,財務会計R4,PC02,ISOBE-PC01,2023-04-15,,,,,,,,,,,,,,,,,,,,,,,,,,,,,,,,,
104,35,1,,,,,,,,,,,,,,,,,,,,,,,,,,,,,,,,,,,,,,,,,,,,,,,
105,35,2,,,,,,,,,,,,,,,,,,,,,,,,,,,,,,,,,,,,,,,,,,,,,,,
106,36,,,,,,,36,29,,,北信産業 株式会社,財務会計R4,PC02,ISOBE-PC01,2023-04-15,,,,,,,,,,,,,,,,,,,,,,,,,,,,,,,,,
107,36,1,,,,,,,,,,,,,,,,,,,,,,,,,,,,,,,,,,,,,,,,,,,,,,,
108,36,2,,,,,,,,,,,,,,,,,,,,,,,,,,,,,,,,,,,,,,,,,,,,,,,
109,37,,,,,,,37,29,,,北信産業 株式会社,財務会計R4,PC02,ISOBE-PC01,2023-04-15,,,,,,,,,,,,,,,,,,,,,,,,,,,,,,,,,
110,37,1,,,,,,,,,,,,,,,,,,,,,,,,,,,,,,,,,,,,,,,,,,,,,,,
111,37,2,,,,,,,,,,,,,,,,,,,,,,,,,,,,,,,,,,,,,,,,,,,,,,,
112,38,,,,,,,38,29,,,北信産業 株式会社,財務会計R4,PC02,ISOBE-PC01,2023-04-15,,,,,,,,,,,,,,,,,,,,,,,,,,,,,,,,,
113,38,1,,,,,,,,,,,,,,,,,,,,,,,,,,,,,,,,,,,,,,,,,,,,,,,
114,38,2,,,,,,,,,,,,,,,,,,,,,,,,,,,,,,,,,,,,,,,,,,,,,,,
115,39,,,,,,,39,29,,,北信産業 株式会社,財務会計R4,PC02,ISOBE-PC01,2023-04-15,,,,,,,,,,,,,,,,,,,,,,,,,,,,,,,,,
116,39,1,,,,,,,,,,,,,,,,,,,,,,,,,,,,,,,,,,,,,,,,,,,,,,,
117,39,2,,,,,,,,,,,,,,,,,,,,,,,,,,,,,,,,,,,,,,,,,,,,,,,
10,4,,,,,,,4,4,,,北信産業 株式会社,財務会計R4,PC01,ISOBE-PC01,2022-09-02,,,,,,,,,,,,,,,,,,,,,,,,,,,,,,,,,
11,4,1,,,,,,,,,,,,,,,,,,,,,,,,,,,,,,,,,,,,,,,,,,,,,,,
12,4,2,,,,,,,,,,,,,,,,,,,,,,,,,,,,,,,,,,,,,,,,,,,,,,,
118,40,,,,,,,40,30,,,北信産業 株式会社,財務会計R4,PC02,ISOBE-PC01,2023-04-15,,,,,,,,,,,,,,,,,,,,,,,,,,,,,,,,,
119,40,1,,,,,,,,,,,,,,,,,,,,,,,,,,,,,,,,,,,,,,,,,,,,,,,
120,40,2,,,,,,,,,,,,,,,,,,,,,,,,,,,,,,,,,,,,,,,,,,,,,,,
121,41,,,,,,,41,31,,,北信産業 株式会社,財務会計R4,PC02,ISOBE-PC01,2023-04-15,,,,,,,,,,,,,,,,,,,,,,,,,,,,,,,,,
122,41,1,,,,,,,,,,,,,,,,,,,,,,,,,,,,,,,,,,,,,,,,,,,,,,,
123,41,2,,,,,,,,,,,,,,,,,,,,,,,,,,,,,,,,,,,,,,,,,,,,,,,
124,42,,,,,,,42,32,,,北信産業 株式会社,財務会計R4,PC03,ISOBE-PC01,2022-09-06,,,,,,,,,,,,,,,,,,,,,,,,,,,,,,,,,
125,42,1,,,,,,,,,,,,,,,,,,,,,,,,,,,,,,,,,,,,,,,,,,,,,,,
126,42,2,,,,,,,,,,,,,,,,,,,,,,,,,,,,,,,,,,,,,,,,,,,,,,,
127,43,,,,,,,43,33,,,北信産業 株式会社,財務会計R4,PC02,ISOBE-PC01,2023-04-15,,,,,,,,,,,,,,,,,,,,,,,,,,,,,,,,,
128,43,1,,,,,,,,,,,,,,,,,,,,,,,,,,,,,,,,,,,,,,,,,,,,,,,
129,43,2,,,,,,,,,,,,,,,,,,,,,,,,,,,,,,,,,,,,,,,,,,,,,,,
130,44,,,,,,,44,34,,,北信産業 株式会社,財務会計R4,PC02,ISOBE-PC01,2023-04-15,,,,,,,,,,,,,,,,,,,,,,,,,,,,,,,,,
131,44,1,,,,,,,,,,,,,,,,,,,,,,,,,,,,,,,,,,,,,,,,,,,,,,,
132,44,2,,,,,,,,,,,,,,,,,,,,,,,,,,,,,,,,,,,,,,,,,,,,,,,
133,45,,,,,,,45,35,,,北信産業 株式会社,財務会計R4,PC02,ISOBE-PC01,2023-04-15,,,,,,,,,,,,,,,,,,,,,,,,,,,,,,,,,
134,45,1,,,,,,,,,,,,,,,,,,,,,,,,,,,,,,,,,,,,,,,,,,,,,,,
135,45,2,,,,,,,,,,,,,,,,,,,,,,,,,,,,,,,,,,,,,,,,,,,,,,,
136,46,,,,,,,46,36,,,北信産業 株式会社,財務会計R4,PC02,ISOBE-PC01,2023-04-15,,,,,,,,,,,,,,,,,,,,,,,,,,,,,,,,,
137,46,1,,,,,,,,,,,,,,,,,,,,,,,,,,,,,,,,,,,,,,,,,,,,,,,
138,46,2,,,,,,,,,,,,,,,,,,,,,,,,,,,,,,,,,,,,,,,,,,,,,,,
139,47,,,,,,,47,37,,,北信産業 株式会社,財務会計R4,PC02,ISOBE-PC01,2023-04-15,,,,,,,,,,,,,,,,,,,,,,,,,,,,,,,,,
140,47,1,,,,,,,,,,,,,,,,,,,,,,,,,,,,,,,,,,,,,,,,,,,,,,,
141,47,2,,,,,,,,,,,,,,,,,,,,,,,,,,,,,,,,,,,,,,,,,,,,,,,
142,48,,,,,,,48,38,,,北信産業 株式会社,財務会計R4,PC02,ISOBE-PC01,2023-04-15,,,,,,,,,,,,,,,,,,,,,,,,,,,,,,,,,
143,48,1,,,,,,,,,,,,,,,,,,,,,,,,,,,,,,,,,,,,,,,,,,,,,,,
144,48,2,,,,,,,,,,,,,,,,,,,,,,,,,,,,,,,,,,,,,,,,,,,,,,,
145,49,,,,,,,49,39,,,北信産業 株式会社,財務会計R4,PC02,ISOBE-PC01,2023-04-15,,,,,,,,,,,,,,,,,,,,,,,,,,,,,,,,,
146,49,1,,,,,,,,,,,,,,,,,,,,,,,,,,,,,,,,,,,,,,,,,,,,,,,
147,49,2,,,,,,,,,,,,,,,,,,,,,,,,,,,,,,,,,,,,,,,,,,,,,,,
13,5,,,,,,,5,5,,,北信産業 株式会社,財務会計R4,PC02,ISOBE-PC01,2023-04-15,,,,,,,,,,,,,,,,,,,,,,,,,,,,,,,,,
14,5,1,,,,,,,,,,,,,,,,,,,,,,,,,,,,,,,,,,,,,,,,,,,,,,,
15,5,2,,,,,,,,,,,,,,,,,,,,,,,,,,,,,,,,,,,,,,,,,,,,,,,
148,50,,,,,,,50,40,,,北信産業 株式会社,財務会計R4,PC02,ISOBE-PC01,2023-04-15,,,,,,,,,,,,,,,,,,,,,,,,,,,,,,,,,
149,50,1,,,,,,,,,,,,,,,,,,,,,,,,,,,,,,,,,,,,,,,,,,,,,,,
150,50,2,,,,,,,,,,,,,,,,,,,,,,,,,,,,,,,,,,,,,,,,,,,,,,,
151,51,,,,,,,51,41,,,北信産業 株式会社,財務会計R4,PC02,ISOBE-PC01,2023-04-15,,,,,,,,,,,,,,,,,,,,,,,,,,,,,,,,,
152,51,1,,,,,,,,,,,,,,,,,,,,,,,,,,,,,,,,,,,,,,,,,,,,,,,
153,51,2,,,,,,,,,,,,,,,,,,,,,,,,,,,,,,,,,,,,,,,,,,,,,,,
154,52,,,,,,,52,41,,,北信産業 株式会社,財務会計R4,PC02,WS017,2023-04-15,,,,,,,,,,,,,,,,,,,,,,,,,,,,,,,,,
155,52,1,,,,,,,,,,,,,,,,,,,,,,,,,,,,,,,,,,,,,,,,,,,,,,,
156,52,2,,,,,,,,,,,,,,,,,,,,,,,,,,,,,,,,,,,,,,,,,,,,,,,
157,53,,,,,,,53,41,,,北信産業 株式会社,財務会計R4,PC02,WS017,2023-04-15,,,,,,,,,,,,,,,,,,,,,,,,,,,,,,,,,
158,53,1,,,,,,,,,,,,,,,,,,,,,,,,,,,,,,,,,,,,,,,,,,,,,,,
159,53,2,,,,,,,,,,,,,,,,,,,,,,,,,,,,,,,,,,,,,,,,,,,,,,,
160,54,,,,,,,54,41,,,北信産業 株式会社,財務会計R4,PC02,WS017,2023-04-15,,,,,,,,,,,,,,,,,,,,,,,,,,,,,,,,,
161,54,1,,,,,,,,,,,,,,,,,,,,,,,,,,,,,,,,,,,,,,,,,,,,,,,
162,54,2,,,,,,,,,,,,,,,,,,,,,,,,,,,,,,,,,,,,,,,,,,,,,,,
163,55,,,,,,,55,42,,,北信産業 株式会社,財務会計R4,PC02,ISOBE-PC01,2023-04-15,,,,,,,,,,,,,,,,,,,,,,,,,,,,,,,,,
164,55,1,,,,,,,,,,,,,,,,,,,,,,,,,,,,,,,,,,,,,,,,,,,,,,,
165,55,2,,,,,,,,,,,,,,,,,,,,,,,,,,,,,,,,,,,,,,,,,,,,,,,
166,56,,,,,,,56,42,,,北信産業 株式会社,財務会計R4,PC02,WS017,2023-04-15,,,,,,,,,,,,,,,,,,,,,,,,,,,,,,,,,
167,56,1,,,,,,,,,,,,,,,,,,,,,,,,,,,,,,,,,,,,,,,,,,,,,,,
168,56,2,,,,,,,,,,,,,,,,,,,,,,,,,,,,,,,,,,,,,,,,,,,,,,,
169,57,,,,,,,57,43,,,北信産業 株式会社,財務会計R4,PC01,ISOBE-PC01,2022-09-02,,,,,,,,,,,,,,,,,,,,,,,,,,,,,,,,,
170,57,1,,,,,,,,,,,,,,,,,,,,,,,,,,,,,,,,,,,,,,,,,,,,,,,
171,57,2,,,,,,,,,,,,,,,,,,,,,,,,,,,,,,,,,,,,,,,,,,,,,,,
172,58,,,,,,,58,44,,,北信産業 株式会社,財務会計R4,PC02,ISOBE-PC01,2023-04-15,,,,,,,,,,,,,,,,,,,,,,,,,,,,,,,,,
173,58,1,,,,,,,,,,,,,,,,,,,,,,,,,,,,,,,,,,,,,,,,,,,,,,,
174,58,2,,,,,,,,,,,,,,,,,,,,,,,,,,,,,,,,,,,,,,,,,,,,,,,
175,59,,,,,,,59,45,,,北信産業 株式会社,財務会計R4,PC01,ISOBE-PC01,2022-09-02,,,,,,,,,,,,,,,,,,,,,,,,,,,,,,,,,
176,59,1,,,,,,,,,,,,,,,,,,,,,,,,,,,,,,,,,,,,,,,,,,,,,,,
177,59,2,,,,,,,,,,,,,,,,,,,,,,,,,,,,,,,,,,,,,,,,,,,,,,,
16,6,,,,,,,6,5,,,北信産業 株式会社,財務会計R4,PC02,ISOBE-PC01,2023-04-15,,,,,,,,,,,,,,,,,,,,,,,,,,,,,,,,,
17,6,1,,,,,,,,,,,,,,,,,,,,,,,,,,,,,,,,,,,,,,,,,,,,,,,
18,6,2,,,,,,,,,,,,,,,,,,,,,,,,,,,,,,,,,,,,,,,,,,,,,,,
178,60,,,,,,,60,46,,,北信産業 株式会社,財務会計R4,PC02,ISOBE-PC01,2023-04-15,,,,,,,,,,,,,,,,,,,,,,,,,,,,,,,,,
179,60,1,,,,,,,,,,,,,,,,,,,,,,,,,,,,,,,,,,,,,,,,,,,,,,,
180,60,2,,,,,,,,,,,,,,,,,,,,,,,,,,,,,,,,,,,,,,,,,,,,,,,
181,61,,,,,,,61,47,,,北信産業 株式会社,財務会計R4,PC02,ISOBE-PC01,2023-04-15,,,,,,,,,,,,,,,,,,,,,,,,,,,,,,,,,
182,61,1,,,,,,,,,,,,,,,,,,,,,,,,,,,,,,,,,,,,,,,,,,,,,,,
183,61,2,,,,,,,,,,,,,,,,,,,,,,,,,,,,,,,,,,,,,,,,,,,,,,,
184,62,,,,,,,62,48,,,北信産業 株式会社,財務会計R4,PC01,ISOBE-PC01,2022-09-02,,,,,,,,,,,,,,,,,,,,,,,,,,,,,,,,,
185,62,1,,,,,,,,,,,,,,,,,,,,,,,,,,,,,,,,,,,,,,,,,,,,,,,
186,62,2,,,,,,,,,,,,,,,,,,,,,,,,,,,,,,,,,,,,,,,,,,,,,,,
187,63,,,,,,,63,49,,,北信産業 株式会社,財務会計R4,PC01,ISOBE-PC01,2022-09-02,,,,,,,,,,,,,,,,,,,,,,,,,,,,,,,,,
188,63,1,,,,,,,,,,,,,,,,,,,,,,,,,,,,,,,,,,,,,,,,,,,,,,,
189,63,2,,,,,,,,,,,,,,,,,,,,,,,,,,,,,,,,,,,,,,,,,,,,,,,
190,64,,,,,,,64,50,,,北信産業 株式会社,財務会計R4,PC02,ISOBE-PC01,2023-04-15,,,,,,,,,,,,,,,,,,,,,,,,,,,,,,,,,
191,64,1,,,,,,,,,,,,,,,,,,,,,,,,,,,,,,,,,,,,,,,,,,,,,,,
192,64,2,,,,,,,,,,,,,,,,,,,,,,,,,,,,,,,,,,,,,,,,,,,,,,,
193,65,,,,,,,65,51,,,北信産業 株式会社,財務会計R4,PC02,ISOBE-PC01,2023-04-15,,,,,,,,,,,,,,,,,,,,,,,,,,,,,,,,,
194,65,1,,,,,,,,,,,,,,,,,,,,,,,,,,,,,,,,,,,,,,,,,,,,,,,
195,65,2,,,,,,,,,,,,,,,,,,,,,,,,,,,,,,,,,,,,,,,,,,,,,,,
196,66,,,,,,,66,52,,,北信産業 株式会社,財務会計R4,PC01,ISOBE-PC01,2022-09-02,,,,,,,,,,,,,,,,,,,,,,,,,,,,,,,,,
197,66,1,,,,,,,,,,,,,,,,,,,,,,,,,,,,,,,,,,,,,,,,,,,,,,,
198,66,2,,,,,,,,,,,,,,,,,,,,,,,,,,,,,,,,,,,,,,,,,,,,,,,
199,67,,,,,,,67,53,,,北信産業 株式会社,財務会計R4,PC01,ISOBE-PC01,2022-09-02,,,,,,,,,,,,,,,,,,,,,,,,,,,,,,,,,
200,67,1,,,,,,,,,,,,,,,,,,,,,,,,,,,,,,,,,,,,,,,,,,,,,,,
201,67,2,,,,,,,,,,,,,,,,,,,,,,,,,,,,,,,,,,,,,,,,,,,,,,,
202,68,,,,,,,68,54,,,北信産業 株式会社,財務会計R4,PC03,ISOBE-PC01,2022-09-06,,,,,,,,,,,,,,,,,,,,,,,,,,,,,,,,,
203,68,1,,,,,,,,,,,,,,,,,,,,,,,,,,,,,,,,,,,,,,,,,,,,,,,
204,68,2,,,,,,,,,,,,,,,,,,,,,,,,,,,,,,,,,,,,,,,,,,,,,,,
205,69,,,,,,,69,55,,,北信産業 株式会社,財務会計R4,PC02,ISOBE-PC01,2023-04-15,,,,,,,,,,,,,,,,,,,,,,,,,,,,,,,,,
206,69,1,,,,,,,,,,,,,,,,,,,,,,,,,,,,,,,,,,,,,,,,,,,,,,,
207,69,2,,,,,,,,,,,,,,,,,,,,,,,,,,,,,,,,,,,,,,,,,,,,,,,
19,7,,,,,,,7,5,,,北信産業 株式会社,財務会計R4,PC02,ISOBE-PC01,2023-04-15,,,,,,,,,,,,,,,,,,,,,,,,,,,,,,,,,
20,7,1,,,,,,,,,,,,,,,,,,,,,,,,,,,,,,,,,,,,,,,,,,,,,,,
21,7,2,,,,,,,,,,,,,,,,,,,,,,,,,,,,,,,,,,,,,,,,,,,,,,,
208,70,,,,,,,70,56,,,北信産業 株式会社,財務会計R4,PC02,ISOBE-PC01,2023-04-15,,,,,,,,,,,,,,,,,,,,,,,,,,,,,,,,,
209,70,1,,,,,,,,,,,,,,,,,,,,,,,,,,,,,,,,,,,,,,,,,,,,,,,
210,70,2,,,,,,,,,,,,,,,,,,,,,,,,,,,,,,,,,,,,,,,,,,,,,,,
211,71,,,,,,,71,57,,,北信産業 株式会社,財務会計R4,PC02,ISOBE-PC01,2023-04-15,,,,,,,,,,,,,,,,,,,,,,,,,,,,,,,,,
212,71,1,,,,,,,,,,,,,,,,,,,,,,,,,,,,,,,,,,,,,,,,,,,,,,,
213,71,2,,,,,,,,,,,,,,,,,,,,,,,,,,,,,,,,,,,,,,,,,,,,,,,
214,72,,,,,,,72,58,,,北信産業 株式会社,財務会計R4,PC02,ISOBE-PC01,2023-04-15,,,,,,,,,,,,,,,,,,,,,,,,,,,,,,,,,
215,72,1,,,,,,,,,,,,,,,,,,,,,,,,,,,,,,,,,,,,,,,,,,,,,,,
216,72,2,,,,,,,,,,,,,,,,,,,,,,,,,,,,,,,,,,,,,,,,,,,,,,,
217,73,,,,,,,73,59,,,北信産業 株式会社,財務会計R4,PC02,ISOBE-PC01,2023-04-15,,,,,,,,,,,,,,,,,,,,,,,,,,,,,,,,,
218,73,1,,,,,,,,,,,,,,,,,,,,,,,,,,,,,,,,,,,,,,,,,,,,,,,
219,73,2,,,,,,,,,,,,,,,,,,,,,,,,,,,,,,,,,,,,,,,,,,,,,,,
220,74,,,,,,,74,60,,,北信産業 株式会社,財務会計R4,PC02,ISOBE-PC01,2023-04-15,,,,,,,,,,,,,,,,,,,,,,,,,,,,,,,,,
221,74,1,,,,,,,,,,,,,,,,,,,,,,,,,,,,,,,,,,,,,,,,,,,,,,,
222,74,2,,,,,,,,,,,,,,,,,,,,,,,,,,,,,,,,,,,,,,,,,,,,,,,
223,75,,,,,,,75,61,,,北信産業 株式会社,財務会計R4,PC02,ISOBE-PC01,2023-04-15,,,,,,,,,,,,,,,,,,,,,,,,,,,,,,,,,
224,75,1,,,,,,,,,,,,,,,,,,,,,,,,,,,,,,,,,,,,,,,,,,,,,,,
225,75,2,,,,,,,,,,,,,,,,,,,,,,,,,,,,,,,,,,,,,,,,,,,,,,,
226,76,,,,,,,76,62,,,北信産業 株式会社,財務会計R4,PC02,ISOBE-PC01,2023-04-15,,,,,,,,,,,,,,,,,,,,,,,,,,,,,,,,,
227,76,1,,,,,,,,,,,,,,,,,,,,,,,,,,,,,,,,,,,,,,,,,,,,,,,
228,76,2,,,,,,,,,,,,,,,,,,,,,,,,,,,,,,,,,,,,,,,,,,,,,,,
229,77,,,,,,,77,63,,,北信産業 株式会社,財務会計R4,PC01,ISOBE-PC01,2022-09-02,,,,,,,,,,,,,,,,,,,,,,,,,,,,,,,,,
230,77,1,,,,,,,,,,,,,,,,,,,,,,,,,,,,,,,,,,,,,,,,,,,,,,,
231,77,2,,,,,,,,,,,,,,,,,,,,,,,,,,,,,,,,,,,,,,,,,,,,,,,
232,78,,,,,,,78,64,,,北信産業 株式会社,財務会計R4,PC01,ISOBE-PC01,2022-09-02,,,,,,,,,,,,,,,,,,,,,,,,,,,,,,,,,
233,78,1,,,,,,,,,,,,,,,,,,,,,,,,,,,,,,,,,,,,,,,,,,,,,,,
234,78,2,,,,,,,,,,,,,,,,,,,,,,,,,,,,,,,,,,,,,,,,,,,,,,,
235,79,,,,,,,79,65,,,北信産業 株式会社,財務会計R4,PC03,WS017,2022-09-06,,,,,,,,,,,,,,,,,,,,,,,,,,,,,,,,,
236,79,1,,,,,,,,,,,,,,,,,,,,,,,,,,,,,,,,,,,,,,,,,,,,,,,
237,79,2,,,,,,,,,,,,,,,,,,,,,,,,,,,,,,,,,,,,,,,,,,,,,,,
22,8,,,,,,,8,6,,,北信産業 株式会社,財務会計R4,PC02,ISOBE-PC01,2023-04-15,,,,,,,,,,,,,,,,,,,,,,,,,,,,,,,,,
23,8,1,,,,,,,,,,,,,,,,,,,,,,,,,,,,,,,,,,,,,,,,,,,,,,,
24,8,2,,,,,,,,,,,,,,,,,,,,,,,,,,,,,,,,,,,,,,,,,,,,,,,
238,80,,,,,,,80,66,,,北信産業 株式会社,財務会計R4,PC03,WS017,2022-09-06,,,,,,,,,,,,,,,,,,,,,,,,,,,,,,,,,
239,80,1,,,,,,,,,,,,,,,,,,,,,,,,,,,,,,,,,,,,,,,,,,,,,,,
240,80,2,,,,,,,,,,,,,,,,,,,,,,,,,,,,,,,,,,,,,,,,,,,,,,,
241,81,,,,,,,81,67,,,北信産業 株式会社,財務会計R4,PC03,WS017,2022-09-06,,,,,,,,,,,,,,,,,,,,,,,,,,,,,,,,,
242,81,1,,,,,,,,,,,,,,,,,,,,,,,,,,,,,,,,,,,,,,,,,,,,,,,
243,81,2,,,,,,,,,,,,,,,,,,,,,,,,,,,,,,,,,,,,,,,,,,,,,,,
244,82,,,,,,,82,68,,,北信産業 株式会社,財務会計R4,PC02,WS017,2023-04-15,,,,,,,,,,,,,,,,,,,,,,,,,,,,,,,,,
245,82,1,,,,,,,,,,,,,,,,,,,,,,,,,,,,,,,,,,,,,,,,,,,,,,,
246,82,2,,,,,,,,,,,,,,,,,,,,,,,,,,,,,,,,,,,,,,,,,,,,,,,
247,83,,,,,,,83,69,,,北信産業 株式会社,財務会計R4,PC02,WS017,2023-04-15,,,,,,,,,,,,,,,,,,,,,,,,,,,,,,,,,
248,83,1,,,,,,,,,,,,,,,,,,,,,,,,,,,,,,,,,,,,,,,,,,,,,,,
249,83,2,,,,,,,,,,,,,,,,,,,,,,,,,,,,,,,,,,,,,,,,,,,,,,,
250,84,,,,,,,84,70,,,北信産業 株式会社,財務会計R4,PC03,WS017,2022-09-06,,,,,,,,,,,,,,,,,,,,,,,,,,,,,,,,,
251,84,1,,,,,,,,,,,,,,,,,,,,,,,,,,,,,,,,,,,,,,,,,,,,,,,
252,84,2,,,,,,,,,,,,,,,,,,,,,,,,,,,,,,,,,,,,,,,,,,,,,,,
253,85,,,,,,,85,70,,,北信産業 株式会社,財務会計R4,PC03,WS017,2022-09-06,,,,,,,,,,,,,,,,,,,,,,,,,,,,,,,,,
254,85,1,,,,,,,,,,,,,,,,,,,,,,,,,,,,,,,,,,,,,,,,,,,,,,,
255,85,2,,,,,,,,,,,,,,,,,,,,,,,,,,,,,,,,,,,,,,,,,,,,,,,
256,86,,,,,,,86,71,,,北信産業 株式会社,財務会計R4,PC02,WS017,2023-04-15,,,,,,,,,,,,,,,,,,,,,,,,,,,,,,,,,
257,86,1,,,,,,,,,,,,,,,,,,,,,,,,,,,,,,,,,,,,,,,,,,,,,,,
258,86,2,,,,,,,,,,,,,,,,,,,,,,,,,,,,,,,,,,,,,,,,,,,,,,,
259,87,,,,,,,87,72,,,北信産業 株式会社,財務会計R4,PC02,WS017,2023-04-15,,,,,,,,,,,,,,,,,,,,,,,,,,,,,,,,,
260,87,1,,,,,,,,,,,,,,,,,,,,,,,,,,,,,,,,,,,,,,,,,,,,,,,
261,87,2,,,,,,,,,,,,,,,,,,,,,,,,,,,,,,,,,,,,,,,,,,,,,,,
262,88,,,,,,,88,73,,,北信産業 株式会社,財務会計R4,PC02,WS017,2023-04-15,,,,,,,,,,,,,,,,,,,,,,,,,,,,,,,,,
263,88,1,,,,,,,,,,,,,,,,,,,,,,,,,,,,,,,,,,,,,,,,,,,,,,,
264,88,2,,,,,,,,,,,,,,,,,,,,,,,,,,,,,,,,,,,,,,,,,,,,,,,
265,89,,,,,,,89,74,,,北信産業 株式会社,財務会計R4,PC02,WS017,2023-04-15,,,,,,,,,,,,,,,,,,,,,,,,,,,,,,,,,
266,89,1,,,,,,,,,,,,,,,,,,,,,,,,,,,,,,,,,,,,,,,,,,,,,,,
267,89,2,,,,,,,,,,,,,,,,,,,,,,,,,,,,,,,,,,,,,,,,,,,,,,,
25,9,,,,,,,9,6,,,北信産業 株式会社,財務会計R4,PC02,ISOBE-PC01,2023-04-15,,,,,,,,,,,,,,,,,,,,,,,,,,,,,,,,,
26,9,1,,,,,,,,,,,,,,,,,,,,,,,,,,,,,,,,,,,,,,,,,,,,,,,
27,9,2,,,,,,,,,,,,,,,,,,,,,,,,,,,,,,,,,,,,,,,,,,,,,,,
268,90,,,,,,,90,75,,,北信産業 株式会社,財務会計R4,PC02,WS017,2023-04-15,,,,,,,,,,,,,,,,,,,,,,,,,,,,,,,,,
269,90,1,,,,,,,,,,,,,,,,,,,,,,,,,,,,,,,,,,,,,,,,,,,,,,,
270,90,2,,,,,,,,,,,,,,,,,,,,,,,,,,,,,,,,,,,,,,,,,,,,,,,
271,91,,,,,,,91,1,,,北信産業 株式会社,財務会計R4,PC01,ISOBE-PC01,2022-10-05,,,,,,,,,,,,,,,,,,,,,,,,,,,,,,,,,
272,91,1,,,,,,,,,,,,,,,,,,,,,,,,,,,,,,,,,,,,,,,,,,,,,,,
273,91,2,,,,,,,,,,,,,,,,,,,,,,,,,,,,,,,,,,,,,,,,,,,,,,,
274,92,,,,,,,92,3,,,北信産業 株式会社,財務会計R4,PC01,ISOBE-PC01,2022-10-05,,,,,,,,,,,,,,,,,,,,,,,,,,,,,,,,,
275,92,1,,,,,,,,,,,,,,,,,,,,,,,,,,,,,,,,,,,,,,,,,,,,,,,
276,92,2,,,,,,,,,,,,,,,,,,,,,,,,,,,,,,,,,,,,,,,,,,,,,,,
277,93,,,,,,,93,4,,,北信産業 株式会社,財務会計R4,PC02,ISOBE-PC01,2023-04-15,,,,,,,,,,,,,,,,,,,,,,,,,,,,,,,,,
278,93,1,,,,,,,,,,,,,,,,,,,,,,,,,,,,,,,,,,,,,,,,,,,,,,,
279,93,2,,,,,,,,,,,,,,,,,,,,,,,,,,,,,,,,,,,,,,,,,,,,,,,
280,94,,,,,,,94,5,,,北信産業 株式会社,財務会計R4,PC02,ISOBE-PC01,2023-04-15,,,,,,,,,,,,,,,,,,,,,,,,,,,,,,,,,
281,94,1,,,,,,,,,,,,,,,,,,,,,,,,,,,,,,,,,,,,,,,,,,,,,,,
282,94,2,,,,,,,,,,,,,,,,,,,,,,,,,,,,,,,,,,,,,,,,,,,,,,,
283,95,,,,,,,95,6,,,北信産業 株式会社,財務会計R4,PC01,ISOBE-PC01,2022-10-05,,,,,,,,,,,,,,,,,,,,,,,,,,,,,,,,,
284,95,1,,,,,,,,,,,,,,,,,,,,,,,,,,,,,,,,,,,,,,,,,,,,,,,
285,95,2,,,,,,,,,,,,,,,,,,,,,,,,,,,,,,,,,,,,,,,,,,,,,,,
286,96,,,,,,,96,7,,,北信産業 株式会社,財務会計R4,PC02,ISOBE-PC01,2023-04-15,,,,,,,,,,,,,,,,,,,,,,,,,,,,,,,,,
287,96,1,,,,,,,,,,,,,,,,,,,,,,,,,,,,,,,,,,,,,,,,,,,,,,,
288,96,2,,,,,,,,,,,,,,,,,,,,,,,,,,,,,,,,,,,,,,,,,,,,,,,
289,97,,,,,,,97,8,,,北信産業 株式会社,財務会計R4,PC02,ISOBE-PC01,2022-10-08,,,,,,,,,,,,,,,,,,,,,,,,,,,,,,,,,
290,97,1,,,,,,,,,,,,,,,,,,,,,,,,,,,,,,,,,,,,,,,,,,,,,,,
291,97,2,,,,,,,,,,,,,,,,,,,,,,,,,,,,,,,,,,,,,,,,,,,,,,,
292,98,,,,,,,98,9,,,北信産業 株式会社,財務会計R4,PC01,ISOBE-PC01,2022-10-05,,,,,,,,,,,,,,,,,,,,,,,,,,,,,,,,,
293,98,1,,,,,,,,,,,,,,,,,,,,,,,,,,,,,,,,,,,,,,,,,,,,,,,
294,98,2,,,,,,,,,,,,,,,,,,,,,,,,,,,,,,,,,,,,,,,,,,,,,,,
295,99,,,,,,,99,10,,,北信産業 株式会社,財務会計R4,PC02,ISOBE-PC01,2022-10-08,,,,,,,,,,,,,,,,,,,,,,,,,,,,,,,,,
296,99,1,,,,,,,,,,,,,,,,,,,,,,,,,,,,,,,,,,,,,,,,,,,,,,,
297,99,2,,,,,,,,,,,,,,,,,,,,,,,,,,,,,,,,,,,,,,,,,,,,,,,
601,END,,,,,,,,,,,,,,,,,,,,,,,,,,,,,,,,,,,,,,,,,,,,,,,,
