num,GL,GL詳細,税情報,勘定科目セグメント,事業セグメント,seq,仕訳ID,文書コメント,ソースコード,ソース説明,ERPサブレジャーモジュール,システムマニュアル識別子,作成者ユーザーID,作成日,明細行番号,転記日付,仕訳エントリタイプコード,仕訳エントリ行説明,借方/貸方インディケータ,元文書番号,元文書日付,勘定科目番号,勘定科目名,財務諸表キャプション,金額,通貨コード,記帳日,税コード,税率,税コード説明,勘定科目セグメント番号,勘定科目セグメントコード,勘定科目セグメント名,事業セグメント順序番号,事業セグメントコード,組織タイプ名
1,1,,,,,1,1,,,北信産業 株式会社,財務会計R4,PC01,ISOBE-PC01,2022-09-02,1,2022-07-04,4,預金引出,,,,,,,,,,,,,,,,,,
2,1,1,,,,,,,,,,,,,,,,,借方,,,100,現金,,150000,,,,,,,,,,,
3,1,2,,,,,,,,,,,,,,,,,貸方,,,110,城北信当座預金,,150000,,,,,,,,,,,
4,2,,,,,2,2,,,北信産業 株式会社,財務会計R4,PC02,ISOBE-PC01,2023-04-15,1,2022-07-04,4,ＡＢＣ工務店､看板取り外し処分,,,,,,,,,,,,,,,,,,
5,2,1,,,,,,,,,,,,,,,,,借方,,,529,修繕費,,50000,,,32,10,消費税,資金区分,56,,,,
6,2,2,,,,,,,,,,,,,,,,,貸方,,,100,現金,,50000,,,,,,,,,,,
7,3,,,,,3,3,,,北信産業 株式会社,財務会計R4,PC01,ISOBE-PC01,2022-09-02,1,2022-07-11,4,信金ｸﾚｼﾞｯﾄ扱ETC､有料道路代,,,,,,,,,,,,,,,,,,
8,3,1,,,,,,,,,,,,,,,,,借方,,,204,未払金,,7860,,,,,,資金区分,67,,,,
9,3,2,,,,,,,,,,,,,,,,,貸方,,,110,城北信当座預金,,7860,,,,,,,,,,,
10,4,,,,,4,4,,,北信産業 株式会社,財務会計R4,PC01,ISOBE-PC01,2022-09-02,1,2022-07-11,4,城北信金､ｱﾝｻｰﾎﾝ手数料,,,,,,,,,,,,,,,,,,
11,4,1,,,,,,,,,,,,,,,,,借方,,,512,支払手数料,,1100,,,32,10,消費税,資金区分,56,,,,
12,4,2,,,,,,,,,,,,,,,,,貸方,,,110,城北信当座預金,,1100,,,,,,,,,,,
13,5,,,,,5,5,,,北信産業 株式会社,財務会計R4,PC02,ISOBE-PC01,2023-04-15,1,2022-07-11,3,大田コンサル､顧問料,,,,,,,,,,,,,,,,,,
14,5,1,,,,,,,,,,,,,,,,,借方,,,512,支払手数料,,24444,,,32,10,消費税,資金区分,56,,,,
15,5,2,,,,,,,,,,,,,,,,,貸方,,,999,諸口,,24444,,,,,,,,,,,
16,6,,,,,6,5,,,北信産業 株式会社,財務会計R4,PC02,ISOBE-PC01,2023-04-15,2,2022-07-11,3,大田コンサル､顧問料,,,,,,,,,,,,,,,,,,
17,6,1,,,,,,,,,,,,,,,,,借方,,,999,諸口,,22176,,,,,,,,,,,
18,6,2,,,,,,,,,,,,,,,,,貸方,,,110,城北信当座預金,,22176,,,,,,,,,,,
19,7,,,,,7,5,,,北信産業 株式会社,財務会計R4,PC02,ISOBE-PC01,2023-04-15,3,2022-07-11,3,大田コンサル､源泉所得税,,,,,,,,,,,,,,,,,,
20,7,1,,,,,,,,,,,,,,,,,借方,,,999,諸口,,2268,,,,,,,,,,,
21,7,2,,,,,,,,,,,,,,,,,貸方,,,208,預り金,,2268,,,,,,資金区分,4,,,,
22,8,,,,,8,6,,,北信産業 株式会社,財務会計R4,PC02,ISOBE-PC01,2023-04-15,1,2022-07-11,3,イロハ社労士事務所､労働保険諸手続,,,,,,,,,,,,,,,,,,
23,8,1,,,,,,,,,,,,,,,,,借方,,,512,支払手数料,,55000,,,32,10,消費税,資金区分,56,,,,
24,8,2,,,,,,,,,,,,,,,,,貸方,,,999,諸口,,55000,,,,,,,,,,,
25,9,,,,,9,6,,,北信産業 株式会社,財務会計R4,PC02,ISOBE-PC01,2023-04-15,2,2022-07-11,3,イロハ社労士事務所､労保諸手続報酬払い,,,,,,,,,,,,,,,,,,
26,9,1,,,,,,,,,,,,,,,,,借方,,,999,諸口,,49895,,,,,,,,,,,
27,9,2,,,,,,,,,,,,,,,,,貸方,,,110,城北信当座預金,,49895,,,,,,,,,,,
28,10,,,,,10,6,,,北信産業 株式会社,財務会計R4,PC02,ISOBE-PC01,2023-04-15,3,2022-07-11,3,イロハ社労士事務所､源泉所得税,,,,,,,,,,,,,,,,,,
29,10,1,,,,,,,,,,,,,,,,,借方,,,999,諸口,,5105,,,,,,,,,,,
30,10,2,,,,,,,,,,,,,,,,,貸方,,,208,預り金,,5105,,,,,,資金区分,4,,,,
31,11,,,,,11,7,,,北信産業 株式会社,財務会計R4,PC02,ISOBE-PC01,2023-04-15,1,2022-07-12,4,ＸＹＺ司法書士､解散登記法定費用分,,,,,,,,,,,,,,,,,,
32,11,1,,,,,,,,,,,,,,,,,借方,,,154,仮払金,,50000,,,,,,資金区分,64,,,,
33,11,2,,,,,,,,,,,,,,,,,貸方,,,110,城北信当座預金,,50000,,,,,,,,,,,
34,12,,,,,12,8,,,北信産業 株式会社,財務会計R4,PC01,ISOBE-PC01,2022-09-02,1,2022-07-14,4,㈱越後屋,,,,,,,,,,,,,,,,,,
35,12,1,,,,,,,,,,,,,,,,,借方,,,111,三菱東京UFJ当座預金,,110000,,,,,,,,,,,
36,12,2,,,,,,,,,,,,,,,,,貸方,,,131,売掛金,,110000,,,,,,資金区分,2,,,,
37,13,,,,,13,9,,,北信産業 株式会社,財務会計R4,PC02,ISOBE-PC01,2023-04-15,1,2022-07-20,3,大手町機工､売掛回収,,,,,,,,,,,,,,,,,,
38,13,1,,,,,,,,,,,,,,,,,借方,,,111,三菱東京UFJ当座預金,,29810,,,,,,,,,,,
39,13,2,,,,,,,,,,,,,,,,,貸方,,,999,諸口,,29810,,,,,,,,,,,
40,14,,,,,14,9,,,北信産業 株式会社,財務会計R4,PC02,ISOBE-PC01,2023-04-15,2,2022-07-20,3,大手町機工､振込料,,,,,,,,,,,,,,,,,,
41,14,1,,,,,,,,,,,,,,,,,借方,,,512,支払手数料,,880,,,32,10,消費税,資金区分,56,,,,
42,14,2,,,,,,,,,,,,,,,,,貸方,,,999,諸口,,880,,,,,,,,,,,
43,15,,,,,15,9,,,北信産業 株式会社,財務会計R4,PC02,ISOBE-PC01,2023-04-15,3,2022-07-20,3,大手町機工､振込入金,,,,,,,,,,,,,,,,,,
44,15,1,,,,,,,,,,,,,,,,,借方,,,999,諸口,,30690,,,,,,,,,,,
45,15,2,,,,,,,,,,,,,,,,,貸方,,,131,売掛金,,30690,,,,,,資金区分,2,,,,
46,16,,,,,16,10,,,北信産業 株式会社,財務会計R4,PC02,ISOBE-PC01,2023-04-15,1,2022-07-25,4,"八重洲商事駐車場､13,000X税1,300､8月分",,,,,,,,,,,,,,,,,,
47,16,1,,,,,,,,,,,,,,,,,借方,,,528,地代・家賃,,14300,,,32,10,消費税,資金区分,55,,,,
48,16,2,,,,,,,,,,,,,,,,,貸方,,,110,城北信当座預金,,14300,,,,,,,,,,,
49,17,,,,,17,11,,,北信産業 株式会社,財務会計R4,PC01,ISOBE-PC01,2022-09-02,1,2022-07-25,4,銀行振替,,,,,,,,,,,,,,,,,,
50,17,1,,,,,,,,,,,,,,,,,借方,,,110,城北信当座預金,,6600000,,,,,,,,,,,
51,17,2,,,,,,,,,,,,,,,,,貸方,,,111,三菱東京UFJ当座預金,,6600000,,,,,,,,,,,
52,18,,,,,18,12,,,北信産業 株式会社,財務会計R4,PC02,ISOBE-PC01,2023-04-15,1,2022-07-25,3,日比谷建業㈱､売掛回収,,,,,,,,,,,,,,,,,,
53,18,1,,,,,,,,,,,,,,,,,借方,,,111,三菱東京UFJ当座預金,,6486393,,,,,,,,,,,
54,18,2,,,,,,,,,,,,,,,,,貸方,,,999,諸口,,6486393,,,,,,,,,,,
55,19,,,,,19,12,,,北信産業 株式会社,財務会計R4,PC02,ISOBE-PC01,2023-04-15,2,2022-07-25,3,日比谷建業㈱､振込料,,,,,,,,,,,,,,,,,,
56,19,1,,,,,,,,,,,,,,,,,借方,,,512,支払手数料,,550,,,32,10,消費税,資金区分,56,,,,
57,19,2,,,,,,,,,,,,,,,,,貸方,,,999,諸口,,550,,,,,,,,,,,
58,20,,,,,20,12,,,北信産業 株式会社,財務会計R4,PC02,ISOBE-PC01,2023-04-15,3,2022-07-25,3,日比谷建業㈱､振込入金,,,,,,,,,,,,,,,,,,
59,20,1,,,,,,,,,,,,,,,,,借方,,,999,諸口,,6486943,,,,,,,,,,,
60,20,2,,,,,,,,,,,,,,,,,貸方,,,131,売掛金,,6486943,,,,,,資金区分,2,,,,
61,21,,,,,21,13,,,北信産業 株式会社,財務会計R4,PC02,ISOBE-PC01,2023-04-15,1,2022-07-25,4,日比谷建業㈱,,,,,,,,,,,,,,,,,,
62,21,1,,,,,,,,,,,,,,,,,借方,,,130,受取手形,,1210000,,,,,,資金区分,3,,,,
63,21,2,,,,,,,,,,,,,,,,,貸方,,,131,売掛金,,1210000,,,,,,資金区分,2,,,,
64,22,,,,,22,14,,,北信産業 株式会社,財務会計R4,PC01,ISOBE-PC01,2022-09-02,1,2022-07-25,4,NTTﾌｧｲﾅﾝｽ､電話料金,,,,,,,,,,,,,,,,,,
65,22,1,,,,,,,,,,,,,,,,,借方,,,523,通信費,,6496,,,32,10,消費税,資金区分,56,,,,
66,22,2,,,,,,,,,,,,,,,,,貸方,,,110,城北信当座預金,,6496,,,,,,,,,,,
67,23,,,,,23,15,,,北信産業 株式会社,財務会計R4,PC02,ISOBE-PC01,2023-04-15,1,2022-07-25,4,神田産業㈱､日比谷建業㈱分裏書,,,,,,,,,,,,,,,,,,
68,23,1,,,,,,,,,,,,,,,,,借方,,,201,買掛金,,1210000,,,,,,資金区分,43,,,,
69,23,2,,,,,,,,,,,,,,,,,貸方,,,130,受取手形,,1210000,,,,,,資金区分,3,,,,
70,24,,,,,24,16,,,北信産業 株式会社,財務会計R4,PC02,ISOBE-PC01,2023-04-15,1,2022-07-25,4,神田産業㈱,,,,,,,,,,,,,,,,,,
71,24,1,,,,,,,,,,,,,,,,,借方,,,201,買掛金,,509464,,,,,,資金区分,43,,,,
72,24,2,,,,,,,,,,,,,,,,,貸方,,,110,城北信当座預金,,509464,,,,,,,,,,,
73,25,,,,,25,17,,,北信産業 株式会社,財務会計R4,PC02,ISOBE-PC01,2023-04-15,1,2022-07-25,4,神田産業㈱､相殺,,,,,,,,,,,,,,,,,,
74,25,1,,,,,,,,,,,,,,,,,借方,,,201,買掛金,,1100000,,,,,,資金区分,43,,,,
75,25,2,,,,,,,,,,,,,,,,,貸方,,,131,売掛金,,1100000,,,,,,資金区分,2,,,,
76,26,,,,,26,26,,,北信産業 株式会社,財務会計R4,PC02,ISOBE-PC01,2023-04-15,1,2022-07-26,4,麹町税務署､源泉所得税納付,,,,,,,,,,,,,,,,,,
77,26,1,,,,,,,,,,,,,,,,,借方,,,208,預り金,,7373,,,,,,資金区分,68,,,,
78,26,2,,,,,,,,,,,,,,,,,貸方,,,100,現金,,7373,,,,,,,,,,,
79,27,,,,,27,27,,,北信産業 株式会社,財務会計R4,PC03,ISOBE-PC01,2022-09-06,1,2022-07-26,3,城北信金､定期預金解約,,,,,,,,,,,,,,,,,,
80,27,1,,,,,,,,,,,,,,,,,借方,,,110,城北信当座預金,,10007756,,,,,,,,,,,
81,27,2,,,,,,,,,,,,,,,,,貸方,,,999,諸口,,10007756,,,,,,,,,,,
82,28,,,,,28,27,,,北信産業 株式会社,財務会計R4,PC03,ISOBE-PC01,2022-09-06,2,2022-07-26,3,城北信金､定期預金解約,,,,,,,,,,,,,,,,,,
83,28,1,,,,,,,,,,,,,,,,,借方,,,999,諸口,,10007678,,,,,,,,,,,
84,28,2,,,,,,,,,,,,,,,,,貸方,,,125,城北信定期預金,,10007678,,,,,,資金区分,28,,,,
85,29,,,,,29,27,,,北信産業 株式会社,財務会計R4,PC03,ISOBE-PC01,2022-09-06,3,2022-07-26,3,城北信金､定期預金利息,,,,,,,,,,,,,,,,,,
86,29,1,,,,,,,,,,,,,,,,,借方,,,999,諸口,,91,,,,,,,,,,,
87,29,2,,,,,,,,,,,,,,,,,貸方,,,600,受取利息,,91,,,20,,消費税,資金区分,6,,,,
88,30,,,,,30,27,,,北信産業 株式会社,財務会計R4,PC03,ISOBE-PC01,2022-09-06,4,2022-07-26,3,城北信金､利子所得税,,,,,,,,,,,,,,,,,,
89,30,1,,,,,,,,,,,,,,,,,借方,,,526,租税公課,,13,,,,,,資金区分,59,,,,
90,30,2,,,,,,,,,,,,,,,,,貸方,,,999,諸口,,13,,,,,,,,,,,
91,31,,,,,31,28,,,北信産業 株式会社,財務会計R4,PC03,ISOBE-PC01,2022-09-06,1,2022-07-26,3,城北信金､定期預金解約,,,,,,,,,,,,,,,,,,
92,31,1,,,,,,,,,,,,,,,,,借方,,,110,城北信当座預金,,5890111,,,,,,,,,,,
93,31,2,,,,,,,,,,,,,,,,,貸方,,,999,諸口,,5890111,,,,,,,,,,,
94,32,,,,,32,28,,,北信産業 株式会社,財務会計R4,PC01,ISOBE-PC01,2022-09-02,2,2022-07-26,3,城北信金､定期預金解約,,,,,,,,,,,,,,,,,,
95,32,1,,,,,,,,,,,,,,,,,借方,,,999,諸口,,5890100,,,,,,,,,,,
96,32,2,,,,,,,,,,,,,,,,,貸方,,,125,城北信定期預金,,5890100,,,,,,資金区分,28,,,,
97,33,,,,,33,28,,,北信産業 株式会社,財務会計R4,PC03,ISOBE-PC01,2022-09-06,3,2022-07-26,3,城北信金､定期預金利息,,,,,,,,,,,,,,,,,,
98,33,1,,,,,,,,,,,,,,,,,借方,,,999,諸口,,12,,,,,,,,,,,
99,33,2,,,,,,,,,,,,,,,,,貸方,,,600,受取利息,,12,,,20,,消費税,資金区分,6,,,,
100,34,,,,,34,28,,,北信産業 株式会社,財務会計R4,PC03,ISOBE-PC01,2022-09-06,4,2022-07-26,3,城北信金､利子所得税,,,,,,,,,,,,,,,,,,
101,34,1,,,,,,,,,,,,,,,,,借方,,,526,租税公課,,1,,,,,,資金区分,59,,,,
102,34,2,,,,,,,,,,,,,,,,,貸方,,,999,諸口,,1,,,,,,,,,,,
103,35,,,,,35,29,,,北信産業 株式会社,財務会計R4,PC02,ISOBE-PC01,2023-04-15,1,2022-07-28,3,ＸＹＺ司法書士､解散登記分,,,,,,,,,,,,,,,,,,
104,35,1,,,,,,,,,,,,,,,,,借方,,,512,支払手数料,,64700,,,32,10,消費税,資金区分,56,,,,
105,35,2,,,,,,,,,,,,,,,,,貸方,,,999,諸口,,64700,,,,,,,,,,,
106,36,,,,,36,29,,,北信産業 株式会社,財務会計R4,PC02,ISOBE-PC01,2023-04-15,2,2022-07-28,3,ＸＹＺ司法書士､解散登記分,,,,,,,,,,,,,,,,,,
107,36,1,,,,,,,,,,,,,,,,,借方,,,999,諸口,,50000,,,,,,,,,,,
108,36,2,,,,,,,,,,,,,,,,,貸方,,,154,仮払金,,50000,,,,,,資金区分,9,,,,
109,37,,,,,37,29,,,北信産業 株式会社,財務会計R4,PC02,ISOBE-PC01,2023-04-15,3,2022-07-28,3,ＸＹＺ司法書士､解散登記分,,,,,,,,,,,,,,,,,,
110,37,1,,,,,,,,,,,,,,,,,借方,,,999,諸口,,50673,,,,,,,,,,,
111,37,2,,,,,,,,,,,,,,,,,貸方,,,110,城北信当座預金,,50673,,,,,,,,,,,
112,38,,,,,38,29,,,北信産業 株式会社,財務会計R4,PC02,ISOBE-PC01,2023-04-15,4,2022-07-28,3,ＸＹＺ司法書士､解散登記分印紙代等,,,,,,,,,,,,,,,,,,
113,38,1,,,,,,,,,,,,,,,,,借方,,,526,租税公課,,40772,,,,,,資金区分,59,,,,
114,38,2,,,,,,,,,,,,,,,,,貸方,,,999,諸口,,40772,,,,,,,,,,,
115,39,,,,,39,29,,,北信産業 株式会社,財務会計R4,PC02,ISOBE-PC01,2023-04-15,5,2022-07-28,3,ＸＹＺ司法書士､源泉所得税,,,,,,,,,,,,,,,,,,
116,39,1,,,,,,,,,,,,,,,,,借方,,,999,諸口,,4799,,,,,,,,,,,
117,39,2,,,,,,,,,,,,,,,,,貸方,,,208,預り金,,4799,,,,,,資金区分,4,,,,
118,40,,,,,40,30,,,北信産業 株式会社,財務会計R4,PC02,ISOBE-PC01,2023-04-15,1,2022-07-25,4,ＡＢＣ社会保険労働事務所､労保精算金,,,,,,,,,,,,,,,,,,
119,40,1,,,,,,,,,,,,,,,,,借方,,,531,保険料,,15,,,30,,消費税,資金区分,56,,,,
120,40,2,,,,,,,,,,,,,,,,,貸方,,,100,現金,,15,,,,,,,,,,,
121,41,,,,,41,31,,,北信産業 株式会社,財務会計R4,PC02,ISOBE-PC01,2023-04-15,1,2022-07-29,4,美土代町金商㈱,,,,,,,,,,,,,,,,,,
122,41,1,,,,,,,,,,,,,,,,,借方,,,201,買掛金,,22143,,,,,,資金区分,43,,,,
123,41,2,,,,,,,,,,,,,,,,,貸方,,,110,城北信当座預金,,22143,,,,,,,,,,,
124,42,,,,,42,32,,,北信産業 株式会社,財務会計R4,PC03,ISOBE-PC01,2022-09-06,1,2022-07-29,4,㈱大塚商会､保守料,,,,,,,,,,,,,,,,,,
125,42,1,,,,,,,,,,,,,,,,,借方,,,529,修繕費,,4840,,,32,10,消費税,資金区分,56,,,,
126,42,2,,,,,,,,,,,,,,,,,貸方,,,111,三菱東京UFJ当座預金,,4840,,,,,,,,,,,
127,43,,,,,43,33,,,北信産業 株式会社,財務会計R4,PC02,ISOBE-PC01,2023-04-15,1,2022-07-29,4,㈲錦町ｵｰﾄ､ﾄﾗｯｸ整備代,,,,,,,,,,,,,,,,,,
128,43,1,,,,,,,,,,,,,,,,,借方,,,529,修繕費,,61380,,,32,10,消費税,資金区分,56,,,,
129,43,2,,,,,,,,,,,,,,,,,貸方,,,110,城北信当座預金,,61380,,,,,,,,,,,
130,44,,,,,44,34,,,北信産業 株式会社,財務会計R4,PC02,ISOBE-PC01,2023-04-15,1,2022-07-29,4,小川町工業,,,,,,,,,,,,,,,,,,
131,44,1,,,,,,,,,,,,,,,,,借方,,,201,買掛金,,2601610,,,,,,資金区分,43,,,,
132,44,2,,,,,,,,,,,,,,,,,貸方,,,110,城北信当座預金,,2601610,,,,,,,,,,,
133,45,,,,,45,35,,,北信産業 株式会社,財務会計R4,PC02,ISOBE-PC01,2023-04-15,1,2022-07-29,4,㈱三崎産業,,,,,,,,,,,,,,,,,,
134,45,1,,,,,,,,,,,,,,,,,借方,,,201,買掛金,,528125,,,,,,資金区分,43,,,,
135,45,2,,,,,,,,,,,,,,,,,貸方,,,110,城北信当座預金,,528125,,,,,,,,,,,
136,46,,,,,46,36,,,北信産業 株式会社,財務会計R4,PC02,ISOBE-PC01,2023-04-15,1,2022-07-29,4,アラカワ㈱,,,,,,,,,,,,,,,,,,
137,46,1,,,,,,,,,,,,,,,,,借方,,,201,買掛金,,26400,,,,,,資金区分,43,,,,
138,46,2,,,,,,,,,,,,,,,,,貸方,,,110,城北信当座預金,,26400,,,,,,,,,,,
139,47,,,,,47,37,,,北信産業 株式会社,財務会計R4,PC02,ISOBE-PC01,2023-04-15,1,2022-07-29,4,鍛冶町製作所,,,,,,,,,,,,,,,,,,
140,47,1,,,,,,,,,,,,,,,,,借方,,,201,買掛金,,28050,,,,,,資金区分,43,,,,
141,47,2,,,,,,,,,,,,,,,,,貸方,,,110,城北信当座預金,,28050,,,,,,,,,,,
142,48,,,,,48,38,,,北信産業 株式会社,財務会計R4,PC02,ISOBE-PC01,2023-04-15,1,2022-07-29,4,東京産業㈱､相殺,,,,,,,,,,,,,,,,,,
143,48,1,,,,,,,,,,,,,,,,,借方,,,201,買掛金,,119521,,,,,,資金区分,43,,,,
144,48,2,,,,,,,,,,,,,,,,,貸方,,,131,売掛金,,119521,,,,,,資金区分,2,,,,
145,49,,,,,49,39,,,北信産業 株式会社,財務会計R4,PC02,ISOBE-PC01,2023-04-15,1,2022-07-29,4,東京産業㈱,,,,,,,,,,,,,,,,,,
146,49,1,,,,,,,,,,,,,,,,,借方,,,201,買掛金,,116979,,,,,,資金区分,43,,,,
147,49,2,,,,,,,,,,,,,,,,,貸方,,,110,城北信当座預金,,116979,,,,,,,,,,,
148,50,,,,,50,40,,,北信産業 株式会社,財務会計R4,PC02,ISOBE-PC01,2023-04-15,1,2022-07-29,4,ニホン工業㈱,,,,,,,,,,,,,,,,,,
149,50,1,,,,,,,,,,,,,,,,,借方,,,201,買掛金,,892100,,,,,,資金区分,43,,,,
150,50,2,,,,,,,,,,,,,,,,,貸方,,,110,城北信当座預金,,892100,,,,,,,,,,,
151,51,,,,,51,41,,,北信産業 株式会社,財務会計R4,PC02,ISOBE-PC01,2023-04-15,1,2022-07-29,3,㈲錦町ｵ-ﾄ､ﾄﾗｯｸエルフ売却,,,,,,,,,,,,,,,,,,
152,51,1,,,,,,,,,,,,,,,,,借方,,,110,城北信当座預金,,775800,,,,,,,,,,,
153,51,2,,,,,,,,,,,,,,,,,貸方,,,999,諸口,,775800,,,,,,,,,,,
154,52,,,,,52,41,,,北信産業 株式会社,財務会計R4,PC02,WS017,2023-04-15,2,2022-07-29,3,㈲錦町ｵ-ﾄ､ﾄﾗｯｸエルフ売却収入,,,,,,,,,,,,,,,,,,
155,52,1,,,,,,,,,,,,,,,,,借方,,,999,諸口,,850000,,,,,,,,,,,
156,52,2,,,,,,,,,,,,,,,,,貸方,,,701,固定資産譲渡収入,,850000,,,2,10,消費税,資金区分,7,,,,
157,53,,,,,53,41,,,北信産業 株式会社,財務会計R4,PC02,WS017,2023-04-15,3,2022-07-29,3,㈲錦町ｵ-ﾄ､ﾄﾗｯｸエルフ売却件登録閉鎖手数料,,,,,,,,,,,,,,,,,,
158,53,1,,,,,,,,,,,,,,,,,借方,,,512,支払手数料,,69000,,,32,10,消費税,資金区分,56,,,,
159,53,2,,,,,,,,,,,,,,,,,貸方,,,999,諸口,,69000,,,,,,,,,,,
160,54,,,,,54,41,,,北信産業 株式会社,財務会計R4,PC02,WS017,2023-04-15,4,2022-07-29,3,㈲錦町ｵ-ﾄ､ﾄﾗｯｸエルフ売却件登録閉鎖法定費用,,,,,,,,,,,,,,,,,,
161,54,1,,,,,,,,,,,,,,,,,借方,,,512,支払手数料,,5200,,,30,,消費税,資金区分,56,,,,
162,54,2,,,,,,,,,,,,,,,,,貸方,,,999,諸口,,5200,,,,,,,,,,,
163,55,,,,,55,42,,,北信産業 株式会社,財務会計R4,PC02,ISOBE-PC01,2023-04-15,1,2022-07-29,3,札の辻､ｶﾞｿﾘﾝ代,,,,,,,,,,,,,,,,,,
164,55,1,,,,,,,,,,,,,,,,,借方,,,525,消耗品費,,12636,,,32,10,消費税,資金区分,56,,,,
165,55,2,,,,,,,,,,,,,,,,,貸方,,,110,城北信当座預金,,12636,,,,,,,,,,,
166,56,,,,,56,42,,,北信産業 株式会社,財務会計R4,PC02,WS017,2023-04-15,2,2022-07-29,3,北海道太郎､社有乗用車マークＸ売却,,,,,,,,,,,,,,,,,,
167,56,1,,,,,,,,,,,,,,,,,借方,,,153,未収入金,,100000,,,,,,資金区分,8,,,,
168,56,2,,,,,,,,,,,,,,,,,貸方,,,701,固定資産譲渡収入,,100000,,,2,10,消費税,資金区分,7,,,,
169,57,,,,,57,43,,,北信産業 株式会社,財務会計R4,PC01,ISOBE-PC01,2022-09-02,1,2022-07-02,4,ライフ､中元贈答品,,,,,,,,,,,,,,,,,,
170,57,1,,,,,,,,,,,,,,,,,借方,,,521,接待交際費,,8910,,,32,10,消費税,資金区分,56,少額交際費,,,
171,57,2,,,,,,,,,,,,,,,,,貸方,,,100,現金,,8910,,,,,,,,,,,
172,58,,,,,58,44,,,北信産業 株式会社,財務会計R4,PC02,ISOBE-PC01,2023-04-15,1,2022-07-04,4,日本郵便､ﾊｶﾞｷ代他,,,,,,,,,,,,,,,,,,
173,58,1,,,,,,,,,,,,,,,,,借方,,,523,通信費,,1470,,,32,10,消費税,資金区分,56,,,,
174,58,2,,,,,,,,,,,,,,,,,貸方,,,100,現金,,1470,,,,,,,,,,,
175,59,,,,,59,45,,,北信産業 株式会社,財務会計R4,PC01,ISOBE-PC01,2022-09-02,1,2022-07-04,4,実用興業､ﾀｸｼｰ代,,,,,,,,,,,,,,,,,,
176,59,1,,,,,,,,,,,,,,,,,借方,,,522,旅費・交通費,,1220,,,32,10,消費税,資金区分,56,,,,
177,59,2,,,,,,,,,,,,,,,,,貸方,,,100,現金,,1220,,,,,,,,,,,
178,60,,,,,60,46,,,北信産業 株式会社,財務会計R4,PC02,ISOBE-PC01,2023-04-15,1,2022-07-06,4,日本交通､ﾀｸｼｰ代,,,,,,,,,,,,,,,,,,
179,60,1,,,,,,,,,,,,,,,,,借方,,,522,旅費・交通費,,980,,,32,10,消費税,資金区分,56,,,,
180,60,2,,,,,,,,,,,,,,,,,貸方,,,100,現金,,980,,,,,,,,,,,
181,61,,,,,61,47,,,北信産業 株式会社,財務会計R4,PC02,ISOBE-PC01,2023-04-15,1,2022-07-06,4,総合食品ストア､北海道扱返金,,,,,,,,,,,,,,,,,,
182,61,1,,,,,,,,,,,,,,,,,借方,,,202,借入金,,12063,,,,,,資金区分,84,その他の借入金,,,
183,61,2,,,,,,,,,,,,,,,,,貸方,,,100,現金,,12063,,,,,,,,,,,
184,62,,,,,62,48,,,北信産業 株式会社,財務会計R4,PC01,ISOBE-PC01,2022-09-02,1,2022-07-07,4,日月東交通､ﾀｸｼｰ代,,,,,,,,,,,,,,,,,,
185,62,1,,,,,,,,,,,,,,,,,借方,,,522,旅費・交通費,,2900,,,32,10,消費税,資金区分,56,,,,
186,62,2,,,,,,,,,,,,,,,,,貸方,,,100,現金,,2900,,,,,,,,,,,
187,63,,,,,63,49,,,北信産業 株式会社,財務会計R4,PC01,ISOBE-PC01,2022-09-02,1,2022-07-07,4,明治交通､ﾀｸｼｰ代,,,,,,,,,,,,,,,,,,
188,63,1,,,,,,,,,,,,,,,,,借方,,,522,旅費・交通費,,1140,,,32,10,消費税,資金区分,56,,,,
189,63,2,,,,,,,,,,,,,,,,,貸方,,,100,現金,,1140,,,,,,,,,,,
190,64,,,,,64,50,,,北信産業 株式会社,財務会計R4,PC02,ISOBE-PC01,2023-04-15,1,2022-07-08,4,千代田区役所､収入証紙,,,,,,,,,,,,,,,,,,
191,64,1,,,,,,,,,,,,,,,,,借方,,,526,租税公課,,300,,,,,,資金区分,59,,,,
192,64,2,,,,,,,,,,,,,,,,,貸方,,,100,現金,,300,,,,,,,,,,,
193,65,,,,,65,51,,,北信産業 株式会社,財務会計R4,PC02,ISOBE-PC01,2023-04-15,1,2022-07-09,4,大和自動車､ﾀｸｼｰ代,,,,,,,,,,,,,,,,,,
194,65,1,,,,,,,,,,,,,,,,,借方,,,522,旅費・交通費,,900,,,32,10,消費税,資金区分,56,,,,
195,65,2,,,,,,,,,,,,,,,,,貸方,,,100,現金,,900,,,,,,,,,,,
196,66,,,,,66,52,,,北信産業 株式会社,財務会計R4,PC01,ISOBE-PC01,2022-09-02,1,2022-07-09,4,実用興業､ﾀｸｼｰ代,,,,,,,,,,,,,,,,,,
197,66,1,,,,,,,,,,,,,,,,,借方,,,522,旅費・交通費,,900,,,32,10,消費税,資金区分,56,,,,
198,66,2,,,,,,,,,,,,,,,,,貸方,,,100,現金,,900,,,,,,,,,,,
199,67,,,,,67,53,,,北信産業 株式会社,財務会計R4,PC01,ISOBE-PC01,2022-09-02,1,2022-07-12,4,実用興業､ﾀｸｼｰ代,,,,,,,,,,,,,,,,,,
200,67,1,,,,,,,,,,,,,,,,,借方,,,522,旅費・交通費,,900,,,32,10,消費税,資金区分,56,,,,
201,67,2,,,,,,,,,,,,,,,,,貸方,,,100,現金,,900,,,,,,,,,,,
202,68,,,,,68,54,,,北信産業 株式会社,財務会計R4,PC03,ISOBE-PC01,2022-09-06,1,2022-07-12,4,六花亭､食品贈答品,,,,,,,,,,,,,,,,,,
203,68,1,,,,,,,,,,,,,,,,,借方,,,521,接待交際費,,15000,,,32,K8.0,消費税,資金区分,56,交際費,,,
204,68,2,,,,,,,,,,,,,,,,,貸方,,,100,現金,,15000,,,,,,,,,,,
205,69,,,,,69,55,,,北信産業 株式会社,財務会計R4,PC02,ISOBE-PC01,2023-04-15,1,2022-07-14,4,東京無線､ﾀｸｼｰ代,,,,,,,,,,,,,,,,,,
206,69,1,,,,,,,,,,,,,,,,,借方,,,522,旅費・交通費,,1220,,,32,10,消費税,資金区分,56,,,,
207,69,2,,,,,,,,,,,,,,,,,貸方,,,100,現金,,1220,,,,,,,,,,,
208,70,,,,,70,56,,,北信産業 株式会社,財務会計R4,PC02,ISOBE-PC01,2023-04-15,1,2022-07-14,4,日の丸交通､ﾀｸｼｰ代,,,,,,,,,,,,,,,,,,
209,70,1,,,,,,,,,,,,,,,,,借方,,,522,旅費・交通費,,1940,,,32,10,消費税,資金区分,56,,,,
210,70,2,,,,,,,,,,,,,,,,,貸方,,,100,現金,,1940,,,,,,,,,,,
211,71,,,,,71,57,,,北信産業 株式会社,財務会計R4,PC02,ISOBE-PC01,2023-04-15,1,2022-07-14,4,総合食品ストア､北海道扱返金,,,,,,,,,,,,,,,,,,
212,71,1,,,,,,,,,,,,,,,,,借方,,,202,借入金,,7290,,,,,,資金区分,84,その他の借入金,,,
213,71,2,,,,,,,,,,,,,,,,,貸方,,,100,現金,,7290,,,,,,,,,,,
214,72,,,,,72,58,,,北信産業 株式会社,財務会計R4,PC02,ISOBE-PC01,2023-04-15,1,2022-07-16,4,東京西交通､ﾀｸｼｰ代,,,,,,,,,,,,,,,,,,
215,72,1,,,,,,,,,,,,,,,,,借方,,,522,旅費・交通費,,900,,,32,10,消費税,資金区分,56,,,,
216,72,2,,,,,,,,,,,,,,,,,貸方,,,100,現金,,900,,,,,,,,,,,
217,73,,,,,73,59,,,北信産業 株式会社,財務会計R4,PC02,ISOBE-PC01,2023-04-15,1,2022-07-20,4,仲よし､北海道扱返金,,,,,,,,,,,,,,,,,,
218,73,1,,,,,,,,,,,,,,,,,借方,,,202,借入金,,6800,,,,,,資金区分,84,その他の借入金,,,
219,73,2,,,,,,,,,,,,,,,,,貸方,,,100,現金,,6800,,,,,,,,,,,
220,74,,,,,74,60,,,北信産業 株式会社,財務会計R4,PC02,ISOBE-PC01,2023-04-15,1,2022-07-22,4,総合食品ストア､北海道扱返金,,,,,,,,,,,,,,,,,,
221,74,1,,,,,,,,,,,,,,,,,借方,,,202,借入金,,8680,,,,,,資金区分,84,その他の借入金,,,
222,74,2,,,,,,,,,,,,,,,,,貸方,,,100,現金,,8680,,,,,,,,,,,
223,75,,,,,75,61,,,北信産業 株式会社,財務会計R4,PC02,ISOBE-PC01,2023-04-15,1,2022-07-22,4,千代田区役所､収入証紙,,,,,,,,,,,,,,,,,,
224,75,1,,,,,,,,,,,,,,,,,借方,,,526,租税公課,,4200,,,,,,資金区分,59,,,,
225,75,2,,,,,,,,,,,,,,,,,貸方,,,100,現金,,4200,,,,,,,,,,,
226,76,,,,,76,62,,,北信産業 株式会社,財務会計R4,PC02,ISOBE-PC01,2023-04-15,1,2022-07-25,4,日本郵便､書留郵便,,,,,,,,,,,,,,,,,,
227,76,1,,,,,,,,,,,,,,,,,借方,,,523,通信費,,1674,,,32,10,消費税,資金区分,56,,,,
228,76,2,,,,,,,,,,,,,,,,,貸方,,,100,現金,,1674,,,,,,,,,,,
229,77,,,,,77,63,,,北信産業 株式会社,財務会計R4,PC01,ISOBE-PC01,2022-09-02,1,2022-07-25,4,東京法務局､印紙代,,,,,,,,,,,,,,,,,,
230,77,1,,,,,,,,,,,,,,,,,借方,,,526,租税公課,,600,,,,,,資金区分,59,,,,
231,77,2,,,,,,,,,,,,,,,,,貸方,,,100,現金,,600,,,,,,,,,,,
232,78,,,,,78,64,,,北信産業 株式会社,財務会計R4,PC01,ISOBE-PC01,2022-09-02,1,2022-07-25,4,東京法務局､印紙代,,,,,,,,,,,,,,,,,,
233,78,1,,,,,,,,,,,,,,,,,借方,,,526,租税公課,,3150,,,,,,資金区分,59,,,,
234,78,2,,,,,,,,,,,,,,,,,貸方,,,100,現金,,3150,,,,,,,,,,,
235,79,,,,,79,65,,,北信産業 株式会社,財務会計R4,PC03,WS017,2022-09-06,1,2022-07-31,4,営業車､マークＸ売却簿価振替,,,,,,,,,,,,,,,,,,
236,79,1,,,,,,,,,,,,,,,,,借方,,,712,固定資産譲渡費用,,1,,,,,,資金区分,62,,,,
237,79,2,,,,,,,,,,,,,,,,,貸方,,,164,車両運搬具,,1,,,,,,資金区分,21,,,,
238,80,,,,,80,66,,,北信産業 株式会社,財務会計R4,PC03,WS017,2022-09-06,1,2022-07-31,4,トラック､エルフ売却簿価振替,,,,,,,,,,,,,,,,,,
239,80,1,,,,,,,,,,,,,,,,,借方,,,712,固定資産譲渡費用,,1,,,,,,資金区分,62,,,,
240,80,2,,,,,,,,,,,,,,,,,貸方,,,164,車両運搬具,,1,,,,,,資金区分,21,,,,
241,81,,,,,81,67,,,北信産業 株式会社,財務会計R4,PC03,WS017,2022-09-06,1,2022-07-31,4,倉庫用ハウス廃棄,,,,,,,,,,,,,,,,,,
242,81,1,,,,,,,,,,,,,,,,,借方,,,711,固定資産除却損,,1,,,,,,資金区分,62,,,,
243,81,2,,,,,,,,,,,,,,,,,貸方,,,160,建物,,1,,,,,,資金区分,21,,,,
244,82,,,,,82,68,,,北信産業 株式会社,財務会計R4,PC02,WS017,2023-04-15,1,2022-07-31,4,北海道太郎､社有備品売却,,,,,,,,,,,,,,,,,,
245,82,1,,,,,,,,,,,,,,,,,借方,,,712,固定資産譲渡費用,,5,,,,,,資金区分,62,,,,
246,82,2,,,,,,,,,,,,,,,,,貸方,,,165,備品,,5,,,,,,資金区分,21,,,,
247,83,,,,,83,69,,,北信産業 株式会社,財務会計R4,PC02,WS017,2023-04-15,1,2022-07-31,4,北海道太郎､社有備品売却,,,,,,,,,,,,,,,,,,
248,83,1,,,,,,,,,,,,,,,,,借方,,,153,未収入金,,5,,,,,,資金区分,8,,,,
249,83,2,,,,,,,,,,,,,,,,,貸方,,,701,固定資産譲渡収入,,5,,,2,10,消費税,資金区分,7,,,,
250,84,,,,,84,70,,,北信産業 株式会社,財務会計R4,PC03,WS017,2022-09-06,1,2022-07-31,3,賃貸機材､ｽﾄﾛﾝｸﾞｹﾟｰﾄ売却､簿価振替,,,,,,,,,,,,,,,,,,
251,84,1,,,,,,,,,,,,,,,,,借方,,,461,仕入高,,1,,,32,10,消費税,資金区分,41,,,,
252,84,2,,,,,,,,,,,,,,,,,貸方,,,999,諸口,,1,,,,,,,,,,,
253,85,,,,,85,70,,,北信産業 株式会社,財務会計R4,PC03,WS017,2022-09-06,2,2022-07-31,3,賃貸機材､ｽﾄﾛﾝｸﾞｹﾟｰﾄ売却､簿価振替,,,,,,,,,,,,,,,,,,
254,85,1,,,,,,,,,,,,,,,,,借方,,,999,諸口,,1,,,,,,,,,,,
255,85,2,,,,,,,,,,,,,,,,,貸方,,,162,賃貸用機器,,1,,,,,,資金区分,21,,,,
256,86,,,,,86,71,,,北信産業 株式会社,財務会計R4,PC02,WS017,2023-04-15,1,2022-07-04,4,㈲いろは機工､ﾊﾟｲﾌﾟ他納品,,,,,,,,,,,,,,,,,,
257,86,1,,,,,,,,,,,,,,,,,借方,,,131,売掛金,,30690,,,,,,資金区分,2,,,,
258,86,2,,,,,,,,,,,,,,,,,貸方,,,810,売上高,,30690,,,2,10,消費税,資金区分,1,,,,
259,87,,,,,87,72,,,北信産業 株式会社,財務会計R4,PC02,WS017,2023-04-15,1,2022-07-20,4,神田産業㈱､在庫機材売却,,,,,,,,,,,,,,,,,,
260,87,1,,,,,,,,,,,,,,,,,借方,,,131,売掛金,,1100000,,,,,,資金区分,2,,,,
261,87,2,,,,,,,,,,,,,,,,,貸方,,,810,売上高,,1100000,,,2,10,消費税,資金区分,1,,,,
262,88,,,,,88,73,,,北信産業 株式会社,財務会計R4,PC02,WS017,2023-04-15,1,2022-07-04,4,東京商事㈱､いろは機工売却分,,,,,,,,,,,,,,,,,,
263,88,1,,,,,,,,,,,,,,,,,借方,,,461,仕入高,,22143,,,32,10,消費税,資金区分,41,,,,
264,88,2,,,,,,,,,,,,,,,,,貸方,,,201,買掛金,,22143,,,,,,資金区分,43,,,,
265,89,,,,,89,74,,,北信産業 株式会社,財務会計R4,PC02,WS017,2023-04-15,1,2022-07-31,4,北海道太郎､固定資産売却代金相殺,,,,,,,,,,,,,,,,,,
266,89,1,,,,,,,,,,,,,,,,,借方,,,202,借入金,,100005,,,,,,資金区分,84,その他の借入金,,,
267,89,2,,,,,,,,,,,,,,,,,貸方,,,153,未収入金,,100005,,,,,,資金区分,8,,,,
268,90,,,,,90,75,,,北信産業 株式会社,財務会計R4,PC02,WS017,2023-04-15,1,2022-07-10,4,麹町税務署､源泉所得税納付､社長立替分,,,,,,,,,,,,,,,,,,
269,90,1,,,,,,,,,,,,,,,,,借方,,,208,預り金,,16048,,,,,,資金区分,68,,,,
270,90,2,,,,,,,,,,,,,,,,,貸方,,,202,借入金,,16048,,,,,,資金区分,23,その他の借入金,,,
271,91,,,,,91,1,,,北信産業 株式会社,財務会計R4,PC01,ISOBE-PC01,2022-10-05,1,2022-08-01,4,実用興業､ﾀｸｼｰ代,,,,,,,,,,,,,,,,,,
272,91,1,,,,,,,,,,,,,,,,,借方,,,522,旅費・交通費,,820,,,32,10,消費税,資金区分,56,,,,
273,91,2,,,,,,,,,,,,,,,,,貸方,,,100,現金,,820,,,,,,,,,,,
274,92,,,,,92,3,,,北信産業 株式会社,財務会計R4,PC01,ISOBE-PC01,2022-10-05,1,2022-08-24,4,実用興業､ﾀｸｼｰ代,,,,,,,,,,,,,,,,,,
275,92,1,,,,,,,,,,,,,,,,,借方,,,522,旅費・交通費,,900,,,32,10,消費税,資金区分,56,,,,
276,92,2,,,,,,,,,,,,,,,,,貸方,,,100,現金,,900,,,,,,,,,,,
277,93,,,,,93,4,,,北信産業 株式会社,財務会計R4,PC02,ISOBE-PC01,2023-04-15,1,2022-08-24,4,北海道太郎分返金,,,,,,,,,,,,,,,,,,
278,93,1,,,,,,,,,,,,,,,,,借方,,,202,借入金,,7730,,,,,,資金区分,84,その他の借入金,,,
279,93,2,,,,,,,,,,,,,,,,,貸方,,,100,現金,,7730,,,,,,,,,,,
280,94,,,,,94,5,,,北信産業 株式会社,財務会計R4,PC02,ISOBE-PC01,2023-04-15,1,2022-08-26,4,帝都交通､ﾀｸｼｰ代,,,,,,,,,,,,,,,,,,
281,94,1,,,,,,,,,,,,,,,,,借方,,,522,旅費・交通費,,980,,,32,10,消費税,資金区分,56,,,,
282,94,2,,,,,,,,,,,,,,,,,貸方,,,100,現金,,980,,,,,,,,,,,
283,95,,,,,95,6,,,北信産業 株式会社,財務会計R4,PC01,ISOBE-PC01,2022-10-05,1,2022-08-01,4,NTTﾌｧｲﾅﾝｽ､携帯電話料,,,,,,,,,,,,,,,,,,
284,95,1,,,,,,,,,,,,,,,,,借方,,,523,通信費,,4003,,,32,10,消費税,資金区分,56,,,,
285,95,2,,,,,,,,,,,,,,,,,貸方,,,111,三菱東京UFJ当座預金,,4003,,,,,,,,,,,
286,96,,,,,96,7,,,北信産業 株式会社,財務会計R4,PC02,ISOBE-PC01,2023-04-15,1,2022-08-08,4,ＸＹＺ司法書士､源泉所得税納付,,,,,,,,,,,,,,,,,,
287,96,1,,,,,,,,,,,,,,,,,借方,,,208,預り金,,4799,,,,,,資金区分,68,,,,
288,96,2,,,,,,,,,,,,,,,,,貸方,,,100,現金,,4799,,,,,,,,,,,
289,97,,,,,97,8,,,北信産業 株式会社,財務会計R4,PC02,ISOBE-PC01,2022-10-08,1,2022-08-09,4,城北信金､残高証明書,,,,,,,,,,,,,,,,,,
290,97,1,,,,,,,,,,,,,,,,,借方,,,512,支払手数料,,440,,,32,10,消費税,資金区分,56,,,,
291,97,2,,,,,,,,,,,,,,,,,貸方,,,110,城北信当座預金,,440,,,,,,,,,,,
292,98,,,,,98,9,,,北信産業 株式会社,財務会計R4,PC01,ISOBE-PC01,2022-10-05,1,2022-08-10,4,城北信金､ｱﾝｻｰﾎﾝ手数料,,,,,,,,,,,,,,,,,,
293,98,1,,,,,,,,,,,,,,,,,借方,,,512,支払手数料,,1100,,,32,10,消費税,資金区分,56,,,,
294,98,2,,,,,,,,,,,,,,,,,貸方,,,110,城北信当座預金,,1100,,,,,,,,,,,
295,99,,,,,99,10,,,北信産業 株式会社,財務会計R4,PC02,ISOBE-PC01,2022-10-08,1,2022-08-10,4,信金ｸﾚｼﾞｯﾄ扱ETC､有料道路代,,,,,,,,,,,,,,,,,,
296,99,1,,,,,,,,,,,,,,,,,借方,,,204,未払金,,15350,,,,,,資金区分,67,,,,
297,99,2,,,,,,,,,,,,,,,,,貸方,,,110,城北信当座預金,,15350,,,,,,,,,,,
298,100,,,,,100,11,,,北信産業 株式会社,財務会計R4,PC02,ISOBE-PC01,2023-04-15,1,2022-08-10,3,大田コンサル､顧問料,,,,,,,,,,,,,,,,,,
299,100,1,,,,,,,,,,,,,,,,,借方,,,512,支払手数料,,24444,,,32,10,消費税,資金区分,56,,,,
300,100,2,,,,,,,,,,,,,,,,,貸方,,,999,諸口,,24444,,,,,,,,,,,
301,101,,,,,101,11,,,北信産業 株式会社,財務会計R4,PC02,ISOBE-PC01,2023-04-15,2,2022-08-10,3,大田コンサル､顧問料,,,,,,,,,,,,,,,,,,
302,101,1,,,,,,,,,,,,,,,,,借方,,,999,諸口,,22176,,,,,,,,,,,
303,101,2,,,,,,,,,,,,,,,,,貸方,,,110,城北信当座預金,,22176,,,,,,,,,,,
304,102,,,,,102,11,,,北信産業 株式会社,財務会計R4,PC02,ISOBE-PC01,2023-04-15,3,2022-08-10,3,大田コンサル､源泉所得税,,,,,,,,,,,,,,,,,,
305,102,1,,,,,,,,,,,,,,,,,借方,,,999,諸口,,2268,,,,,,,,,,,
306,102,2,,,,,,,,,,,,,,,,,貸方,,,208,預り金,,2268,,,,,,資金区分,4,,,,
307,103,,,,,103,12,,,北信産業 株式会社,財務会計R4,PC02,ISOBE-PC01,2022-10-08,1,2022-08-12,4,城北信金､出資金解約戻り,,,,,,,,,,,,,,,,,,
308,103,1,,,,,,,,,,,,,,,,,借方,,,110,城北信当座預金,,50000,,,,,,,,,,,
309,103,2,,,,,,,,,,,,,,,,,貸方,,,181,出資金,,50000,,,,,,資金区分,22,,,,
310,104,,,,,104,14,,,北信産業 株式会社,財務会計R4,PC02,ISOBE-PC01,2023-04-15,1,2022-08-19,3,麹町税務署､前期確定消費税納付,,,,,,,,,,,,,,,,,,
311,104,1,,,,,,,,,,,,,,,,,借方,,,209,未払消費税等,,609600,,,,,,資金区分,67,,,,
312,104,2,,,,,,,,,,,,,,,,,貸方,,,110,城北信当座預金,,609600,,,,,,,,,,,
313,105,,,,,105,14,,,北信産業 株式会社,財務会計R4,PC02,ISOBE-PC01,2022-10-08,2,2022-08-19,3,東京都､前期確定都民税納付,,,,,,,,,,,,,,,,,,
314,105,1,,,,,,,,,,,,,,,,,借方,,,211,法人税等充当金,,35000,,,,,,資金区分,63,,,,
315,105,2,,,,,,,,,,,,,,,,,貸方,,,110,城北信当座預金,,35000,,,,,,,,,,,
316,106,,,,,106,14,,,北信産業 株式会社,財務会計R4,PC02,ISOBE-PC01,2023-04-15,1,2022-08-25,3,㈱縄文式､売掛回収,,,,,,,,,,,,,,,,,,
317,106,1,,,,,,,,,,,,,,,,,借方,,,111,三菱東京UFJ当座預金,,469150,,,,,,,,,,,
318,106,2,,,,,,,,,,,,,,,,,貸方,,,999,諸口,,469150,,,,,,,,,,,
319,107,,,,,107,14,,,北信産業 株式会社,財務会計R4,PC02,ISOBE-PC01,2023-04-15,2,2022-08-25,3,㈱縄文式､振込料,,,,,,,,,,,,,,,,,,
320,107,1,,,,,,,,,,,,,,,,,借方,,,512,支払手数料,,660,,,32,10,消費税,資金区分,56,,,,
321,107,2,,,,,,,,,,,,,,,,,貸方,,,999,諸口,,660,,,,,,,,,,,
322,108,,,,,108,14,,,北信産業 株式会社,財務会計R4,PC02,ISOBE-PC01,2023-04-15,3,2022-08-25,3,㈱縄文式､振込入金,,,,,,,,,,,,,,,,,,
323,108,1,,,,,,,,,,,,,,,,,借方,,,999,諸口,,469810,,,,,,,,,,,
324,108,2,,,,,,,,,,,,,,,,,貸方,,,131,売掛金,,469810,,,,,,資金区分,2,,,,
325,109,,,,,109,15,,,北信産業 株式会社,財務会計R4,PC01,ISOBE-PC01,2022-10-05,1,2022-08-25,4,NTTﾌｧｲﾅﾝｽ､電話料金,,,,,,,,,,,,,,,,,,
326,109,1,,,,,,,,,,,,,,,,,借方,,,523,通信費,,5896,,,32,10,消費税,資金区分,56,,,,
327,109,2,,,,,,,,,,,,,,,,,貸方,,,110,城北信当座預金,,5896,,,,,,,,,,,
328,110,,,,,110,16,,,北信産業 株式会社,財務会計R4,PC01,ISOBE-PC01,2022-10-05,1,2022-08-25,4,NTTﾌｧｲﾅﾝｽ､携帯電話料,,,,,,,,,,,,,,,,,,
329,110,1,,,,,,,,,,,,,,,,,借方,,,523,通信費,,4003,,,32,10,消費税,資金区分,56,,,,
330,110,2,,,,,,,,,,,,,,,,,貸方,,,111,三菱東京UFJ当座預金,,4003,,,,,,,,,,,
331,111,,,,,111,17,,,北信産業 株式会社,財務会計R4,PC02,ISOBE-PC01,2022-10-08,1,2022-08-31,4,㈱大塚商会､保守料,,,,,,,,,,,,,,,,,,
332,111,1,,,,,,,,,,,,,,,,,借方,,,529,修繕費,,4840,,,32,10,消費税,資金区分,56,,,,
333,111,2,,,,,,,,,,,,,,,,,貸方,,,111,三菱東京UFJ当座預金,,4840,,,,,,,,,,,
334,112,,,,,112,18,,,北信産業 株式会社,財務会計R4,PC01,ISOBE-PC01,2022-10-05,1,2022-08-31,4,ＰＹＫカーゴ､ﾊﾟｿｺﾝ他処分,,,,,,,,,,,,,,,,,,
335,112,1,,,,,,,,,,,,,,,,,借方,,,538,雑費,,19800,,,32,10,消費税,資金区分,56,,,,
336,112,2,,,,,,,,,,,,,,,,,貸方,,,110,城北信当座預金,,19800,,,,,,,,,,,
337,113,,,,,113,1,,,北信産業 株式会社,財務会計R4,PC02,ISOBE-PC01,2023-04-15,1,2022-09-05,4,鈴木一郎､退職金,,,,,,,,,,,,,,,,,,
338,113,1,,,,,,,,,,,,,,,,,借方,,,204,未払金,,2000000,,,,,,資金区分,67,,,,
339,113,2,,,,,,,,,,,,,,,,,貸方,,,110,城北信当座預金,,2000000,,,,,,,,,,,
340,114,,,,,114,2,,,北信産業 株式会社,財務会計R4,PC02,ISOBE-PC01,2023-04-15,1,2022-09-05,4,山田花子､退職金,,,,,,,,,,,,,,,,,,
341,114,1,,,,,,,,,,,,,,,,,借方,,,204,未払金,,2000000,,,,,,資金区分,67,,,,
342,114,2,,,,,,,,,,,,,,,,,貸方,,,110,城北信当座預金,,2000000,,,,,,,,,,,
343,115,,,,,115,3,,,北信産業 株式会社,財務会計R4,PC02,ISOBE-PC01,2023-04-15,1,2022-09-05,4,麹町税務署､源泉所得税納付,,,,,,,,,,,,,,,,,,
344,115,1,,,,,,,,,,,,,,,,,借方,,,208,預り金,,2268,,,,,,資金区分,68,,,,
345,115,2,,,,,,,,,,,,,,,,,貸方,,,100,現金,,2268,,,,,,,,,,,
346,116,,,,,116,4,,,北信産業 株式会社,財務会計R4,PC02,ISOBE-PC01,2023-04-15,1,2022-09-12,3,大田コンサル､顧問料･決算料,,,,,,,,,,,,,,,,,,
347,116,1,,,,,,,,,,,,,,,,,借方,,,512,支払手数料,,264000,,,32,10,消費税,資金区分,56,,,,
348,116,2,,,,,,,,,,,,,,,,,貸方,,,999,諸口,,264000,,,,,,,,,,,
349,117,,,,,117,4,,,北信産業 株式会社,財務会計R4,PC02,ISOBE-PC01,2023-04-15,2,2022-09-12,3,大田コンサル､顧問料･決算料,,,,,,,,,,,,,,,,,,
350,117,1,,,,,,,,,,,,,,,,,借方,,,999,諸口,,239496,,,,,,,,,,,
351,117,2,,,,,,,,,,,,,,,,,貸方,,,110,城北信当座預金,,239496,,,,,,,,,,,
352,118,,,,,118,4,,,北信産業 株式会社,財務会計R4,PC02,ISOBE-PC01,2023-04-15,3,2022-09-12,3,大田コンサル､源泉所得税,,,,,,,,,,,,,,,,,,
353,118,1,,,,,,,,,,,,,,,,,借方,,,999,諸口,,24504,,,,,,,,,,,
354,118,2,,,,,,,,,,,,,,,,,貸方,,,208,預り金,,24504,,,,,,資金区分,4,,,,
355,119,,,,,119,5,,,北信産業 株式会社,財務会計R4,PC02,ISOBE-PC01,2023-04-15,1,2022-09-15,4,麹町税務署､所得税還付金,,,,,,,,,,,,,,,,,,
356,119,1,,,,,,,,,,,,,,,,,借方,,,110,城北信当座預金,,224,,,,,,,,,,,
357,119,2,,,,,,,,,,,,,,,,,貸方,,,604,雑収入,,224,,,,,,資金区分,5,,,,
358,120,,,,,120,6,,,北信産業 株式会社,財務会計R4,PC01,ISOBE-PC01,2022-10-26,1,2022-09-22,4,NTTﾌｧｲﾅﾝｽ､電話料金,,,,,,,,,,,,,,,,,,
359,120,1,,,,,,,,,,,,,,,,,借方,,,523,通信費,,6102,,,32,10,消費税,資金区分,56,,,,
360,120,2,,,,,,,,,,,,,,,,,貸方,,,100,現金,,6102,,,,,,,,,,,
361,121,,,,,121,7,,,北信産業 株式会社,財務会計R4,PC02,ISOBE-PC01,2023-04-15,1,2022-09-22,4,麹町税務署､源泉所得税納付,,,,,,,,,,,,,,,,,,
362,121,1,,,,,,,,,,,,,,,,,借方,,,208,預り金,,24504,,,,,,資金区分,68,,,,
363,121,2,,,,,,,,,,,,,,,,,貸方,,,100,現金,,24504,,,,,,,,,,,
364,122,,,,,122,8,,,北信産業 株式会社,財務会計R4,PC03,ISOBE-PC01,2022-11-01,1,2022-09-30,4,㈱大塚商会､保守料,,,,,,,,,,,,,,,,,,
365,122,1,,,,,,,,,,,,,,,,,借方,,,529,修繕費,,4840,,,32,10,消費税,資金区分,56,,,,
366,122,2,,,,,,,,,,,,,,,,,貸方,,,111,三菱東京UFJ当座預金,,4840,,,,,,,,,,,
367,123,,,,,123,9,,,北信産業 株式会社,財務会計R4,PC01,ISOBE-PC01,2022-10-26,1,2022-09-01,4,8/29実用興業､ﾀｸｼｰ代,,,,,,,,,,,,,,,,,,
368,123,1,,,,,,,,,,,,,,,,,借方,,,522,旅費・交通費,,900,,,32,10,消費税,資金区分,56,,,,
369,123,2,,,,,,,,,,,,,,,,,貸方,,,100,現金,,900,,,,,,,,,,,
370,124,,,,,124,10,,,北信産業 株式会社,財務会計R4,PC01,ISOBE-PC01,2022-10-26,1,2022-09-09,4,8/29実用興業､ﾀｸｼｰ代,,,,,,,,,,,,,,,,,,
371,124,1,,,,,,,,,,,,,,,,,借方,,,522,旅費・交通費,,900,,,32,10,消費税,資金区分,56,,,,
372,124,2,,,,,,,,,,,,,,,,,貸方,,,100,現金,,900,,,,,,,,,,,
373,125,,,,,125,11,,,北信産業 株式会社,財務会計R4,PC02,ISOBE-PC01,2023-04-15,1,2022-09-09,4,日本交通､ﾀｸｼｰ代,,,,,,,,,,,,,,,,,,
374,125,1,,,,,,,,,,,,,,,,,借方,,,522,旅費・交通費,,900,,,32,10,消費税,資金区分,56,,,,
375,125,2,,,,,,,,,,,,,,,,,貸方,,,100,現金,,900,,,,,,,,,,,
376,126,,,,,126,12,,,北信産業 株式会社,財務会計R4,PC02,ISOBE-PC01,2023-04-15,1,2022-09-21,4,東京興業､ﾀｸｼｰ代,,,,,,,,,,,,,,,,,,
377,126,1,,,,,,,,,,,,,,,,,借方,,,522,旅費・交通費,,900,,,32,10,消費税,資金区分,56,,,,
378,126,2,,,,,,,,,,,,,,,,,貸方,,,100,現金,,900,,,,,,,,,,,
379,127,,,,,127,1,,,北信産業 株式会社,財務会計R4,PC01,ISOBE-PC01,2022-11-04,1,2022-10-04,4,城北信金､振込料,,,,,,,,,,,,,,,,,,
380,127,1,,,,,,,,,,,,,,,,,借方,,,512,支払手数料,,880,,,32,10,消費税,資金区分,56,,,,
381,127,2,,,,,,,,,,,,,,,,,貸方,,,100,現金,,880,,,,,,,,,,,
382,128,,,,,128,2,,,北信産業 株式会社,財務会計R4,PC01,ISOBE-PC01,2022-11-04,1,2022-10-19,4,城北信金､振込料,,,,,,,,,,,,,,,,,,
383,128,1,,,,,,,,,,,,,,,,,借方,,,512,支払手数料,,880,,,32,10,消費税,資金区分,56,,,,
384,128,2,,,,,,,,,,,,,,,,,貸方,,,100,現金,,880,,,,,,,,,,,
385,129,,,,,129,3,,,北信産業 株式会社,財務会計R4,PC01,ISOBE-PC01,2022-11-04,1,2022-10-04,4,日本メディアシステム㈱､ＮＴＴ電話機でんえもん工事代,,,,,,,,,,,,,,,,,,
386,129,1,,,,,,,,,,,,,,,,,借方,,,529,修繕費,,74877,,,32,10,消費税,資金区分,56,,,,
387,129,2,,,,,,,,,,,,,,,,,貸方,,,110,城北信当座預金,,74877,,,,,,,,,,,
388,130,,,,,130,4,,,北信産業 株式会社,財務会計R4,PC02,ISOBE-PC01,2023-04-15,1,2022-10-12,3,大田コンサル､会社清算事務分,,,,,,,,,,,,,,,,,,
389,130,1,,,,,,,,,,,,,,,,,借方,,,512,支払手数料,,198000,,,32,10,消費税,資金区分,56,,,,
390,130,2,,,,,,,,,,,,,,,,,貸方,,,999,諸口,,198000,,,,,,,,,,,
391,131,,,,,131,4,,,北信産業 株式会社,財務会計R4,PC02,ISOBE-PC01,2023-04-15,2,2022-10-12,3,大田コンサル､会社清算事務分,,,,,,,,,,,,,,,,,,
392,131,1,,,,,,,,,,,,,,,,,借方,,,999,諸口,,179622,,,,,,,,,,,
393,131,2,,,,,,,,,,,,,,,,,貸方,,,110,城北信当座預金,,179622,,,,,,,,,,,
394,132,,,,,132,4,,,北信産業 株式会社,財務会計R4,PC02,ISOBE-PC01,2023-04-15,3,2022-10-12,3,大田コンサル､源泉所得税,,,,,,,,,,,,,,,,,,
395,132,1,,,,,,,,,,,,,,,,,借方,,,999,諸口,,18378,,,,,,,,,,,
396,132,2,,,,,,,,,,,,,,,,,貸方,,,208,預り金,,18378,,,,,,資金区分,4,,,,
397,133,,,,,133,5,,,北信産業 株式会社,財務会計R4,PC03,ISOBE-PC01,2022-11-11,1,2022-10-17,4,三菱UFJ銀行､当座預金解約,,,,,,,,,,,,,,,,,,
398,133,1,,,,,,,,,,,,,,,,,借方,,,100,現金,,634606,,,,,,,,,,,
399,133,2,,,,,,,,,,,,,,,,,貸方,,,111,三菱東京UFJ当座預金,,634606,,,,,,,,,,,
400,134,,,,,134,6,,,北信産業 株式会社,財務会計R4,PC02,ISOBE-PC01,2023-04-15,1,2022-10-19,4,北海道太郎､残務整理諸経費,,,,,,,,,,,,,,,,,,
401,134,1,,,,,,,,,,,,,,,,,借方,,,538,雑費,,50000,,,32,10,消費税,資金区分,56,,,,
402,134,2,,,,,,,,,,,,,,,,,貸方,,,100,現金,,50000,,,,,,,,,,,
403,135,,,,,135,7,,,北信産業 株式会社,財務会計R4,PC01,ISOBE-PC01,2022-11-04,1,2022-10-19,4,現金預入,,,,,,,,,,,,,,,,,,
404,135,1,,,,,,,,,,,,,,,,,借方,,,110,城北信当座預金,,505456,,,,,,,,,,,
405,135,2,,,,,,,,,,,,,,,,,貸方,,,100,現金,,505456,,,,,,,,,,,
406,136,,,,,136,8,,,北信産業 株式会社,財務会計R4,PC02,ISOBE-PC01,2023-04-15,1,2022-10-19,4,麹町税務署､源泉所得税納付,,,,,,,,,,,,,,,,,,
407,136,1,,,,,,,,,,,,,,,,,借方,,,208,預り金,,18378,,,,,,資金区分,68,,,,
408,136,2,,,,,,,,,,,,,,,,,貸方,,,100,現金,,18378,,,,,,,,,,,
409,137,,,,,137,9,,,北信産業 株式会社,財務会計R4,PC02,ISOBE-PC01,2023-04-15,1,2022-10-19,3,ＸＹＺ司法書士､会社清算結了登記手数料,,,,,,,,,,,,,,,,,,
410,137,1,,,,,,,,,,,,,,,,,借方,,,999,諸口,,56688,,,,,,,,,,,
411,137,2,,,,,,,,,,,,,,,,,貸方,,,100,現金,,56688,,,,,,,,,,,
412,138,,,,,138,9,,,北信産業 株式会社,財務会計R4,PC02,WS017,2023-04-15,2,2022-10-19,3,ＸＹＺ司法書士､会社清算結了登記手数料,,,,,,,,,,,,,,,,,,
413,138,1,,,,,,,,,,,,,,,,,借方,,,512,支払手数料,,57000,,,32,10,消費税,資金区分,56,,,,
414,138,2,,,,,,,,,,,,,,,,,貸方,,,999,諸口,,57000,,,,,,,,,,,
415,139,,,,,139,9,,,北信産業 株式会社,財務会計R4,PC02,WS017,2023-04-15,3,2022-10-19,3,ＸＹＺ司法書士､源泉所得税,,,,,,,,,,,,,,,,,,
416,139,1,,,,,,,,,,,,,,,,,借方,,,999,諸口,,4084,,,,,,,,,,,
417,139,2,,,,,,,,,,,,,,,,,貸方,,,208,預り金,,4084,,,,,,資金区分,4,,,,
418,140,,,,,140,9,,,北信産業 株式会社,財務会計R4,PC02,WS017,2023-04-15,4,2022-10-19,3,ＸＹＺ司法書士､登記法定費用,,,,,,,,,,,,,,,,,,
419,140,1,,,,,,,,,,,,,,,,,借方,,,526,租税公課,,3772,,,,,,資金区分,59,,,,
420,140,2,,,,,,,,,,,,,,,,,貸方,,,999,諸口,,3772,,,,,,,,,,,
421,141,,,,,141,10,,,北信産業 株式会社,財務会計R4,PC01,ISOBE-PC01,2022-11-04,1,2022-10-19,4,城北信金､振込料,,,,,,,,,,,,,,,,,,
422,141,1,,,,,,,,,,,,,,,,,借方,,,512,支払手数料,,880,,,32,10,消費税,資金区分,56,,,,
423,141,2,,,,,,,,,,,,,,,,,貸方,,,100,現金,,880,,,,,,,,,,,
424,142,,,,,142,11,,,北信産業 株式会社,財務会計R4,PC02,ISOBE-PC01,2023-04-15,1,2022-10-19,4,麹町税務署､源泉所得税納付,,,,,,,,,,,,,,,,,,
425,142,1,,,,,,,,,,,,,,,,,借方,,,208,預り金,,4084,,,,,,資金区分,68,,,,
426,142,2,,,,,,,,,,,,,,,,,貸方,,,100,現金,,4084,,,,,,,,,,,
427,143,,,,,143,12,,,北信産業 株式会社,財務会計R4,PC03,ISOBE-PC01,2022-11-11,1,2022-10-27,4,城北信金､当座預金解約引出,,,,,,,,,,,,,,,,,,
428,143,1,,,,,,,,,,,,,,,,,借方,,,100,現金,,17052250,,,,,,,,,,,
429,143,2,,,,,,,,,,,,,,,,,貸方,,,110,城北信当座預金,,17052250,,,,,,,,,,,
430,144,,,,,144,13,,,北信産業 株式会社,財務会計R4,PC02,WS017,2023-04-15,1,2022-10-31,4,北海道太郎､借入金返済,,,,,,,,,,,,,,,,,,
431,144,1,,,,,,,,,,,,,,,,,借方,,,202,借入金,,432104,,,,,,資金区分,84,その他の借入金,,,
432,144,2,,,,,,,,,,,,,,,,,貸方,,,100,現金,,432104,,,,,,,,,,,
433,145,,,,,145,14,,,北信産業 株式会社,財務会計R4,PC02,WS017,2023-04-15,1,2022-10-31,4,北海道太郎､過年度光熱費等精算,,,,,,,,,,,,,,,,,,
434,145,1,,,,,,,,,,,,,,,,,借方,,,204,未払金,,379918,,,,,,資金区分,67,,,,
435,145,2,,,,,,,,,,,,,,,,,貸方,,,100,現金,,379918,,,,,,,,,,,
436,146,,,,,146,15,,,北信産業 株式会社,財務会計R4,PC03,WS017,2022-11-11,1,2022-10-31,3,車両･備品売却取引､純額処理振替,,,,,,,,,,,,,,,,,,
437,146,1,,,,,,,,,,,,,,,,,借方,,,701,固定資産譲渡収入,,863641,,,,,,資金区分,7,,,,
438,146,2,,,,,,,,,,,,,,,,,貸方,,,999,諸口,,863641,,,,,,,,,,,
439,147,,,,,147,15,,,北信産業 株式会社,財務会計R4,PC03,WS017,2022-11-11,2,2022-10-31,3,車両･備品売却取引､純額処理振替,,,,,,,,,,,,,,,,,,
440,147,1,,,,,,,,,,,,,,,,,借方,,,999,諸口,,7,,,,,,,,,,,
441,147,2,,,,,,,,,,,,,,,,,貸方,,,712,固定資産譲渡費用,,7,,,,,,資金区分,62,,,,
442,148,,,,,148,15,,,北信産業 株式会社,財務会計R4,PC03,WS017,2022-11-11,3,2022-10-31,3,車両･備品売却取引､純額処理振替,,,,,,,,,,,,,,,,,,
443,148,1,,,,,,,,,,,,,,,,,借方,,,999,諸口,,863634,,,,,,,,,,,
444,148,2,,,,,,,,,,,,,,,,,貸方,,,700,固定資産売却益,,863634,,,,,,資金区分,7,,,,
445,149,,,,,149,76,,,北信産業 株式会社,財務会計R4,PC03,WS017,2022-11-11,,2022-07-31,4,[  7月-  7月 一括税抜],,,,,,,,,,,,,,,,,,
446,149,1,,,,,,,,,,,,,,,,,借方,,,810,売上高,,102790,,,1,10,消費税,資金区分,1,,,,
447,149,2,,,,,,,,,,,,,,,,,貸方,,,999,諸口,,102790,,,,,,,,,,,
448,150,,,,,150,76,,,北信産業 株式会社,財務会計R4,PC03,WS017,2022-11-11,,2022-07-31,4,[  7月-  7月 一括税抜],,,,,,,,,,,,,,,,,,
449,150,1,,,,,,,,,,,,,,,,,借方,,,999,諸口,,102790,,,,,,,,,,,
450,150,2,,,,,,,,,,,,,,,,,貸方,,,214,仮受消費税,,102790,,,1,10,消費税,資金区分,10,,,,
451,151,,,,,151,77,,,北信産業 株式会社,財務会計R4,PC03,WS017,2022-11-11,,2022-07-31,4,[  7月-  7月 一括税抜],,,,,,,,,,,,,,,,,,
452,151,1,,,,,,,,,,,,,,,,,借方,,,999,諸口,,2013,,,,,,,,,,,
453,151,2,,,,,,,,,,,,,,,,,貸方,,,461,仕入高,,2013,,,31,10,消費税,資金区分,41,,,,
454,152,,,,,152,77,,,北信産業 株式会社,財務会計R4,PC03,WS017,2022-11-11,,2022-07-31,4,[  7月-  7月 一括税抜],,,,,,,,,,,,,,,,,,
455,152,1,,,,,,,,,,,,,,,,,借方,,,174,仮払消費税,,2013,,,31,10,消費税,資金区分,66,,,,
456,152,2,,,,,,,,,,,,,,,,,貸方,,,999,諸口,,2013,,,,,,,,,,,
457,153,,,,,153,78,,,北信産業 株式会社,財務会計R4,PC03,WS017,2022-11-11,,2022-07-31,4,[  7月-  7月 一括税抜],,,,,,,,,,,,,,,,,,
458,153,1,,,,,,,,,,,,,,,,,借方,,,999,諸口,,1149,,,,,,,,,,,
459,153,2,,,,,,,,,,,,,,,,,貸方,,,525,消耗品費,,1149,,,31,10,消費税,資金区分,56,,,,
460,154,,,,,154,78,,,北信産業 株式会社,財務会計R4,PC03,WS017,2022-11-11,,2022-07-31,4,[  7月-  7月 一括税抜],,,,,,,,,,,,,,,,,,
461,154,1,,,,,,,,,,,,,,,,,借方,,,174,仮払消費税,,1149,,,31,10,消費税,資金区分,66,,,,
462,154,2,,,,,,,,,,,,,,,,,貸方,,,999,諸口,,1149,,,,,,,,,,,
463,155,,,,,155,79,,,北信産業 株式会社,財務会計R4,PC03,WS017,2022-11-11,,2022-07-31,4,[  7月-  7月 一括税抜],,,,,,,,,,,,,,,,,,
464,155,1,,,,,,,,,,,,,,,,,借方,,,999,諸口,,1300,,,,,,,,,,,
465,155,2,,,,,,,,,,,,,,,,,貸方,,,528,地代・家賃,,1300,,,31,10,消費税,資金区分,55,,,,
466,156,,,,,156,79,,,北信産業 株式会社,財務会計R4,PC03,WS017,2022-11-11,,2022-07-31,4,[  7月-  7月 一括税抜],,,,,,,,,,,,,,,,,,
467,156,1,,,,,,,,,,,,,,,,,借方,,,174,仮払消費税,,1300,,,31,10,消費税,資金区分,66,,,,
468,156,2,,,,,,,,,,,,,,,,,貸方,,,999,諸口,,1300,,,,,,,,,,,
469,157,,,,,157,80,,,北信産業 株式会社,財務会計R4,PC03,WS017,2022-11-11,,2022-07-31,4,[  7月-  7月 一括税抜],,,,,,,,,,,,,,,,,,
470,157,1,,,,,,,,,,,,,,,,,借方,,,999,諸口,,10565,,,,,,,,,,,
471,157,2,,,,,,,,,,,,,,,,,貸方,,,529,修繕費,,10565,,,31,10,消費税,資金区分,56,,,,
472,158,,,,,158,80,,,北信産業 株式会社,財務会計R4,PC03,WS017,2022-11-11,,2022-07-31,4,[  7月-  7月 一括税抜],,,,,,,,,,,,,,,,,,
473,158,1,,,,,,,,,,,,,,,,,借方,,,174,仮払消費税,,10565,,,31,10,消費税,資金区分,66,,,,
474,158,2,,,,,,,,,,,,,,,,,貸方,,,999,諸口,,10565,,,,,,,,,,,
475,159,,,,,159,81,,,北信産業 株式会社,財務会計R4,PC03,WS017,2022-11-11,,2022-07-31,4,[  7月-  7月 一括税抜],,,,,,,,,,,,,,,,,,
476,159,1,,,,,,,,,,,,,,,,,借方,,,999,諸口,,1111,,,,,,,,,,,
477,159,2,,,,,,,,,,,,,,,,,貸方,,,521,接待交際費,,1111,,,31,K8.0,消費税,資金区分,56,交際費,,,
478,160,,,,,160,81,,,北信産業 株式会社,財務会計R4,PC03,WS017,2022-11-11,,2022-07-31,4,[  7月-  7月 一括税抜],,,,,,,,,,,,,,,,,,
479,160,1,,,,,,,,,,,,,,,,,借方,,,174,仮払消費税,,1111,,,31,K8.0,消費税,資金区分,66,,,,
480,160,2,,,,,,,,,,,,,,,,,貸方,,,999,諸口,,1111,,,,,,,,,,,
481,161,,,,,161,82,,,北信産業 株式会社,財務会計R4,PC03,WS017,2022-11-11,,2022-07-31,4,[  7月-  7月 一括税抜],,,,,,,,,,,,,,,,,,
482,161,1,,,,,,,,,,,,,,,,,借方,,,999,諸口,,810,,,,,,,,,,,
483,161,2,,,,,,,,,,,,,,,,,貸方,,,521,接待交際費,,810,,,31,10,消費税,資金区分,56,少額交際費,,,
484,162,,,,,162,82,,,北信産業 株式会社,財務会計R4,PC03,WS017,2022-11-11,,2022-07-31,4,[  7月-  7月 一括税抜],,,,,,,,,,,,,,,,,,
485,162,1,,,,,,,,,,,,,,,,,借方,,,174,仮払消費税,,810,,,31,10,消費税,資金区分,66,,,,
486,162,2,,,,,,,,,,,,,,,,,貸方,,,999,諸口,,810,,,,,,,,,,,
487,163,,,,,163,83,,,北信産業 株式会社,財務会計R4,PC03,WS017,2022-11-11,,2022-07-31,4,[  7月-  7月 一括税抜],,,,,,,,,,,,,,,,,,
488,163,1,,,,,,,,,,,,,,,,,借方,,,999,諸口,,1182,,,,,,,,,,,
489,163,2,,,,,,,,,,,,,,,,,貸方,,,522,旅費・交通費,,1182,,,31,10,消費税,資金区分,56,,,,
490,164,,,,,164,83,,,北信産業 株式会社,財務会計R4,PC03,WS017,2022-11-11,,2022-07-31,4,[  7月-  7月 一括税抜],,,,,,,,,,,,,,,,,,
491,164,1,,,,,,,,,,,,,,,,,借方,,,174,仮払消費税,,1182,,,31,10,消費税,資金区分,66,,,,
492,164,2,,,,,,,,,,,,,,,,,貸方,,,999,諸口,,1182,,,,,,,,,,,
493,165,,,,,165,84,,,北信産業 株式会社,財務会計R4,PC03,WS017,2022-11-11,,2022-07-31,4,[  7月-  7月 一括税抜],,,,,,,,,,,,,,,,,,
494,165,1,,,,,,,,,,,,,,,,,借方,,,999,諸口,,876,,,,,,,,,,,
495,165,2,,,,,,,,,,,,,,,,,貸方,,,523,通信費,,876,,,31,10,消費税,資金区分,56,,,,
496,166,,,,,166,84,,,北信産業 株式会社,財務会計R4,PC03,WS017,2022-11-11,,2022-07-31,4,[  7月-  7月 一括税抜],,,,,,,,,,,,,,,,,,
497,166,1,,,,,,,,,,,,,,,,,借方,,,174,仮払消費税,,876,,,31,10,消費税,資金区分,66,,,,
498,166,2,,,,,,,,,,,,,,,,,貸方,,,999,諸口,,876,,,,,,,,,,,
499,167,,,,,167,85,,,北信産業 株式会社,財務会計R4,PC03,WS017,2022-11-11,,2022-07-31,4,[  7月-  7月 一括税抜],,,,,,,,,,,,,,,,,,
500,167,1,,,,,,,,,,,,,,,,,借方,,,999,諸口,,19607,,,,,,,,,,,
501,167,2,,,,,,,,,,,,,,,,,貸方,,,512,支払手数料,,19607,,,31,10,消費税,資金区分,56,,,,
502,168,,,,,168,85,,,北信産業 株式会社,財務会計R4,PC03,WS017,2022-11-11,,2022-07-31,4,[  7月-  7月 一括税抜],,,,,,,,,,,,,,,,,,
503,168,1,,,,,,,,,,,,,,,,,借方,,,174,仮払消費税,,19607,,,31,10,消費税,資金区分,66,,,,
504,168,2,,,,,,,,,,,,,,,,,貸方,,,999,諸口,,19607,,,,,,,,,,,
505,169,,,,,169,86,,,北信産業 株式会社,財務会計R4,PC03,WS017,2022-11-11,,2022-07-31,4,[  7月-  7月 一括税抜],,,,,,,,,,,,,,,,,,
506,169,1,,,,,,,,,,,,,,,,,借方,,,701,固定資産譲渡収入,,86364,,,1,10,消費税,資金区分,7,,,,
507,169,2,,,,,,,,,,,,,,,,,貸方,,,999,諸口,,86364,,,,,,,,,,,
508,170,,,,,170,86,,,北信産業 株式会社,財務会計R4,PC03,WS017,2022-11-11,,2022-07-31,4,[  7月-  7月 一括税抜],,,,,,,,,,,,,,,,,,
509,170,1,,,,,,,,,,,,,,,,,借方,,,999,諸口,,86364,,,,,,,,,,,
510,170,2,,,,,,,,,,,,,,,,,貸方,,,214,仮受消費税,,86364,,,1,10,消費税,資金区分,10,,,,
511,171,,,,,171,19,,,北信産業 株式会社,財務会計R4,PC03,WS017,2022-11-11,,2022-08-31,4,[  8月-  8月 一括税抜],,,,,,,,,,,,,,,,,,
512,171,1,,,,,,,,,,,,,,,,,借方,,,999,諸口,,440,,,,,,,,,,,
513,171,2,,,,,,,,,,,,,,,,,貸方,,,529,修繕費,,440,,,31,10,消費税,資金区分,56,,,,
514,172,,,,,172,19,,,北信産業 株式会社,財務会計R4,PC03,WS017,2022-11-11,,2022-08-31,4,[  8月-  8月 一括税抜],,,,,,,,,,,,,,,,,,
515,172,1,,,,,,,,,,,,,,,,,借方,,,174,仮払消費税,,440,,,31,10,消費税,資金区分,66,,,,
516,172,2,,,,,,,,,,,,,,,,,貸方,,,999,諸口,,440,,,,,,,,,,,
517,173,,,,,173,20,,,北信産業 株式会社,財務会計R4,PC03,WS017,2022-11-11,,2022-08-31,4,[  8月-  8月 一括税抜],,,,,,,,,,,,,,,,,,
518,173,1,,,,,,,,,,,,,,,,,借方,,,999,諸口,,245,,,,,,,,,,,
519,173,2,,,,,,,,,,,,,,,,,貸方,,,522,旅費・交通費,,245,,,31,10,消費税,資金区分,56,,,,
520,174,,,,,174,20,,,北信産業 株式会社,財務会計R4,PC03,WS017,2022-11-11,,2022-08-31,4,[  8月-  8月 一括税抜],,,,,,,,,,,,,,,,,,
521,174,1,,,,,,,,,,,,,,,,,借方,,,174,仮払消費税,,245,,,31,10,消費税,資金区分,66,,,,
522,174,2,,,,,,,,,,,,,,,,,貸方,,,999,諸口,,245,,,,,,,,,,,
523,175,,,,,175,21,,,北信産業 株式会社,財務会計R4,PC03,WS017,2022-11-11,,2022-08-31,4,[  8月-  8月 一括税抜],,,,,,,,,,,,,,,,,,
524,175,1,,,,,,,,,,,,,,,,,借方,,,999,諸口,,1264,,,,,,,,,,,
525,175,2,,,,,,,,,,,,,,,,,貸方,,,523,通信費,,1264,,,31,10,消費税,資金区分,56,,,,
526,176,,,,,176,21,,,北信産業 株式会社,財務会計R4,PC03,WS017,2022-11-11,,2022-08-31,4,[  8月-  8月 一括税抜],,,,,,,,,,,,,,,,,,
527,176,1,,,,,,,,,,,,,,,,,借方,,,174,仮払消費税,,1264,,,31,10,消費税,資金区分,66,,,,
528,176,2,,,,,,,,,,,,,,,,,貸方,,,999,諸口,,1264,,,,,,,,,,,
529,177,,,,,177,22,,,北信産業 株式会社,財務会計R4,PC03,WS017,2022-11-11,,2022-08-31,4,[  8月-  8月 一括税抜],,,,,,,,,,,,,,,,,,
530,177,1,,,,,,,,,,,,,,,,,借方,,,999,諸口,,2422,,,,,,,,,,,
531,177,2,,,,,,,,,,,,,,,,,貸方,,,512,支払手数料,,2422,,,31,10,消費税,資金区分,56,,,,
532,178,,,,,178,22,,,北信産業 株式会社,財務会計R4,PC03,WS017,2022-11-11,,2022-08-31,4,[  8月-  8月 一括税抜],,,,,,,,,,,,,,,,,,
533,178,1,,,,,,,,,,,,,,,,,借方,,,174,仮払消費税,,2422,,,31,10,消費税,資金区分,66,,,,
534,178,2,,,,,,,,,,,,,,,,,貸方,,,999,諸口,,2422,,,,,,,,,,,
535,179,,,,,179,23,,,北信産業 株式会社,財務会計R4,PC03,WS017,2022-11-11,,2022-08-31,4,[  8月-  8月 一括税抜],,,,,,,,,,,,,,,,,,
536,179,1,,,,,,,,,,,,,,,,,借方,,,999,諸口,,1800,,,,,,,,,,,
537,179,2,,,,,,,,,,,,,,,,,貸方,,,538,雑費,,1800,,,31,10,消費税,資金区分,56,,,,
538,180,,,,,180,23,,,北信産業 株式会社,財務会計R4,PC03,WS017,2022-11-11,,2022-08-31,4,[  8月-  8月 一括税抜],,,,,,,,,,,,,,,,,,
539,180,1,,,,,,,,,,,,,,,,,借方,,,174,仮払消費税,,1800,,,31,10,消費税,資金区分,66,,,,
540,180,2,,,,,,,,,,,,,,,,,貸方,,,999,諸口,,1800,,,,,,,,,,,
541,181,,,,,181,14,,,北信産業 株式会社,財務会計R4,PC03,WS017,2022-11-11,,2022-09-30,4,[  9月-  9月 一括税抜],,,,,,,,,,,,,,,,,,
542,181,1,,,,,,,,,,,,,,,,,借方,,,999,諸口,,440,,,,,,,,,,,
543,181,2,,,,,,,,,,,,,,,,,貸方,,,529,修繕費,,440,,,31,10,消費税,資金区分,56,,,,
544,182,,,,,182,14,,,北信産業 株式会社,財務会計R4,PC03,WS017,2022-11-11,,2022-09-30,4,[  9月-  9月 一括税抜],,,,,,,,,,,,,,,,,,
545,182,1,,,,,,,,,,,,,,,,,借方,,,174,仮払消費税,,440,,,31,10,消費税,資金区分,66,,,,
546,182,2,,,,,,,,,,,,,,,,,貸方,,,999,諸口,,440,,,,,,,,,,,
547,183,,,,,183,15,,,北信産業 株式会社,財務会計R4,PC03,WS017,2022-11-11,,2022-09-30,4,[  9月-  9月 一括税抜],,,,,,,,,,,,,,,,,,
548,183,1,,,,,,,,,,,,,,,,,借方,,,999,諸口,,327,,,,,,,,,,,
549,183,2,,,,,,,,,,,,,,,,,貸方,,,522,旅費・交通費,,327,,,31,10,消費税,資金区分,56,,,,
550,184,,,,,184,15,,,北信産業 株式会社,財務会計R4,PC03,WS017,2022-11-11,,2022-09-30,4,[  9月-  9月 一括税抜],,,,,,,,,,,,,,,,,,
551,184,1,,,,,,,,,,,,,,,,,借方,,,174,仮払消費税,,327,,,31,10,消費税,資金区分,66,,,,
552,184,2,,,,,,,,,,,,,,,,,貸方,,,999,諸口,,327,,,,,,,,,,,
553,185,,,,,185,16,,,北信産業 株式会社,財務会計R4,PC03,WS017,2022-11-11,,2022-09-30,4,[  9月-  9月 一括税抜],,,,,,,,,,,,,,,,,,
554,185,1,,,,,,,,,,,,,,,,,借方,,,999,諸口,,555,,,,,,,,,,,
555,185,2,,,,,,,,,,,,,,,,,貸方,,,523,通信費,,555,,,31,10,消費税,資金区分,56,,,,
556,186,,,,,186,16,,,北信産業 株式会社,財務会計R4,PC03,WS017,2022-11-11,,2022-09-30,4,[  9月-  9月 一括税抜],,,,,,,,,,,,,,,,,,
557,186,1,,,,,,,,,,,,,,,,,借方,,,174,仮払消費税,,555,,,31,10,消費税,資金区分,66,,,,
558,186,2,,,,,,,,,,,,,,,,,貸方,,,999,諸口,,555,,,,,,,,,,,
559,187,,,,,187,17,,,北信産業 株式会社,財務会計R4,PC03,WS017,2022-11-11,,2022-09-30,4,[  9月-  9月 一括税抜],,,,,,,,,,,,,,,,,,
560,187,1,,,,,,,,,,,,,,,,,借方,,,999,諸口,,24000,,,,,,,,,,,
561,187,2,,,,,,,,,,,,,,,,,貸方,,,512,支払手数料,,24000,,,31,10,消費税,資金区分,56,,,,
562,188,,,,,188,17,,,北信産業 株式会社,財務会計R4,PC03,WS017,2022-11-11,,2022-09-30,4,[  9月-  9月 一括税抜],,,,,,,,,,,,,,,,,,
563,188,1,,,,,,,,,,,,,,,,,借方,,,174,仮払消費税,,24000,,,31,10,消費税,資金区分,66,,,,
564,188,2,,,,,,,,,,,,,,,,,貸方,,,999,諸口,,24000,,,,,,,,,,,
565,189,,,,,189,16,,,北信産業 株式会社,財務会計R4,PC03,WS017,2022-11-11,,2022-10-31,4,[ 10月- 10月 一括税抜],,,,,,,,,,,,,,,,,,
566,189,1,,,,,,,,,,,,,,,,,借方,,,999,諸口,,6807,,,,,,,,,,,
567,189,2,,,,,,,,,,,,,,,,,貸方,,,529,修繕費,,6807,,,31,10,消費税,資金区分,56,,,,
568,190,,,,,190,16,,,北信産業 株式会社,財務会計R4,PC03,WS017,2022-11-11,,2022-10-31,4,[ 10月- 10月 一括税抜],,,,,,,,,,,,,,,,,,
569,190,1,,,,,,,,,,,,,,,,,借方,,,174,仮払消費税,,6807,,,31,10,消費税,資金区分,66,,,,
570,190,2,,,,,,,,,,,,,,,,,貸方,,,999,諸口,,6807,,,,,,,,,,,
571,191,,,,,191,17,,,北信産業 株式会社,財務会計R4,PC03,WS017,2022-11-11,,2022-10-31,4,[ 10月- 10月 一括税抜],,,,,,,,,,,,,,,,,,
572,191,1,,,,,,,,,,,,,,,,,借方,,,999,諸口,,23422,,,,,,,,,,,
573,191,2,,,,,,,,,,,,,,,,,貸方,,,512,支払手数料,,23422,,,31,10,消費税,資金区分,56,,,,
574,192,,,,,192,17,,,北信産業 株式会社,財務会計R4,PC03,WS017,2022-11-11,,2022-10-31,4,[ 10月- 10月 一括税抜],,,,,,,,,,,,,,,,,,
575,192,1,,,,,,,,,,,,,,,,,借方,,,174,仮払消費税,,23422,,,31,10,消費税,資金区分,66,,,,
576,192,2,,,,,,,,,,,,,,,,,貸方,,,999,諸口,,23422,,,,,,,,,,,
577,193,,,,,193,18,,,北信産業 株式会社,財務会計R4,PC03,WS017,2022-11-11,,2022-10-31,4,[ 10月- 10月 一括税抜],,,,,,,,,,,,,,,,,,
578,193,1,,,,,,,,,,,,,,,,,借方,,,999,諸口,,4545,,,,,,,,,,,
579,193,2,,,,,,,,,,,,,,,,,貸方,,,538,雑費,,4545,,,31,10,消費税,資金区分,56,,,,
580,194,,,,,194,18,,,北信産業 株式会社,財務会計R4,PC03,WS017,2022-11-11,,2022-10-31,4,[ 10月- 10月 一括税抜],,,,,,,,,,,,,,,,,,
581,194,1,,,,,,,,,,,,,,,,,借方,,,174,仮払消費税,,4545,,,31,10,消費税,資金区分,66,,,,
582,194,2,,,,,,,,,,,,,,,,,貸方,,,999,諸口,,4545,,,,,,,,,,,
583,195,,,,,195,19,,,北信産業 株式会社,財務会計R4,PC02,isobe-pc02,2022-11-11,1,2022-10-31,3,当期消費税精算処理,,,,,,,,,,,,,,,,,,
584,195,1,,,,,,,,,,,,,,,,,借方,,,214,仮受消費税,,189154,,,,,,資金区分,10,,,,
585,195,2,,,,,,,,,,,,,,,,,貸方,,,999,諸口,,189154,,,,,,,,,,,
586,196,,,,,196,19,,,北信産業 株式会社,財務会計R4,PC02,isobe-pc02,2022-11-11,2,2022-10-31,3,当期消費税精算処理,,,,,,,,,,,,,,,,,,
587,196,1,,,,,,,,,,,,,,,,,借方,,,999,諸口,,104880,,,,,,,,,,,
588,196,2,,,,,,,,,,,,,,,,,貸方,,,174,仮払消費税,,104880,,,,,,資金区分,66,,,,
589,197,,,,,197,19,,,北信産業 株式会社,財務会計R4,PC02,isobe-pc02,2023-04-15,3,2022-10-31,3,麹町税務署､当期確定消費税等,,,,,,,,,,,,,,,,,,
590,197,1,,,,,,,,,,,,,,,,,借方,,,999,諸口,,84100,,,,,,,,,,,
591,197,2,,,,,,,,,,,,,,,,,貸方,,,209,未払消費税等,,84100,,,,,,資金区分,67,,,,
592,198,,,,,198,19,,,北信産業 株式会社,財務会計R4,PC02,isobe-pc02,2022-11-11,4,2022-10-31,3,消費税端数受入金,,,,,,,,,,,,,,,,,,
593,198,1,,,,,,,,,,,,,,,,,借方,,,999,諸口,,174,,,,,,,,,,,
594,198,2,,,,,,,,,,,,,,,,,貸方,,,604,雑収入,,174,,,,,,資金区分,5,,,,
595,199,,,,,199,20,,,北信産業 株式会社,財務会計R4,PC02,isobe-pc02,2022-11-11,1,2022-10-31,4,東京都､当期確定都民税,,,,,,,,,,,,,,,,,,
596,199,1,,,,,,,,,,,,,,,,,借方,,,800,法人税等充当額,,23300,,,,,,資金区分,63,,,,
597,199,2,,,,,,,,,,,,,,,,,貸方,,,211,法人税等充当金,,23300,,,,,,資金区分,63,,,,
598,200,,,,,200,21,,,北信産業 株式会社,財務会計R4,PC02,isobe-pc02,2023-04-15,1,2022-10-31,4,北海道太郎､退職慰労金払い,,,,,,,,,,,,,,,,,,
599,200,1,,,,,,,,,,,,,,,,,借方,,,713,役員退職金,,16094166,,,,,,資金区分,62,,,,
600,200,2,,,,,,,,,,,,,,,,,貸方,,,100,現金,,16094166,,,,,,,,,,,
601,END,,,,,,,,,,,,,,,,,,,,,,,,,,,,,,,,,,,
