GL02,GL02-GL55,GL55-GL60,GL55-GL68,GL02-01,GL02-02,GL02-03,GL64-02,GL64-03,GL64-04,GL57-01,GL57-02,GL55-01,GL55-02,GL55-03,GL55-04,GL55-05,GL55-06,GL55-08,GL63-01,GL63-02,GL56-01,GL60-01,GL60-02,GL60-03,GL68-01,GL68-02,GL68-04
1,,,,1,1,,北信産業 株式会社,財務会計R4,PC01,ISOBE-PC01,2022-09-02,1,2022-07-04,4,預金引出,,,,,,,,,,,,
1,1,,,,,,,,,,,,,,,借方,,,100,現金,150000,,,,,,
1,2,,,,,,,,,,,,,,,貸方,,,110,城北信当座預金,150000,,,,,,
2,,,,2,2,,北信産業 株式会社,財務会計R4,PC02,ISOBE-PC01,2023-04-15,1,2022-07-04,4,ＡＢＣ工務店､看板取り外し処分,,,,,,,,,,,,
2,1,,,,,,,,,,,,,,,借方,,,529,修繕費,50000,資金区分,56,,32,10,消費税
2,2,,,,,,,,,,,,,,,貸方,,,100,現金,50000,,,,,,
3,,,,3,3,,北信産業 株式会社,財務会計R4,PC01,ISOBE-PC01,2022-09-02,1,2022-07-11,4,信金ｸﾚｼﾞｯﾄ扱ETC､有料道路代,,,,,,,,,,,,
3,1,,,,,,,,,,,,,,,借方,,,204,未払金,7860,資金区分,67,,,,
3,2,,,,,,,,,,,,,,,貸方,,,110,城北信当座預金,7860,,,,,,
4,,,,4,4,,北信産業 株式会社,財務会計R4,PC01,ISOBE-PC01,2022-09-02,1,2022-07-11,4,城北信金､ｱﾝｻｰﾎﾝ手数料,,,,,,,,,,,,
4,1,,,,,,,,,,,,,,,借方,,,512,支払手数料,1100,資金区分,56,,32,10,消費税
4,2,,,,,,,,,,,,,,,貸方,,,110,城北信当座預金,1100,,,,,,
5,,,,5,5,,北信産業 株式会社,財務会計R4,PC02,ISOBE-PC01,2023-04-15,1,2022-07-11,3,大田コンサル､顧問料,,,,,,,,,,,,
5,1,,,,,,,,,,,,,,,借方,,,512,支払手数料,24444,資金区分,56,,32,10,消費税
5,2,,,,,,,,,,,,,,,貸方,,,999,諸口,24444,,,,,,
6,,,,6,5,,北信産業 株式会社,財務会計R4,PC02,ISOBE-PC01,2023-04-15,2,2022-07-11,3,大田コンサル､顧問料,,,,,,,,,,,,
6,1,,,,,,,,,,,,,,,借方,,,999,諸口,22176,,,,,,
6,2,,,,,,,,,,,,,,,貸方,,,110,城北信当座預金,22176,,,,,,
7,,,,7,5,,北信産業 株式会社,財務会計R4,PC02,ISOBE-PC01,2023-04-15,3,2022-07-11,3,大田コンサル､源泉所得税,,,,,,,,,,,,
7,1,,,,,,,,,,,,,,,借方,,,999,諸口,2268,,,,,,
7,2,,,,,,,,,,,,,,,貸方,,,208,預り金,2268,資金区分,4,,,,
8,,,,8,6,,北信産業 株式会社,財務会計R4,PC02,ISOBE-PC01,2023-04-15,1,2022-07-11,3,イロハ社労士事務所､労働保険諸手続,,,,,,,,,,,,
8,1,,,,,,,,,,,,,,,借方,,,512,支払手数料,55000,資金区分,56,,32,10,消費税
8,2,,,,,,,,,,,,,,,貸方,,,999,諸口,55000,,,,,,
9,,,,9,6,,北信産業 株式会社,財務会計R4,PC02,ISOBE-PC01,2023-04-15,2,2022-07-11,3,イロハ社労士事務所､労保諸手続報酬払い,,,,,,,,,,,,
9,1,,,,,,,,,,,,,,,借方,,,999,諸口,49895,,,,,,
9,2,,,,,,,,,,,,,,,貸方,,,110,城北信当座預金,49895,,,,,,
10,,,,10,6,,北信産業 株式会社,財務会計R4,PC02,ISOBE-PC01,2023-04-15,3,2022-07-11,3,イロハ社労士事務所､源泉所得税,,,,,,,,,,,,
10,1,,,,,,,,,,,,,,,借方,,,999,諸口,5105,,,,,,
10,2,,,,,,,,,,,,,,,貸方,,,208,預り金,5105,資金区分,4,,,,
11,,,,11,7,,北信産業 株式会社,財務会計R4,PC02,ISOBE-PC01,2023-04-15,1,2022-07-12,4,ＸＹＺ司法書士､解散登記法定費用分,,,,,,,,,,,,
11,1,,,,,,,,,,,,,,,借方,,,154,仮払金,50000,資金区分,64,,,,
11,2,,,,,,,,,,,,,,,貸方,,,110,城北信当座預金,50000,,,,,,
12,,,,12,8,,北信産業 株式会社,財務会計R4,PC01,ISOBE-PC01,2022-09-02,1,2022-07-14,4,㈱越後屋,,,,,,,,,,,,
12,1,,,,,,,,,,,,,,,借方,,,111,三菱東京UFJ当座預金,110000,,,,,,
12,2,,,,,,,,,,,,,,,貸方,,,131,売掛金,110000,資金区分,2,,,,
13,,,,13,9,,北信産業 株式会社,財務会計R4,PC02,ISOBE-PC01,2023-04-15,1,2022-07-20,3,大手町機工､売掛回収,,,,,,,,,,,,
13,1,,,,,,,,,,,,,,,借方,,,111,三菱東京UFJ当座預金,29810,,,,,,
13,2,,,,,,,,,,,,,,,貸方,,,999,諸口,29810,,,,,,
14,,,,14,9,,北信産業 株式会社,財務会計R4,PC02,ISOBE-PC01,2023-04-15,2,2022-07-20,3,大手町機工､振込料,,,,,,,,,,,,
14,1,,,,,,,,,,,,,,,借方,,,512,支払手数料,880,資金区分,56,,32,10,消費税
14,2,,,,,,,,,,,,,,,貸方,,,999,諸口,880,,,,,,
15,,,,15,9,,北信産業 株式会社,財務会計R4,PC02,ISOBE-PC01,2023-04-15,3,2022-07-20,3,大手町機工､振込入金,,,,,,,,,,,,
15,1,,,,,,,,,,,,,,,借方,,,999,諸口,30690,,,,,,
15,2,,,,,,,,,,,,,,,貸方,,,131,売掛金,30690,資金区分,2,,,,
16,,,,16,10,,北信産業 株式会社,財務会計R4,PC02,ISOBE-PC01,2023-04-15,1,2022-07-25,4,"八重洲商事駐車場､13,000X税1,300､8月分",,,,,,,,,,,,
16,1,,,,,,,,,,,,,,,借方,,,528,地代・家賃,14300,資金区分,55,,32,10,消費税
16,2,,,,,,,,,,,,,,,貸方,,,110,城北信当座預金,14300,,,,,,
17,,,,17,11,,北信産業 株式会社,財務会計R4,PC01,ISOBE-PC01,2022-09-02,1,2022-07-25,4,銀行振替,,,,,,,,,,,,
17,1,,,,,,,,,,,,,,,借方,,,110,城北信当座預金,6600000,,,,,,
17,2,,,,,,,,,,,,,,,貸方,,,111,三菱東京UFJ当座預金,6600000,,,,,,
18,,,,18,12,,北信産業 株式会社,財務会計R4,PC02,ISOBE-PC01,2023-04-15,1,2022-07-25,3,日比谷建業㈱､売掛回収,,,,,,,,,,,,
18,1,,,,,,,,,,,,,,,借方,,,111,三菱東京UFJ当座預金,6486393,,,,,,
18,2,,,,,,,,,,,,,,,貸方,,,999,諸口,6486393,,,,,,
19,,,,19,12,,北信産業 株式会社,財務会計R4,PC02,ISOBE-PC01,2023-04-15,2,2022-07-25,3,日比谷建業㈱､振込料,,,,,,,,,,,,
19,1,,,,,,,,,,,,,,,借方,,,512,支払手数料,550,資金区分,56,,32,10,消費税
19,2,,,,,,,,,,,,,,,貸方,,,999,諸口,550,,,,,,
20,,,,20,12,,北信産業 株式会社,財務会計R4,PC02,ISOBE-PC01,2023-04-15,3,2022-07-25,3,日比谷建業㈱､振込入金,,,,,,,,,,,,
20,1,,,,,,,,,,,,,,,借方,,,999,諸口,6486943,,,,,,
20,2,,,,,,,,,,,,,,,貸方,,,131,売掛金,6486943,資金区分,2,,,,
21,,,,21,13,,北信産業 株式会社,財務会計R4,PC02,ISOBE-PC01,2023-04-15,1,2022-07-25,4,日比谷建業㈱,,,,,,,,,,,,
21,1,,,,,,,,,,,,,,,借方,,,130,受取手形,1210000,資金区分,3,,,,
21,2,,,,,,,,,,,,,,,貸方,,,131,売掛金,1210000,資金区分,2,,,,
22,,,,22,14,,北信産業 株式会社,財務会計R4,PC01,ISOBE-PC01,2022-09-02,1,2022-07-25,4,NTTﾌｧｲﾅﾝｽ､電話料金,,,,,,,,,,,,
22,1,,,,,,,,,,,,,,,借方,,,523,通信費,6496,資金区分,56,,32,10,消費税
22,2,,,,,,,,,,,,,,,貸方,,,110,城北信当座預金,6496,,,,,,
23,,,,23,15,,北信産業 株式会社,財務会計R4,PC02,ISOBE-PC01,2023-04-15,1,2022-07-25,4,神田産業㈱､日比谷建業㈱分裏書,,,,,,,,,,,,
23,1,,,,,,,,,,,,,,,借方,,,201,買掛金,1210000,資金区分,43,,,,
23,2,,,,,,,,,,,,,,,貸方,,,130,受取手形,1210000,資金区分,3,,,,
24,,,,24,16,,北信産業 株式会社,財務会計R4,PC02,ISOBE-PC01,2023-04-15,1,2022-07-25,4,神田産業㈱,,,,,,,,,,,,
24,1,,,,,,,,,,,,,,,借方,,,201,買掛金,509464,資金区分,43,,,,
24,2,,,,,,,,,,,,,,,貸方,,,110,城北信当座預金,509464,,,,,,
25,,,,25,17,,北信産業 株式会社,財務会計R4,PC02,ISOBE-PC01,2023-04-15,1,2022-07-25,4,神田産業㈱､相殺,,,,,,,,,,,,
25,1,,,,,,,,,,,,,,,借方,,,201,買掛金,1100000,資金区分,43,,,,
25,2,,,,,,,,,,,,,,,貸方,,,131,売掛金,1100000,資金区分,2,,,,
26,,,,26,26,,北信産業 株式会社,財務会計R4,PC02,ISOBE-PC01,2023-04-15,1,2022-07-26,4,麹町税務署､源泉所得税納付,,,,,,,,,,,,
26,1,,,,,,,,,,,,,,,借方,,,208,預り金,7373,資金区分,68,,,,
26,2,,,,,,,,,,,,,,,貸方,,,100,現金,7373,,,,,,
27,,,,27,27,,北信産業 株式会社,財務会計R4,PC03,ISOBE-PC01,2022-09-06,1,2022-07-26,3,城北信金､定期預金解約,,,,,,,,,,,,
27,1,,,,,,,,,,,,,,,借方,,,110,城北信当座預金,10007756,,,,,,
27,2,,,,,,,,,,,,,,,貸方,,,999,諸口,10007756,,,,,,
28,,,,28,27,,北信産業 株式会社,財務会計R4,PC03,ISOBE-PC01,2022-09-06,2,2022-07-26,3,城北信金､定期預金解約,,,,,,,,,,,,
28,1,,,,,,,,,,,,,,,借方,,,999,諸口,10007678,,,,,,
28,2,,,,,,,,,,,,,,,貸方,,,125,城北信定期預金,10007678,資金区分,28,,,,
29,,,,29,27,,北信産業 株式会社,財務会計R4,PC03,ISOBE-PC01,2022-09-06,3,2022-07-26,3,城北信金､定期預金利息,,,,,,,,,,,,
29,1,,,,,,,,,,,,,,,借方,,,999,諸口,91,,,,,,
29,2,,,,,,,,,,,,,,,貸方,,,600,受取利息,91,資金区分,6,,20,,消費税
30,,,,30,27,,北信産業 株式会社,財務会計R4,PC03,ISOBE-PC01,2022-09-06,4,2022-07-26,3,城北信金､利子所得税,,,,,,,,,,,,
30,1,,,,,,,,,,,,,,,借方,,,526,租税公課,13,資金区分,59,,,,
30,2,,,,,,,,,,,,,,,貸方,,,999,諸口,13,,,,,,
31,,,,31,28,,北信産業 株式会社,財務会計R4,PC03,ISOBE-PC01,2022-09-06,1,2022-07-26,3,城北信金､定期預金解約,,,,,,,,,,,,
31,1,,,,,,,,,,,,,,,借方,,,110,城北信当座預金,5890111,,,,,,
31,2,,,,,,,,,,,,,,,貸方,,,999,諸口,5890111,,,,,,
32,,,,32,28,,北信産業 株式会社,財務会計R4,PC01,ISOBE-PC01,2022-09-02,2,2022-07-26,3,城北信金､定期預金解約,,,,,,,,,,,,
32,1,,,,,,,,,,,,,,,借方,,,999,諸口,5890100,,,,,,
32,2,,,,,,,,,,,,,,,貸方,,,125,城北信定期預金,5890100,資金区分,28,,,,
33,,,,33,28,,北信産業 株式会社,財務会計R4,PC03,ISOBE-PC01,2022-09-06,3,2022-07-26,3,城北信金､定期預金利息,,,,,,,,,,,,
33,1,,,,,,,,,,,,,,,借方,,,999,諸口,12,,,,,,
33,2,,,,,,,,,,,,,,,貸方,,,600,受取利息,12,資金区分,6,,20,,消費税
34,,,,34,28,,北信産業 株式会社,財務会計R4,PC03,ISOBE-PC01,2022-09-06,4,2022-07-26,3,城北信金､利子所得税,,,,,,,,,,,,
34,1,,,,,,,,,,,,,,,借方,,,526,租税公課,1,資金区分,59,,,,
34,2,,,,,,,,,,,,,,,貸方,,,999,諸口,1,,,,,,
35,,,,35,29,,北信産業 株式会社,財務会計R4,PC02,ISOBE-PC01,2023-04-15,1,2022-07-28,3,ＸＹＺ司法書士､解散登記分,,,,,,,,,,,,
35,1,,,,,,,,,,,,,,,借方,,,512,支払手数料,64700,資金区分,56,,32,10,消費税
35,2,,,,,,,,,,,,,,,貸方,,,999,諸口,64700,,,,,,
36,,,,36,29,,北信産業 株式会社,財務会計R4,PC02,ISOBE-PC01,2023-04-15,2,2022-07-28,3,ＸＹＺ司法書士､解散登記分,,,,,,,,,,,,
36,1,,,,,,,,,,,,,,,借方,,,999,諸口,50000,,,,,,
36,2,,,,,,,,,,,,,,,貸方,,,154,仮払金,50000,資金区分,9,,,,
37,,,,37,29,,北信産業 株式会社,財務会計R4,PC02,ISOBE-PC01,2023-04-15,3,2022-07-28,3,ＸＹＺ司法書士､解散登記分,,,,,,,,,,,,
37,1,,,,,,,,,,,,,,,借方,,,999,諸口,50673,,,,,,
37,2,,,,,,,,,,,,,,,貸方,,,110,城北信当座預金,50673,,,,,,
38,,,,38,29,,北信産業 株式会社,財務会計R4,PC02,ISOBE-PC01,2023-04-15,4,2022-07-28,3,ＸＹＺ司法書士､解散登記分印紙代等,,,,,,,,,,,,
38,1,,,,,,,,,,,,,,,借方,,,526,租税公課,40772,資金区分,59,,,,
38,2,,,,,,,,,,,,,,,貸方,,,999,諸口,40772,,,,,,
39,,,,39,29,,北信産業 株式会社,財務会計R4,PC02,ISOBE-PC01,2023-04-15,5,2022-07-28,3,ＸＹＺ司法書士､源泉所得税,,,,,,,,,,,,
39,1,,,,,,,,,,,,,,,借方,,,999,諸口,4799,,,,,,
39,2,,,,,,,,,,,,,,,貸方,,,208,預り金,4799,資金区分,4,,,,
40,,,,40,30,,北信産業 株式会社,財務会計R4,PC02,ISOBE-PC01,2023-04-15,1,2022-07-25,4,ＡＢＣ社会保険労働事務所､労保精算金,,,,,,,,,,,,
40,1,,,,,,,,,,,,,,,借方,,,531,保険料,15,資金区分,56,,30,,消費税
40,2,,,,,,,,,,,,,,,貸方,,,100,現金,15,,,,,,
41,,,,41,31,,北信産業 株式会社,財務会計R4,PC02,ISOBE-PC01,2023-04-15,1,2022-07-29,4,美土代町金商㈱,,,,,,,,,,,,
41,1,,,,,,,,,,,,,,,借方,,,201,買掛金,22143,資金区分,43,,,,
41,2,,,,,,,,,,,,,,,貸方,,,110,城北信当座預金,22143,,,,,,
42,,,,42,32,,北信産業 株式会社,財務会計R4,PC03,ISOBE-PC01,2022-09-06,1,2022-07-29,4,㈱大塚商会､保守料,,,,,,,,,,,,
42,1,,,,,,,,,,,,,,,借方,,,529,修繕費,4840,資金区分,56,,32,10,消費税
42,2,,,,,,,,,,,,,,,貸方,,,111,三菱東京UFJ当座預金,4840,,,,,,
43,,,,43,33,,北信産業 株式会社,財務会計R4,PC02,ISOBE-PC01,2023-04-15,1,2022-07-29,4,㈲錦町ｵｰﾄ､ﾄﾗｯｸ整備代,,,,,,,,,,,,
43,1,,,,,,,,,,,,,,,借方,,,529,修繕費,61380,資金区分,56,,32,10,消費税
43,2,,,,,,,,,,,,,,,貸方,,,110,城北信当座預金,61380,,,,,,
44,,,,44,34,,北信産業 株式会社,財務会計R4,PC02,ISOBE-PC01,2023-04-15,1,2022-07-29,4,小川町工業,,,,,,,,,,,,
44,1,,,,,,,,,,,,,,,借方,,,201,買掛金,2601610,資金区分,43,,,,
44,2,,,,,,,,,,,,,,,貸方,,,110,城北信当座預金,2601610,,,,,,
45,,,,45,35,,北信産業 株式会社,財務会計R4,PC02,ISOBE-PC01,2023-04-15,1,2022-07-29,4,㈱三崎産業,,,,,,,,,,,,
45,1,,,,,,,,,,,,,,,借方,,,201,買掛金,528125,資金区分,43,,,,
45,2,,,,,,,,,,,,,,,貸方,,,110,城北信当座預金,528125,,,,,,
46,,,,46,36,,北信産業 株式会社,財務会計R4,PC02,ISOBE-PC01,2023-04-15,1,2022-07-29,4,アラカワ㈱,,,,,,,,,,,,
46,1,,,,,,,,,,,,,,,借方,,,201,買掛金,26400,資金区分,43,,,,
46,2,,,,,,,,,,,,,,,貸方,,,110,城北信当座預金,26400,,,,,,
47,,,,47,37,,北信産業 株式会社,財務会計R4,PC02,ISOBE-PC01,2023-04-15,1,2022-07-29,4,鍛冶町製作所,,,,,,,,,,,,
47,1,,,,,,,,,,,,,,,借方,,,201,買掛金,28050,資金区分,43,,,,
47,2,,,,,,,,,,,,,,,貸方,,,110,城北信当座預金,28050,,,,,,
48,,,,48,38,,北信産業 株式会社,財務会計R4,PC02,ISOBE-PC01,2023-04-15,1,2022-07-29,4,東京産業㈱､相殺,,,,,,,,,,,,
48,1,,,,,,,,,,,,,,,借方,,,201,買掛金,119521,資金区分,43,,,,
48,2,,,,,,,,,,,,,,,貸方,,,131,売掛金,119521,資金区分,2,,,,
49,,,,49,39,,北信産業 株式会社,財務会計R4,PC02,ISOBE-PC01,2023-04-15,1,2022-07-29,4,東京産業㈱,,,,,,,,,,,,
49,1,,,,,,,,,,,,,,,借方,,,201,買掛金,116979,資金区分,43,,,,
49,2,,,,,,,,,,,,,,,貸方,,,110,城北信当座預金,116979,,,,,,
50,,,,50,40,,北信産業 株式会社,財務会計R4,PC02,ISOBE-PC01,2023-04-15,1,2022-07-29,4,ニホン工業㈱,,,,,,,,,,,,
50,1,,,,,,,,,,,,,,,借方,,,201,買掛金,892100,資金区分,43,,,,
50,2,,,,,,,,,,,,,,,貸方,,,110,城北信当座預金,892100,,,,,,
51,,,,51,41,,北信産業 株式会社,財務会計R4,PC02,ISOBE-PC01,2023-04-15,1,2022-07-29,3,㈲錦町ｵ-ﾄ､ﾄﾗｯｸエルフ売却,,,,,,,,,,,,
51,1,,,,,,,,,,,,,,,借方,,,110,城北信当座預金,775800,,,,,,
51,2,,,,,,,,,,,,,,,貸方,,,999,諸口,775800,,,,,,
52,,,,52,41,,北信産業 株式会社,財務会計R4,PC02,WS017,2023-04-15,2,2022-07-29,3,㈲錦町ｵ-ﾄ､ﾄﾗｯｸエルフ売却収入,,,,,,,,,,,,
52,1,,,,,,,,,,,,,,,借方,,,999,諸口,850000,,,,,,
52,2,,,,,,,,,,,,,,,貸方,,,701,固定資産譲渡収入,850000,資金区分,7,,2,10,消費税
53,,,,53,41,,北信産業 株式会社,財務会計R4,PC02,WS017,2023-04-15,3,2022-07-29,3,㈲錦町ｵ-ﾄ､ﾄﾗｯｸエルフ売却件登録閉鎖手数料,,,,,,,,,,,,
53,1,,,,,,,,,,,,,,,借方,,,512,支払手数料,69000,資金区分,56,,32,10,消費税
53,2,,,,,,,,,,,,,,,貸方,,,999,諸口,69000,,,,,,
54,,,,54,41,,北信産業 株式会社,財務会計R4,PC02,WS017,2023-04-15,4,2022-07-29,3,㈲錦町ｵ-ﾄ､ﾄﾗｯｸエルフ売却件登録閉鎖法定費用,,,,,,,,,,,,
54,1,,,,,,,,,,,,,,,借方,,,512,支払手数料,5200,資金区分,56,,30,,消費税
54,2,,,,,,,,,,,,,,,貸方,,,999,諸口,5200,,,,,,
55,,,,55,42,,北信産業 株式会社,財務会計R4,PC02,ISOBE-PC01,2023-04-15,1,2022-07-29,3,札の辻､ｶﾞｿﾘﾝ代,,,,,,,,,,,,
55,1,,,,,,,,,,,,,,,借方,,,525,消耗品費,12636,資金区分,56,,32,10,消費税
55,2,,,,,,,,,,,,,,,貸方,,,110,城北信当座預金,12636,,,,,,
56,,,,56,42,,北信産業 株式会社,財務会計R4,PC02,WS017,2023-04-15,2,2022-07-29,3,北海道太郎､社有乗用車マークＸ売却,,,,,,,,,,,,
56,1,,,,,,,,,,,,,,,借方,,,153,未収入金,100000,資金区分,8,,,,
56,2,,,,,,,,,,,,,,,貸方,,,701,固定資産譲渡収入,100000,資金区分,7,,2,10,消費税
57,,,,57,43,,北信産業 株式会社,財務会計R4,PC01,ISOBE-PC01,2022-09-02,1,2022-07-02,4,ライフ､中元贈答品,,,,,,,,,,,,
57,1,,,,,,,,,,,,,,,借方,,,521,接待交際費,8910,資金区分,56,少額交際費,32,10,消費税
57,2,,,,,,,,,,,,,,,貸方,,,100,現金,8910,,,,,,
58,,,,58,44,,北信産業 株式会社,財務会計R4,PC02,ISOBE-PC01,2023-04-15,1,2022-07-04,4,日本郵便､ﾊｶﾞｷ代他,,,,,,,,,,,,
58,1,,,,,,,,,,,,,,,借方,,,523,通信費,1470,資金区分,56,,32,10,消費税
58,2,,,,,,,,,,,,,,,貸方,,,100,現金,1470,,,,,,
59,,,,59,45,,北信産業 株式会社,財務会計R4,PC01,ISOBE-PC01,2022-09-02,1,2022-07-04,4,実用興業､ﾀｸｼｰ代,,,,,,,,,,,,
59,1,,,,,,,,,,,,,,,借方,,,522,旅費・交通費,1220,資金区分,56,,32,10,消費税
59,2,,,,,,,,,,,,,,,貸方,,,100,現金,1220,,,,,,
60,,,,60,46,,北信産業 株式会社,財務会計R4,PC02,ISOBE-PC01,2023-04-15,1,2022-07-06,4,日本交通､ﾀｸｼｰ代,,,,,,,,,,,,
60,1,,,,,,,,,,,,,,,借方,,,522,旅費・交通費,980,資金区分,56,,32,10,消費税
60,2,,,,,,,,,,,,,,,貸方,,,100,現金,980,,,,,,
61,,,,61,47,,北信産業 株式会社,財務会計R4,PC02,ISOBE-PC01,2023-04-15,1,2022-07-06,4,総合食品ストア､北海道扱返金,,,,,,,,,,,,
61,1,,,,,,,,,,,,,,,借方,,,202,借入金,12063,資金区分,84,その他の借入金,,,
61,2,,,,,,,,,,,,,,,貸方,,,100,現金,12063,,,,,,
62,,,,62,48,,北信産業 株式会社,財務会計R4,PC01,ISOBE-PC01,2022-09-02,1,2022-07-07,4,日月東交通､ﾀｸｼｰ代,,,,,,,,,,,,
62,1,,,,,,,,,,,,,,,借方,,,522,旅費・交通費,2900,資金区分,56,,32,10,消費税
62,2,,,,,,,,,,,,,,,貸方,,,100,現金,2900,,,,,,
63,,,,63,49,,北信産業 株式会社,財務会計R4,PC01,ISOBE-PC01,2022-09-02,1,2022-07-07,4,明治交通､ﾀｸｼｰ代,,,,,,,,,,,,
63,1,,,,,,,,,,,,,,,借方,,,522,旅費・交通費,1140,資金区分,56,,32,10,消費税
63,2,,,,,,,,,,,,,,,貸方,,,100,現金,1140,,,,,,
64,,,,64,50,,北信産業 株式会社,財務会計R4,PC02,ISOBE-PC01,2023-04-15,1,2022-07-08,4,千代田区役所､収入証紙,,,,,,,,,,,,
64,1,,,,,,,,,,,,,,,借方,,,526,租税公課,300,資金区分,59,,,,
64,2,,,,,,,,,,,,,,,貸方,,,100,現金,300,,,,,,
65,,,,65,51,,北信産業 株式会社,財務会計R4,PC02,ISOBE-PC01,2023-04-15,1,2022-07-09,4,大和自動車､ﾀｸｼｰ代,,,,,,,,,,,,
65,1,,,,,,,,,,,,,,,借方,,,522,旅費・交通費,900,資金区分,56,,32,10,消費税
65,2,,,,,,,,,,,,,,,貸方,,,100,現金,900,,,,,,
66,,,,66,52,,北信産業 株式会社,財務会計R4,PC01,ISOBE-PC01,2022-09-02,1,2022-07-09,4,実用興業､ﾀｸｼｰ代,,,,,,,,,,,,
66,1,,,,,,,,,,,,,,,借方,,,522,旅費・交通費,900,資金区分,56,,32,10,消費税
66,2,,,,,,,,,,,,,,,貸方,,,100,現金,900,,,,,,
67,,,,67,53,,北信産業 株式会社,財務会計R4,PC01,ISOBE-PC01,2022-09-02,1,2022-07-12,4,実用興業､ﾀｸｼｰ代,,,,,,,,,,,,
67,1,,,,,,,,,,,,,,,借方,,,522,旅費・交通費,900,資金区分,56,,32,10,消費税
67,2,,,,,,,,,,,,,,,貸方,,,100,現金,900,,,,,,
68,,,,68,54,,北信産業 株式会社,財務会計R4,PC03,ISOBE-PC01,2022-09-06,1,2022-07-12,4,六花亭､食品贈答品,,,,,,,,,,,,
68,1,,,,,,,,,,,,,,,借方,,,521,接待交際費,15000,資金区分,56,交際費,32,K8.0,消費税
68,2,,,,,,,,,,,,,,,貸方,,,100,現金,15000,,,,,,
69,,,,69,55,,北信産業 株式会社,財務会計R4,PC02,ISOBE-PC01,2023-04-15,1,2022-07-14,4,東京無線､ﾀｸｼｰ代,,,,,,,,,,,,
69,1,,,,,,,,,,,,,,,借方,,,522,旅費・交通費,1220,資金区分,56,,32,10,消費税
69,2,,,,,,,,,,,,,,,貸方,,,100,現金,1220,,,,,,
70,,,,70,56,,北信産業 株式会社,財務会計R4,PC02,ISOBE-PC01,2023-04-15,1,2022-07-14,4,日の丸交通､ﾀｸｼｰ代,,,,,,,,,,,,
70,1,,,,,,,,,,,,,,,借方,,,522,旅費・交通費,1940,資金区分,56,,32,10,消費税
70,2,,,,,,,,,,,,,,,貸方,,,100,現金,1940,,,,,,
71,,,,71,57,,北信産業 株式会社,財務会計R4,PC02,ISOBE-PC01,2023-04-15,1,2022-07-14,4,総合食品ストア､北海道扱返金,,,,,,,,,,,,
71,1,,,,,,,,,,,,,,,借方,,,202,借入金,7290,資金区分,84,その他の借入金,,,
71,2,,,,,,,,,,,,,,,貸方,,,100,現金,7290,,,,,,
72,,,,72,58,,北信産業 株式会社,財務会計R4,PC02,ISOBE-PC01,2023-04-15,1,2022-07-16,4,東京西交通､ﾀｸｼｰ代,,,,,,,,,,,,
72,1,,,,,,,,,,,,,,,借方,,,522,旅費・交通費,900,資金区分,56,,32,10,消費税
72,2,,,,,,,,,,,,,,,貸方,,,100,現金,900,,,,,,
73,,,,73,59,,北信産業 株式会社,財務会計R4,PC02,ISOBE-PC01,2023-04-15,1,2022-07-20,4,仲よし､北海道扱返金,,,,,,,,,,,,
73,1,,,,,,,,,,,,,,,借方,,,202,借入金,6800,資金区分,84,その他の借入金,,,
73,2,,,,,,,,,,,,,,,貸方,,,100,現金,6800,,,,,,
74,,,,74,60,,北信産業 株式会社,財務会計R4,PC02,ISOBE-PC01,2023-04-15,1,2022-07-22,4,総合食品ストア､北海道扱返金,,,,,,,,,,,,
74,1,,,,,,,,,,,,,,,借方,,,202,借入金,8680,資金区分,84,その他の借入金,,,
74,2,,,,,,,,,,,,,,,貸方,,,100,現金,8680,,,,,,
75,,,,75,61,,北信産業 株式会社,財務会計R4,PC02,ISOBE-PC01,2023-04-15,1,2022-07-22,4,千代田区役所､収入証紙,,,,,,,,,,,,
75,1,,,,,,,,,,,,,,,借方,,,526,租税公課,4200,資金区分,59,,,,
75,2,,,,,,,,,,,,,,,貸方,,,100,現金,4200,,,,,,
76,,,,76,62,,北信産業 株式会社,財務会計R4,PC02,ISOBE-PC01,2023-04-15,1,2022-07-25,4,日本郵便､書留郵便,,,,,,,,,,,,
76,1,,,,,,,,,,,,,,,借方,,,523,通信費,1674,資金区分,56,,32,10,消費税
76,2,,,,,,,,,,,,,,,貸方,,,100,現金,1674,,,,,,
77,,,,77,63,,北信産業 株式会社,財務会計R4,PC01,ISOBE-PC01,2022-09-02,1,2022-07-25,4,東京法務局､印紙代,,,,,,,,,,,,
77,1,,,,,,,,,,,,,,,借方,,,526,租税公課,600,資金区分,59,,,,
77,2,,,,,,,,,,,,,,,貸方,,,100,現金,600,,,,,,
78,,,,78,64,,北信産業 株式会社,財務会計R4,PC01,ISOBE-PC01,2022-09-02,1,2022-07-25,4,東京法務局､印紙代,,,,,,,,,,,,
78,1,,,,,,,,,,,,,,,借方,,,526,租税公課,3150,資金区分,59,,,,
78,2,,,,,,,,,,,,,,,貸方,,,100,現金,3150,,,,,,
79,,,,79,65,,北信産業 株式会社,財務会計R4,PC03,WS017,2022-09-06,1,2022-07-31,4,営業車､マークＸ売却簿価振替,,,,,,,,,,,,
79,1,,,,,,,,,,,,,,,借方,,,712,固定資産譲渡費用,1,資金区分,62,,,,
79,2,,,,,,,,,,,,,,,貸方,,,164,車両運搬具,1,資金区分,21,,,,
80,,,,80,66,,北信産業 株式会社,財務会計R4,PC03,WS017,2022-09-06,1,2022-07-31,4,トラック､エルフ売却簿価振替,,,,,,,,,,,,
80,1,,,,,,,,,,,,,,,借方,,,712,固定資産譲渡費用,1,資金区分,62,,,,
80,2,,,,,,,,,,,,,,,貸方,,,164,車両運搬具,1,資金区分,21,,,,
81,,,,81,67,,北信産業 株式会社,財務会計R4,PC03,WS017,2022-09-06,1,2022-07-31,4,倉庫用ハウス廃棄,,,,,,,,,,,,
81,1,,,,,,,,,,,,,,,借方,,,711,固定資産除却損,1,資金区分,62,,,,
81,2,,,,,,,,,,,,,,,貸方,,,160,建物,1,資金区分,21,,,,
82,,,,82,68,,北信産業 株式会社,財務会計R4,PC02,WS017,2023-04-15,1,2022-07-31,4,北海道太郎､社有備品売却,,,,,,,,,,,,
82,1,,,,,,,,,,,,,,,借方,,,712,固定資産譲渡費用,5,資金区分,62,,,,
82,2,,,,,,,,,,,,,,,貸方,,,165,備品,5,資金区分,21,,,,
83,,,,83,69,,北信産業 株式会社,財務会計R4,PC02,WS017,2023-04-15,1,2022-07-31,4,北海道太郎､社有備品売却,,,,,,,,,,,,
83,1,,,,,,,,,,,,,,,借方,,,153,未収入金,5,資金区分,8,,,,
83,2,,,,,,,,,,,,,,,貸方,,,701,固定資産譲渡収入,5,資金区分,7,,2,10,消費税
84,,,,84,70,,北信産業 株式会社,財務会計R4,PC03,WS017,2022-09-06,1,2022-07-31,3,賃貸機材､ｽﾄﾛﾝｸﾞｹﾟｰﾄ売却､簿価振替,,,,,,,,,,,,
84,1,,,,,,,,,,,,,,,借方,,,461,仕入高,1,資金区分,41,,32,10,消費税
84,2,,,,,,,,,,,,,,,貸方,,,999,諸口,1,,,,,,
85,,,,85,70,,北信産業 株式会社,財務会計R4,PC03,WS017,2022-09-06,2,2022-07-31,3,賃貸機材､ｽﾄﾛﾝｸﾞｹﾟｰﾄ売却､簿価振替,,,,,,,,,,,,
85,1,,,,,,,,,,,,,,,借方,,,999,諸口,1,,,,,,
85,2,,,,,,,,,,,,,,,貸方,,,162,賃貸用機器,1,資金区分,21,,,,
86,,,,86,71,,北信産業 株式会社,財務会計R4,PC02,WS017,2023-04-15,1,2022-07-04,4,㈲いろは機工､ﾊﾟｲﾌﾟ他納品,,,,,,,,,,,,
86,1,,,,,,,,,,,,,,,借方,,,131,売掛金,30690,資金区分,2,,,,
86,2,,,,,,,,,,,,,,,貸方,,,810,売上高,30690,資金区分,1,,2,10,消費税
87,,,,87,72,,北信産業 株式会社,財務会計R4,PC02,WS017,2023-04-15,1,2022-07-20,4,神田産業㈱､在庫機材売却,,,,,,,,,,,,
87,1,,,,,,,,,,,,,,,借方,,,131,売掛金,1100000,資金区分,2,,,,
87,2,,,,,,,,,,,,,,,貸方,,,810,売上高,1100000,資金区分,1,,2,10,消費税
88,,,,88,73,,北信産業 株式会社,財務会計R4,PC02,WS017,2023-04-15,1,2022-07-04,4,東京商事㈱､いろは機工売却分,,,,,,,,,,,,
88,1,,,,,,,,,,,,,,,借方,,,461,仕入高,22143,資金区分,41,,32,10,消費税
88,2,,,,,,,,,,,,,,,貸方,,,201,買掛金,22143,資金区分,43,,,,
89,,,,89,74,,北信産業 株式会社,財務会計R4,PC02,WS017,2023-04-15,1,2022-07-31,4,北海道太郎､固定資産売却代金相殺,,,,,,,,,,,,
89,1,,,,,,,,,,,,,,,借方,,,202,借入金,100005,資金区分,84,その他の借入金,,,
89,2,,,,,,,,,,,,,,,貸方,,,153,未収入金,100005,資金区分,8,,,,
90,,,,90,75,,北信産業 株式会社,財務会計R4,PC02,WS017,2023-04-15,1,2022-07-10,4,麹町税務署､源泉所得税納付､社長立替分,,,,,,,,,,,,
90,1,,,,,,,,,,,,,,,借方,,,208,預り金,16048,資金区分,68,,,,
90,2,,,,,,,,,,,,,,,貸方,,,202,借入金,16048,資金区分,23,その他の借入金,,,
91,,,,91,1,,北信産業 株式会社,財務会計R4,PC01,ISOBE-PC01,2022-10-05,1,2022-08-01,4,実用興業､ﾀｸｼｰ代,,,,,,,,,,,,
91,1,,,,,,,,,,,,,,,借方,,,522,旅費・交通費,820,資金区分,56,,32,10,消費税
91,2,,,,,,,,,,,,,,,貸方,,,100,現金,820,,,,,,
92,,,,92,3,,北信産業 株式会社,財務会計R4,PC01,ISOBE-PC01,2022-10-05,1,2022-08-24,4,実用興業､ﾀｸｼｰ代,,,,,,,,,,,,
92,1,,,,,,,,,,,,,,,借方,,,522,旅費・交通費,900,資金区分,56,,32,10,消費税
92,2,,,,,,,,,,,,,,,貸方,,,100,現金,900,,,,,,
93,,,,93,4,,北信産業 株式会社,財務会計R4,PC02,ISOBE-PC01,2023-04-15,1,2022-08-24,4,北海道太郎分返金,,,,,,,,,,,,
93,1,,,,,,,,,,,,,,,借方,,,202,借入金,7730,資金区分,84,その他の借入金,,,
93,2,,,,,,,,,,,,,,,貸方,,,100,現金,7730,,,,,,
94,,,,94,5,,北信産業 株式会社,財務会計R4,PC02,ISOBE-PC01,2023-04-15,1,2022-08-26,4,帝都交通､ﾀｸｼｰ代,,,,,,,,,,,,
94,1,,,,,,,,,,,,,,,借方,,,522,旅費・交通費,980,資金区分,56,,32,10,消費税
94,2,,,,,,,,,,,,,,,貸方,,,100,現金,980,,,,,,
95,,,,95,6,,北信産業 株式会社,財務会計R4,PC01,ISOBE-PC01,2022-10-05,1,2022-08-01,4,NTTﾌｧｲﾅﾝｽ､携帯電話料,,,,,,,,,,,,
95,1,,,,,,,,,,,,,,,借方,,,523,通信費,4003,資金区分,56,,32,10,消費税
95,2,,,,,,,,,,,,,,,貸方,,,111,三菱東京UFJ当座預金,4003,,,,,,
96,,,,96,7,,北信産業 株式会社,財務会計R4,PC02,ISOBE-PC01,2023-04-15,1,2022-08-08,4,ＸＹＺ司法書士､源泉所得税納付,,,,,,,,,,,,
96,1,,,,,,,,,,,,,,,借方,,,208,預り金,4799,資金区分,68,,,,
96,2,,,,,,,,,,,,,,,貸方,,,100,現金,4799,,,,,,
97,,,,97,8,,北信産業 株式会社,財務会計R4,PC02,ISOBE-PC01,2022-10-08,1,2022-08-09,4,城北信金､残高証明書,,,,,,,,,,,,
97,1,,,,,,,,,,,,,,,借方,,,512,支払手数料,440,資金区分,56,,32,10,消費税
97,2,,,,,,,,,,,,,,,貸方,,,110,城北信当座預金,440,,,,,,
98,,,,98,9,,北信産業 株式会社,財務会計R4,PC01,ISOBE-PC01,2022-10-05,1,2022-08-10,4,城北信金､ｱﾝｻｰﾎﾝ手数料,,,,,,,,,,,,
98,1,,,,,,,,,,,,,,,借方,,,512,支払手数料,1100,資金区分,56,,32,10,消費税
98,2,,,,,,,,,,,,,,,貸方,,,110,城北信当座預金,1100,,,,,,
99,,,,99,10,,北信産業 株式会社,財務会計R4,PC02,ISOBE-PC01,2022-10-08,1,2022-08-10,4,信金ｸﾚｼﾞｯﾄ扱ETC､有料道路代,,,,,,,,,,,,
99,1,,,,,,,,,,,,,,,借方,,,204,未払金,15350,資金区分,67,,,,
99,2,,,,,,,,,,,,,,,貸方,,,110,城北信当座預金,15350,,,,,,
100,,,,100,11,,北信産業 株式会社,財務会計R4,PC02,ISOBE-PC01,2023-04-15,1,2022-08-10,3,大田コンサル､顧問料,,,,,,,,,,,,
100,1,,,,,,,,,,,,,,,借方,,,512,支払手数料,24444,資金区分,56,,32,10,消費税
100,2,,,,,,,,,,,,,,,貸方,,,999,諸口,24444,,,,,,
101,,,,101,11,,北信産業 株式会社,財務会計R4,PC02,ISOBE-PC01,2023-04-15,2,2022-08-10,3,大田コンサル､顧問料,,,,,,,,,,,,
101,1,,,,,,,,,,,,,,,借方,,,999,諸口,22176,,,,,,
101,2,,,,,,,,,,,,,,,貸方,,,110,城北信当座預金,22176,,,,,,
102,,,,102,11,,北信産業 株式会社,財務会計R4,PC02,ISOBE-PC01,2023-04-15,3,2022-08-10,3,大田コンサル､源泉所得税,,,,,,,,,,,,
102,1,,,,,,,,,,,,,,,借方,,,999,諸口,2268,,,,,,
102,2,,,,,,,,,,,,,,,貸方,,,208,預り金,2268,資金区分,4,,,,
103,,,,103,12,,北信産業 株式会社,財務会計R4,PC02,ISOBE-PC01,2022-10-08,1,2022-08-12,4,城北信金､出資金解約戻り,,,,,,,,,,,,
103,1,,,,,,,,,,,,,,,借方,,,110,城北信当座預金,50000,,,,,,
103,2,,,,,,,,,,,,,,,貸方,,,181,出資金,50000,資金区分,22,,,,
104,,,,104,14,,北信産業 株式会社,財務会計R4,PC02,ISOBE-PC01,2023-04-15,1,2022-08-19,3,麹町税務署､前期確定消費税納付,,,,,,,,,,,,
104,1,,,,,,,,,,,,,,,借方,,,209,未払消費税等,609600,資金区分,67,,,,
104,2,,,,,,,,,,,,,,,貸方,,,110,城北信当座預金,609600,,,,,,
105,,,,105,14,,北信産業 株式会社,財務会計R4,PC02,ISOBE-PC01,2022-10-08,2,2022-08-19,3,東京都､前期確定都民税納付,,,,,,,,,,,,
105,1,,,,,,,,,,,,,,,借方,,,211,法人税等充当金,35000,資金区分,63,,,,
105,2,,,,,,,,,,,,,,,貸方,,,110,城北信当座預金,35000,,,,,,
106,,,,106,14,,北信産業 株式会社,財務会計R4,PC02,ISOBE-PC01,2023-04-15,1,2022-08-25,3,㈱縄文式､売掛回収,,,,,,,,,,,,
106,1,,,,,,,,,,,,,,,借方,,,111,三菱東京UFJ当座預金,469150,,,,,,
106,2,,,,,,,,,,,,,,,貸方,,,999,諸口,469150,,,,,,
107,,,,107,14,,北信産業 株式会社,財務会計R4,PC02,ISOBE-PC01,2023-04-15,2,2022-08-25,3,㈱縄文式､振込料,,,,,,,,,,,,
107,1,,,,,,,,,,,,,,,借方,,,512,支払手数料,660,資金区分,56,,32,10,消費税
107,2,,,,,,,,,,,,,,,貸方,,,999,諸口,660,,,,,,
108,,,,108,14,,北信産業 株式会社,財務会計R4,PC02,ISOBE-PC01,2023-04-15,3,2022-08-25,3,㈱縄文式､振込入金,,,,,,,,,,,,
108,1,,,,,,,,,,,,,,,借方,,,999,諸口,469810,,,,,,
108,2,,,,,,,,,,,,,,,貸方,,,131,売掛金,469810,資金区分,2,,,,
109,,,,109,15,,北信産業 株式会社,財務会計R4,PC01,ISOBE-PC01,2022-10-05,1,2022-08-25,4,NTTﾌｧｲﾅﾝｽ､電話料金,,,,,,,,,,,,
109,1,,,,,,,,,,,,,,,借方,,,523,通信費,5896,資金区分,56,,32,10,消費税
109,2,,,,,,,,,,,,,,,貸方,,,110,城北信当座預金,5896,,,,,,
110,,,,110,16,,北信産業 株式会社,財務会計R4,PC01,ISOBE-PC01,2022-10-05,1,2022-08-25,4,NTTﾌｧｲﾅﾝｽ､携帯電話料,,,,,,,,,,,,
110,1,,,,,,,,,,,,,,,借方,,,523,通信費,4003,資金区分,56,,32,10,消費税
110,2,,,,,,,,,,,,,,,貸方,,,111,三菱東京UFJ当座預金,4003,,,,,,
111,,,,111,17,,北信産業 株式会社,財務会計R4,PC02,ISOBE-PC01,2022-10-08,1,2022-08-31,4,㈱大塚商会､保守料,,,,,,,,,,,,
111,1,,,,,,,,,,,,,,,借方,,,529,修繕費,4840,資金区分,56,,32,10,消費税
111,2,,,,,,,,,,,,,,,貸方,,,111,三菱東京UFJ当座預金,4840,,,,,,
112,,,,112,18,,北信産業 株式会社,財務会計R4,PC01,ISOBE-PC01,2022-10-05,1,2022-08-31,4,ＰＹＫカーゴ､ﾊﾟｿｺﾝ他処分,,,,,,,,,,,,
112,1,,,,,,,,,,,,,,,借方,,,538,雑費,19800,資金区分,56,,32,10,消費税
112,2,,,,,,,,,,,,,,,貸方,,,110,城北信当座預金,19800,,,,,,
113,,,,113,1,,北信産業 株式会社,財務会計R4,PC02,ISOBE-PC01,2023-04-15,1,2022-09-05,4,鈴木一郎､退職金,,,,,,,,,,,,
113,1,,,,,,,,,,,,,,,借方,,,204,未払金,2000000,資金区分,67,,,,
113,2,,,,,,,,,,,,,,,貸方,,,110,城北信当座預金,2000000,,,,,,
114,,,,114,2,,北信産業 株式会社,財務会計R4,PC02,ISOBE-PC01,2023-04-15,1,2022-09-05,4,山田花子､退職金,,,,,,,,,,,,
114,1,,,,,,,,,,,,,,,借方,,,204,未払金,2000000,資金区分,67,,,,
114,2,,,,,,,,,,,,,,,貸方,,,110,城北信当座預金,2000000,,,,,,
115,,,,115,3,,北信産業 株式会社,財務会計R4,PC02,ISOBE-PC01,2023-04-15,1,2022-09-05,4,麹町税務署､源泉所得税納付,,,,,,,,,,,,
115,1,,,,,,,,,,,,,,,借方,,,208,預り金,2268,資金区分,68,,,,
115,2,,,,,,,,,,,,,,,貸方,,,100,現金,2268,,,,,,
116,,,,116,4,,北信産業 株式会社,財務会計R4,PC02,ISOBE-PC01,2023-04-15,1,2022-09-12,3,大田コンサル､顧問料･決算料,,,,,,,,,,,,
116,1,,,,,,,,,,,,,,,借方,,,512,支払手数料,264000,資金区分,56,,32,10,消費税
116,2,,,,,,,,,,,,,,,貸方,,,999,諸口,264000,,,,,,
117,,,,117,4,,北信産業 株式会社,財務会計R4,PC02,ISOBE-PC01,2023-04-15,2,2022-09-12,3,大田コンサル､顧問料･決算料,,,,,,,,,,,,
117,1,,,,,,,,,,,,,,,借方,,,999,諸口,239496,,,,,,
117,2,,,,,,,,,,,,,,,貸方,,,110,城北信当座預金,239496,,,,,,
118,,,,118,4,,北信産業 株式会社,財務会計R4,PC02,ISOBE-PC01,2023-04-15,3,2022-09-12,3,大田コンサル､源泉所得税,,,,,,,,,,,,
118,1,,,,,,,,,,,,,,,借方,,,999,諸口,24504,,,,,,
118,2,,,,,,,,,,,,,,,貸方,,,208,預り金,24504,資金区分,4,,,,
119,,,,119,5,,北信産業 株式会社,財務会計R4,PC02,ISOBE-PC01,2023-04-15,1,2022-09-15,4,麹町税務署､所得税還付金,,,,,,,,,,,,
119,1,,,,,,,,,,,,,,,借方,,,110,城北信当座預金,224,,,,,,
119,2,,,,,,,,,,,,,,,貸方,,,604,雑収入,224,資金区分,5,,,,
120,,,,120,6,,北信産業 株式会社,財務会計R4,PC01,ISOBE-PC01,2022-10-26,1,2022-09-22,4,NTTﾌｧｲﾅﾝｽ､電話料金,,,,,,,,,,,,
120,1,,,,,,,,,,,,,,,借方,,,523,通信費,6102,資金区分,56,,32,10,消費税
120,2,,,,,,,,,,,,,,,貸方,,,100,現金,6102,,,,,,
121,,,,121,7,,北信産業 株式会社,財務会計R4,PC02,ISOBE-PC01,2023-04-15,1,2022-09-22,4,麹町税務署､源泉所得税納付,,,,,,,,,,,,
121,1,,,,,,,,,,,,,,,借方,,,208,預り金,24504,資金区分,68,,,,
121,2,,,,,,,,,,,,,,,貸方,,,100,現金,24504,,,,,,
122,,,,122,8,,北信産業 株式会社,財務会計R4,PC03,ISOBE-PC01,2022-11-01,1,2022-09-30,4,㈱大塚商会､保守料,,,,,,,,,,,,
122,1,,,,,,,,,,,,,,,借方,,,529,修繕費,4840,資金区分,56,,32,10,消費税
122,2,,,,,,,,,,,,,,,貸方,,,111,三菱東京UFJ当座預金,4840,,,,,,
123,,,,123,9,,北信産業 株式会社,財務会計R4,PC01,ISOBE-PC01,2022-10-26,1,2022-09-01,4,8/29実用興業､ﾀｸｼｰ代,,,,,,,,,,,,
123,1,,,,,,,,,,,,,,,借方,,,522,旅費・交通費,900,資金区分,56,,32,10,消費税
123,2,,,,,,,,,,,,,,,貸方,,,100,現金,900,,,,,,
124,,,,124,10,,北信産業 株式会社,財務会計R4,PC01,ISOBE-PC01,2022-10-26,1,2022-09-09,4,8/29実用興業､ﾀｸｼｰ代,,,,,,,,,,,,
124,1,,,,,,,,,,,,,,,借方,,,522,旅費・交通費,900,資金区分,56,,32,10,消費税
124,2,,,,,,,,,,,,,,,貸方,,,100,現金,900,,,,,,
125,,,,125,11,,北信産業 株式会社,財務会計R4,PC02,ISOBE-PC01,2023-04-15,1,2022-09-09,4,日本交通､ﾀｸｼｰ代,,,,,,,,,,,,
125,1,,,,,,,,,,,,,,,借方,,,522,旅費・交通費,900,資金区分,56,,32,10,消費税
125,2,,,,,,,,,,,,,,,貸方,,,100,現金,900,,,,,,
126,,,,126,12,,北信産業 株式会社,財務会計R4,PC02,ISOBE-PC01,2023-04-15,1,2022-09-21,4,東京興業､ﾀｸｼｰ代,,,,,,,,,,,,
126,1,,,,,,,,,,,,,,,借方,,,522,旅費・交通費,900,資金区分,56,,32,10,消費税
126,2,,,,,,,,,,,,,,,貸方,,,100,現金,900,,,,,,
127,,,,127,1,,北信産業 株式会社,財務会計R4,PC01,ISOBE-PC01,2022-11-04,1,2022-10-04,4,城北信金､振込料,,,,,,,,,,,,
127,1,,,,,,,,,,,,,,,借方,,,512,支払手数料,880,資金区分,56,,32,10,消費税
127,2,,,,,,,,,,,,,,,貸方,,,100,現金,880,,,,,,
128,,,,128,2,,北信産業 株式会社,財務会計R4,PC01,ISOBE-PC01,2022-11-04,1,2022-10-19,4,城北信金､振込料,,,,,,,,,,,,
128,1,,,,,,,,,,,,,,,借方,,,512,支払手数料,880,資金区分,56,,32,10,消費税
128,2,,,,,,,,,,,,,,,貸方,,,100,現金,880,,,,,,
129,,,,129,3,,北信産業 株式会社,財務会計R4,PC01,ISOBE-PC01,2022-11-04,1,2022-10-04,4,日本メディアシステム㈱､ＮＴＴ電話機でんえもん工事代,,,,,,,,,,,,
129,1,,,,,,,,,,,,,,,借方,,,529,修繕費,74877,資金区分,56,,32,10,消費税
129,2,,,,,,,,,,,,,,,貸方,,,110,城北信当座預金,74877,,,,,,
130,,,,130,4,,北信産業 株式会社,財務会計R4,PC02,ISOBE-PC01,2023-04-15,1,2022-10-12,3,大田コンサル､会社清算事務分,,,,,,,,,,,,
130,1,,,,,,,,,,,,,,,借方,,,512,支払手数料,198000,資金区分,56,,32,10,消費税
130,2,,,,,,,,,,,,,,,貸方,,,999,諸口,198000,,,,,,
131,,,,131,4,,北信産業 株式会社,財務会計R4,PC02,ISOBE-PC01,2023-04-15,2,2022-10-12,3,大田コンサル､会社清算事務分,,,,,,,,,,,,
131,1,,,,,,,,,,,,,,,借方,,,999,諸口,179622,,,,,,
131,2,,,,,,,,,,,,,,,貸方,,,110,城北信当座預金,179622,,,,,,
132,,,,132,4,,北信産業 株式会社,財務会計R4,PC02,ISOBE-PC01,2023-04-15,3,2022-10-12,3,大田コンサル､源泉所得税,,,,,,,,,,,,
132,1,,,,,,,,,,,,,,,借方,,,999,諸口,18378,,,,,,
132,2,,,,,,,,,,,,,,,貸方,,,208,預り金,18378,資金区分,4,,,,
133,,,,133,5,,北信産業 株式会社,財務会計R4,PC03,ISOBE-PC01,2022-11-11,1,2022-10-17,4,三菱UFJ銀行､当座預金解約,,,,,,,,,,,,
133,1,,,,,,,,,,,,,,,借方,,,100,現金,634606,,,,,,
133,2,,,,,,,,,,,,,,,貸方,,,111,三菱東京UFJ当座預金,634606,,,,,,
134,,,,134,6,,北信産業 株式会社,財務会計R4,PC02,ISOBE-PC01,2023-04-15,1,2022-10-19,4,北海道太郎､残務整理諸経費,,,,,,,,,,,,
134,1,,,,,,,,,,,,,,,借方,,,538,雑費,50000,資金区分,56,,32,10,消費税
134,2,,,,,,,,,,,,,,,貸方,,,100,現金,50000,,,,,,
135,,,,135,7,,北信産業 株式会社,財務会計R4,PC01,ISOBE-PC01,2022-11-04,1,2022-10-19,4,現金預入,,,,,,,,,,,,
135,1,,,,,,,,,,,,,,,借方,,,110,城北信当座預金,505456,,,,,,
135,2,,,,,,,,,,,,,,,貸方,,,100,現金,505456,,,,,,
136,,,,136,8,,北信産業 株式会社,財務会計R4,PC02,ISOBE-PC01,2023-04-15,1,2022-10-19,4,麹町税務署､源泉所得税納付,,,,,,,,,,,,
136,1,,,,,,,,,,,,,,,借方,,,208,預り金,18378,資金区分,68,,,,
136,2,,,,,,,,,,,,,,,貸方,,,100,現金,18378,,,,,,
137,,,,137,9,,北信産業 株式会社,財務会計R4,PC02,ISOBE-PC01,2023-04-15,1,2022-10-19,3,ＸＹＺ司法書士､会社清算結了登記手数料,,,,,,,,,,,,
137,1,,,,,,,,,,,,,,,借方,,,999,諸口,56688,,,,,,
137,2,,,,,,,,,,,,,,,貸方,,,100,現金,56688,,,,,,
138,,,,138,9,,北信産業 株式会社,財務会計R4,PC02,WS017,2023-04-15,2,2022-10-19,3,ＸＹＺ司法書士､会社清算結了登記手数料,,,,,,,,,,,,
138,1,,,,,,,,,,,,,,,借方,,,512,支払手数料,57000,資金区分,56,,32,10,消費税
138,2,,,,,,,,,,,,,,,貸方,,,999,諸口,57000,,,,,,
139,,,,139,9,,北信産業 株式会社,財務会計R4,PC02,WS017,2023-04-15,3,2022-10-19,3,ＸＹＺ司法書士､源泉所得税,,,,,,,,,,,,
139,1,,,,,,,,,,,,,,,借方,,,999,諸口,4084,,,,,,
139,2,,,,,,,,,,,,,,,貸方,,,208,預り金,4084,資金区分,4,,,,
140,,,,140,9,,北信産業 株式会社,財務会計R4,PC02,WS017,2023-04-15,4,2022-10-19,3,ＸＹＺ司法書士､登記法定費用,,,,,,,,,,,,
140,1,,,,,,,,,,,,,,,借方,,,526,租税公課,3772,資金区分,59,,,,
140,2,,,,,,,,,,,,,,,貸方,,,999,諸口,3772,,,,,,
141,,,,141,10,,北信産業 株式会社,財務会計R4,PC01,ISOBE-PC01,2022-11-04,1,2022-10-19,4,城北信金､振込料,,,,,,,,,,,,
141,1,,,,,,,,,,,,,,,借方,,,512,支払手数料,880,資金区分,56,,32,10,消費税
141,2,,,,,,,,,,,,,,,貸方,,,100,現金,880,,,,,,
142,,,,142,11,,北信産業 株式会社,財務会計R4,PC02,ISOBE-PC01,2023-04-15,1,2022-10-19,4,麹町税務署､源泉所得税納付,,,,,,,,,,,,
142,1,,,,,,,,,,,,,,,借方,,,208,預り金,4084,資金区分,68,,,,
142,2,,,,,,,,,,,,,,,貸方,,,100,現金,4084,,,,,,
143,,,,143,12,,北信産業 株式会社,財務会計R4,PC03,ISOBE-PC01,2022-11-11,1,2022-10-27,4,城北信金､当座預金解約引出,,,,,,,,,,,,
143,1,,,,,,,,,,,,,,,借方,,,100,現金,17052250,,,,,,
143,2,,,,,,,,,,,,,,,貸方,,,110,城北信当座預金,17052250,,,,,,
144,,,,144,13,,北信産業 株式会社,財務会計R4,PC02,WS017,2023-04-15,1,2022-10-31,4,北海道太郎､借入金返済,,,,,,,,,,,,
144,1,,,,,,,,,,,,,,,借方,,,202,借入金,432104,資金区分,84,その他の借入金,,,
144,2,,,,,,,,,,,,,,,貸方,,,100,現金,432104,,,,,,
145,,,,145,14,,北信産業 株式会社,財務会計R4,PC02,WS017,2023-04-15,1,2022-10-31,4,北海道太郎､過年度光熱費等精算,,,,,,,,,,,,
145,1,,,,,,,,,,,,,,,借方,,,204,未払金,379918,資金区分,67,,,,
145,2,,,,,,,,,,,,,,,貸方,,,100,現金,379918,,,,,,
146,,,,146,15,,北信産業 株式会社,財務会計R4,PC03,WS017,2022-11-11,1,2022-10-31,3,車両･備品売却取引､純額処理振替,,,,,,,,,,,,
146,1,,,,,,,,,,,,,,,借方,,,701,固定資産譲渡収入,863641,資金区分,7,,,,
146,2,,,,,,,,,,,,,,,貸方,,,999,諸口,863641,,,,,,
147,,,,147,15,,北信産業 株式会社,財務会計R4,PC03,WS017,2022-11-11,2,2022-10-31,3,車両･備品売却取引､純額処理振替,,,,,,,,,,,,
147,1,,,,,,,,,,,,,,,借方,,,999,諸口,7,,,,,,
147,2,,,,,,,,,,,,,,,貸方,,,712,固定資産譲渡費用,7,資金区分,62,,,,
148,,,,148,15,,北信産業 株式会社,財務会計R4,PC03,WS017,2022-11-11,3,2022-10-31,3,車両･備品売却取引､純額処理振替,,,,,,,,,,,,
148,1,,,,,,,,,,,,,,,借方,,,999,諸口,863634,,,,,,
148,2,,,,,,,,,,,,,,,貸方,,,700,固定資産売却益,863634,資金区分,7,,,,
149,,,,149,76,,北信産業 株式会社,財務会計R4,PC03,WS017,2022-11-11,,2022-07-31,4,[  7月-  7月 一括税抜],,,,,,,,,,,,
149,1,,,,,,,,,,,,,,,借方,,,810,売上高,102790,資金区分,1,,1,10,消費税
149,2,,,,,,,,,,,,,,,貸方,,,999,諸口,102790,,,,,,
150,,,,150,76,,北信産業 株式会社,財務会計R4,PC03,WS017,2022-11-11,,2022-07-31,4,[  7月-  7月 一括税抜],,,,,,,,,,,,
150,1,,,,,,,,,,,,,,,借方,,,999,諸口,102790,,,,,,
150,2,,,,,,,,,,,,,,,貸方,,,214,仮受消費税,102790,資金区分,10,,1,10,消費税
151,,,,151,77,,北信産業 株式会社,財務会計R4,PC03,WS017,2022-11-11,,2022-07-31,4,[  7月-  7月 一括税抜],,,,,,,,,,,,
151,1,,,,,,,,,,,,,,,借方,,,999,諸口,2013,,,,,,
151,2,,,,,,,,,,,,,,,貸方,,,461,仕入高,2013,資金区分,41,,31,10,消費税
152,,,,152,77,,北信産業 株式会社,財務会計R4,PC03,WS017,2022-11-11,,2022-07-31,4,[  7月-  7月 一括税抜],,,,,,,,,,,,
152,1,,,,,,,,,,,,,,,借方,,,174,仮払消費税,2013,資金区分,66,,31,10,消費税
152,2,,,,,,,,,,,,,,,貸方,,,999,諸口,2013,,,,,,
153,,,,153,78,,北信産業 株式会社,財務会計R4,PC03,WS017,2022-11-11,,2022-07-31,4,[  7月-  7月 一括税抜],,,,,,,,,,,,
153,1,,,,,,,,,,,,,,,借方,,,999,諸口,1149,,,,,,
153,2,,,,,,,,,,,,,,,貸方,,,525,消耗品費,1149,資金区分,56,,31,10,消費税
154,,,,154,78,,北信産業 株式会社,財務会計R4,PC03,WS017,2022-11-11,,2022-07-31,4,[  7月-  7月 一括税抜],,,,,,,,,,,,
154,1,,,,,,,,,,,,,,,借方,,,174,仮払消費税,1149,資金区分,66,,31,10,消費税
154,2,,,,,,,,,,,,,,,貸方,,,999,諸口,1149,,,,,,
155,,,,155,79,,北信産業 株式会社,財務会計R4,PC03,WS017,2022-11-11,,2022-07-31,4,[  7月-  7月 一括税抜],,,,,,,,,,,,
155,1,,,,,,,,,,,,,,,借方,,,999,諸口,1300,,,,,,
155,2,,,,,,,,,,,,,,,貸方,,,528,地代・家賃,1300,資金区分,55,,31,10,消費税
156,,,,156,79,,北信産業 株式会社,財務会計R4,PC03,WS017,2022-11-11,,2022-07-31,4,[  7月-  7月 一括税抜],,,,,,,,,,,,
156,1,,,,,,,,,,,,,,,借方,,,174,仮払消費税,1300,資金区分,66,,31,10,消費税
156,2,,,,,,,,,,,,,,,貸方,,,999,諸口,1300,,,,,,
157,,,,157,80,,北信産業 株式会社,財務会計R4,PC03,WS017,2022-11-11,,2022-07-31,4,[  7月-  7月 一括税抜],,,,,,,,,,,,
157,1,,,,,,,,,,,,,,,借方,,,999,諸口,10565,,,,,,
157,2,,,,,,,,,,,,,,,貸方,,,529,修繕費,10565,資金区分,56,,31,10,消費税
158,,,,158,80,,北信産業 株式会社,財務会計R4,PC03,WS017,2022-11-11,,2022-07-31,4,[  7月-  7月 一括税抜],,,,,,,,,,,,
158,1,,,,,,,,,,,,,,,借方,,,174,仮払消費税,10565,資金区分,66,,31,10,消費税
158,2,,,,,,,,,,,,,,,貸方,,,999,諸口,10565,,,,,,
159,,,,159,81,,北信産業 株式会社,財務会計R4,PC03,WS017,2022-11-11,,2022-07-31,4,[  7月-  7月 一括税抜],,,,,,,,,,,,
159,1,,,,,,,,,,,,,,,借方,,,999,諸口,1111,,,,,,
159,2,,,,,,,,,,,,,,,貸方,,,521,接待交際費,1111,資金区分,56,交際費,31,K8.0,消費税
160,,,,160,81,,北信産業 株式会社,財務会計R4,PC03,WS017,2022-11-11,,2022-07-31,4,[  7月-  7月 一括税抜],,,,,,,,,,,,
160,1,,,,,,,,,,,,,,,借方,,,174,仮払消費税,1111,資金区分,66,,31,K8.0,消費税
160,2,,,,,,,,,,,,,,,貸方,,,999,諸口,1111,,,,,,
161,,,,161,82,,北信産業 株式会社,財務会計R4,PC03,WS017,2022-11-11,,2022-07-31,4,[  7月-  7月 一括税抜],,,,,,,,,,,,
161,1,,,,,,,,,,,,,,,借方,,,999,諸口,810,,,,,,
161,2,,,,,,,,,,,,,,,貸方,,,521,接待交際費,810,資金区分,56,少額交際費,31,10,消費税
162,,,,162,82,,北信産業 株式会社,財務会計R4,PC03,WS017,2022-11-11,,2022-07-31,4,[  7月-  7月 一括税抜],,,,,,,,,,,,
162,1,,,,,,,,,,,,,,,借方,,,174,仮払消費税,810,資金区分,66,,31,10,消費税
162,2,,,,,,,,,,,,,,,貸方,,,999,諸口,810,,,,,,
163,,,,163,83,,北信産業 株式会社,財務会計R4,PC03,WS017,2022-11-11,,2022-07-31,4,[  7月-  7月 一括税抜],,,,,,,,,,,,
163,1,,,,,,,,,,,,,,,借方,,,999,諸口,1182,,,,,,
163,2,,,,,,,,,,,,,,,貸方,,,522,旅費・交通費,1182,資金区分,56,,31,10,消費税
164,,,,164,83,,北信産業 株式会社,財務会計R4,PC03,WS017,2022-11-11,,2022-07-31,4,[  7月-  7月 一括税抜],,,,,,,,,,,,
164,1,,,,,,,,,,,,,,,借方,,,174,仮払消費税,1182,資金区分,66,,31,10,消費税
164,2,,,,,,,,,,,,,,,貸方,,,999,諸口,1182,,,,,,
165,,,,165,84,,北信産業 株式会社,財務会計R4,PC03,WS017,2022-11-11,,2022-07-31,4,[  7月-  7月 一括税抜],,,,,,,,,,,,
165,1,,,,,,,,,,,,,,,借方,,,999,諸口,876,,,,,,
165,2,,,,,,,,,,,,,,,貸方,,,523,通信費,876,資金区分,56,,31,10,消費税
166,,,,166,84,,北信産業 株式会社,財務会計R4,PC03,WS017,2022-11-11,,2022-07-31,4,[  7月-  7月 一括税抜],,,,,,,,,,,,
166,1,,,,,,,,,,,,,,,借方,,,174,仮払消費税,876,資金区分,66,,31,10,消費税
166,2,,,,,,,,,,,,,,,貸方,,,999,諸口,876,,,,,,
167,,,,167,85,,北信産業 株式会社,財務会計R4,PC03,WS017,2022-11-11,,2022-07-31,4,[  7月-  7月 一括税抜],,,,,,,,,,,,
167,1,,,,,,,,,,,,,,,借方,,,999,諸口,19607,,,,,,
167,2,,,,,,,,,,,,,,,貸方,,,512,支払手数料,19607,資金区分,56,,31,10,消費税
168,,,,168,85,,北信産業 株式会社,財務会計R4,PC03,WS017,2022-11-11,,2022-07-31,4,[  7月-  7月 一括税抜],,,,,,,,,,,,
168,1,,,,,,,,,,,,,,,借方,,,174,仮払消費税,19607,資金区分,66,,31,10,消費税
168,2,,,,,,,,,,,,,,,貸方,,,999,諸口,19607,,,,,,
169,,,,169,86,,北信産業 株式会社,財務会計R4,PC03,WS017,2022-11-11,,2022-07-31,4,[  7月-  7月 一括税抜],,,,,,,,,,,,
169,1,,,,,,,,,,,,,,,借方,,,701,固定資産譲渡収入,86364,資金区分,7,,1,10,消費税
169,2,,,,,,,,,,,,,,,貸方,,,999,諸口,86364,,,,,,
170,,,,170,86,,北信産業 株式会社,財務会計R4,PC03,WS017,2022-11-11,,2022-07-31,4,[  7月-  7月 一括税抜],,,,,,,,,,,,
170,1,,,,,,,,,,,,,,,借方,,,999,諸口,86364,,,,,,
170,2,,,,,,,,,,,,,,,貸方,,,214,仮受消費税,86364,資金区分,10,,1,10,消費税
171,,,,171,19,,北信産業 株式会社,財務会計R4,PC03,WS017,2022-11-11,,2022-08-31,4,[  8月-  8月 一括税抜],,,,,,,,,,,,
171,1,,,,,,,,,,,,,,,借方,,,999,諸口,440,,,,,,
171,2,,,,,,,,,,,,,,,貸方,,,529,修繕費,440,資金区分,56,,31,10,消費税
172,,,,172,19,,北信産業 株式会社,財務会計R4,PC03,WS017,2022-11-11,,2022-08-31,4,[  8月-  8月 一括税抜],,,,,,,,,,,,
172,1,,,,,,,,,,,,,,,借方,,,174,仮払消費税,440,資金区分,66,,31,10,消費税
172,2,,,,,,,,,,,,,,,貸方,,,999,諸口,440,,,,,,
173,,,,173,20,,北信産業 株式会社,財務会計R4,PC03,WS017,2022-11-11,,2022-08-31,4,[  8月-  8月 一括税抜],,,,,,,,,,,,
173,1,,,,,,,,,,,,,,,借方,,,999,諸口,245,,,,,,
173,2,,,,,,,,,,,,,,,貸方,,,522,旅費・交通費,245,資金区分,56,,31,10,消費税
174,,,,174,20,,北信産業 株式会社,財務会計R4,PC03,WS017,2022-11-11,,2022-08-31,4,[  8月-  8月 一括税抜],,,,,,,,,,,,
174,1,,,,,,,,,,,,,,,借方,,,174,仮払消費税,245,資金区分,66,,31,10,消費税
174,2,,,,,,,,,,,,,,,貸方,,,999,諸口,245,,,,,,
175,,,,175,21,,北信産業 株式会社,財務会計R4,PC03,WS017,2022-11-11,,2022-08-31,4,[  8月-  8月 一括税抜],,,,,,,,,,,,
175,1,,,,,,,,,,,,,,,借方,,,999,諸口,1264,,,,,,
175,2,,,,,,,,,,,,,,,貸方,,,523,通信費,1264,資金区分,56,,31,10,消費税
176,,,,176,21,,北信産業 株式会社,財務会計R4,PC03,WS017,2022-11-11,,2022-08-31,4,[  8月-  8月 一括税抜],,,,,,,,,,,,
176,1,,,,,,,,,,,,,,,借方,,,174,仮払消費税,1264,資金区分,66,,31,10,消費税
176,2,,,,,,,,,,,,,,,貸方,,,999,諸口,1264,,,,,,
177,,,,177,22,,北信産業 株式会社,財務会計R4,PC03,WS017,2022-11-11,,2022-08-31,4,[  8月-  8月 一括税抜],,,,,,,,,,,,
177,1,,,,,,,,,,,,,,,借方,,,999,諸口,2422,,,,,,
177,2,,,,,,,,,,,,,,,貸方,,,512,支払手数料,2422,資金区分,56,,31,10,消費税
178,,,,178,22,,北信産業 株式会社,財務会計R4,PC03,WS017,2022-11-11,,2022-08-31,4,[  8月-  8月 一括税抜],,,,,,,,,,,,
178,1,,,,,,,,,,,,,,,借方,,,174,仮払消費税,2422,資金区分,66,,31,10,消費税
178,2,,,,,,,,,,,,,,,貸方,,,999,諸口,2422,,,,,,
179,,,,179,23,,北信産業 株式会社,財務会計R4,PC03,WS017,2022-11-11,,2022-08-31,4,[  8月-  8月 一括税抜],,,,,,,,,,,,
179,1,,,,,,,,,,,,,,,借方,,,999,諸口,1800,,,,,,
179,2,,,,,,,,,,,,,,,貸方,,,538,雑費,1800,資金区分,56,,31,10,消費税
180,,,,180,23,,北信産業 株式会社,財務会計R4,PC03,WS017,2022-11-11,,2022-08-31,4,[  8月-  8月 一括税抜],,,,,,,,,,,,
180,1,,,,,,,,,,,,,,,借方,,,174,仮払消費税,1800,資金区分,66,,31,10,消費税
180,2,,,,,,,,,,,,,,,貸方,,,999,諸口,1800,,,,,,
181,,,,181,14,,北信産業 株式会社,財務会計R4,PC03,WS017,2022-11-11,,2022-09-30,4,[  9月-  9月 一括税抜],,,,,,,,,,,,
181,1,,,,,,,,,,,,,,,借方,,,999,諸口,440,,,,,,
181,2,,,,,,,,,,,,,,,貸方,,,529,修繕費,440,資金区分,56,,31,10,消費税
182,,,,182,14,,北信産業 株式会社,財務会計R4,PC03,WS017,2022-11-11,,2022-09-30,4,[  9月-  9月 一括税抜],,,,,,,,,,,,
182,1,,,,,,,,,,,,,,,借方,,,174,仮払消費税,440,資金区分,66,,31,10,消費税
182,2,,,,,,,,,,,,,,,貸方,,,999,諸口,440,,,,,,
183,,,,183,15,,北信産業 株式会社,財務会計R4,PC03,WS017,2022-11-11,,2022-09-30,4,[  9月-  9月 一括税抜],,,,,,,,,,,,
183,1,,,,,,,,,,,,,,,借方,,,999,諸口,327,,,,,,
183,2,,,,,,,,,,,,,,,貸方,,,522,旅費・交通費,327,資金区分,56,,31,10,消費税
184,,,,184,15,,北信産業 株式会社,財務会計R4,PC03,WS017,2022-11-11,,2022-09-30,4,[  9月-  9月 一括税抜],,,,,,,,,,,,
184,1,,,,,,,,,,,,,,,借方,,,174,仮払消費税,327,資金区分,66,,31,10,消費税
184,2,,,,,,,,,,,,,,,貸方,,,999,諸口,327,,,,,,
185,,,,185,16,,北信産業 株式会社,財務会計R4,PC03,WS017,2022-11-11,,2022-09-30,4,[  9月-  9月 一括税抜],,,,,,,,,,,,
185,1,,,,,,,,,,,,,,,借方,,,999,諸口,555,,,,,,
185,2,,,,,,,,,,,,,,,貸方,,,523,通信費,555,資金区分,56,,31,10,消費税
186,,,,186,16,,北信産業 株式会社,財務会計R4,PC03,WS017,2022-11-11,,2022-09-30,4,[  9月-  9月 一括税抜],,,,,,,,,,,,
186,1,,,,,,,,,,,,,,,借方,,,174,仮払消費税,555,資金区分,66,,31,10,消費税
186,2,,,,,,,,,,,,,,,貸方,,,999,諸口,555,,,,,,
187,,,,187,17,,北信産業 株式会社,財務会計R4,PC03,WS017,2022-11-11,,2022-09-30,4,[  9月-  9月 一括税抜],,,,,,,,,,,,
187,1,,,,,,,,,,,,,,,借方,,,999,諸口,24000,,,,,,
187,2,,,,,,,,,,,,,,,貸方,,,512,支払手数料,24000,資金区分,56,,31,10,消費税
188,,,,188,17,,北信産業 株式会社,財務会計R4,PC03,WS017,2022-11-11,,2022-09-30,4,[  9月-  9月 一括税抜],,,,,,,,,,,,
188,1,,,,,,,,,,,,,,,借方,,,174,仮払消費税,24000,資金区分,66,,31,10,消費税
188,2,,,,,,,,,,,,,,,貸方,,,999,諸口,24000,,,,,,
189,,,,189,16,,北信産業 株式会社,財務会計R4,PC03,WS017,2022-11-11,,2022-10-31,4,[ 10月- 10月 一括税抜],,,,,,,,,,,,
189,1,,,,,,,,,,,,,,,借方,,,999,諸口,6807,,,,,,
189,2,,,,,,,,,,,,,,,貸方,,,529,修繕費,6807,資金区分,56,,31,10,消費税
190,,,,190,16,,北信産業 株式会社,財務会計R4,PC03,WS017,2022-11-11,,2022-10-31,4,[ 10月- 10月 一括税抜],,,,,,,,,,,,
190,1,,,,,,,,,,,,,,,借方,,,174,仮払消費税,6807,資金区分,66,,31,10,消費税
190,2,,,,,,,,,,,,,,,貸方,,,999,諸口,6807,,,,,,
191,,,,191,17,,北信産業 株式会社,財務会計R4,PC03,WS017,2022-11-11,,2022-10-31,4,[ 10月- 10月 一括税抜],,,,,,,,,,,,
191,1,,,,,,,,,,,,,,,借方,,,999,諸口,23422,,,,,,
191,2,,,,,,,,,,,,,,,貸方,,,512,支払手数料,23422,資金区分,56,,31,10,消費税
192,,,,192,17,,北信産業 株式会社,財務会計R4,PC03,WS017,2022-11-11,,2022-10-31,4,[ 10月- 10月 一括税抜],,,,,,,,,,,,
192,1,,,,,,,,,,,,,,,借方,,,174,仮払消費税,23422,資金区分,66,,31,10,消費税
192,2,,,,,,,,,,,,,,,貸方,,,999,諸口,23422,,,,,,
193,,,,193,18,,北信産業 株式会社,財務会計R4,PC03,WS017,2022-11-11,,2022-10-31,4,[ 10月- 10月 一括税抜],,,,,,,,,,,,
193,1,,,,,,,,,,,,,,,借方,,,999,諸口,4545,,,,,,
193,2,,,,,,,,,,,,,,,貸方,,,538,雑費,4545,資金区分,56,,31,10,消費税
194,,,,194,18,,北信産業 株式会社,財務会計R4,PC03,WS017,2022-11-11,,2022-10-31,4,[ 10月- 10月 一括税抜],,,,,,,,,,,,
194,1,,,,,,,,,,,,,,,借方,,,174,仮払消費税,4545,資金区分,66,,31,10,消費税
194,2,,,,,,,,,,,,,,,貸方,,,999,諸口,4545,,,,,,
195,,,,195,19,,北信産業 株式会社,財務会計R4,PC02,isobe-pc02,2022-11-11,1,2022-10-31,3,当期消費税精算処理,,,,,,,,,,,,
195,1,,,,,,,,,,,,,,,借方,,,214,仮受消費税,189154,資金区分,10,,,,
195,2,,,,,,,,,,,,,,,貸方,,,999,諸口,189154,,,,,,
196,,,,196,19,,北信産業 株式会社,財務会計R4,PC02,isobe-pc02,2022-11-11,2,2022-10-31,3,当期消費税精算処理,,,,,,,,,,,,
196,1,,,,,,,,,,,,,,,借方,,,999,諸口,104880,,,,,,
196,2,,,,,,,,,,,,,,,貸方,,,174,仮払消費税,104880,資金区分,66,,,,
197,,,,197,19,,北信産業 株式会社,財務会計R4,PC02,isobe-pc02,2023-04-15,3,2022-10-31,3,麹町税務署､当期確定消費税等,,,,,,,,,,,,
197,1,,,,,,,,,,,,,,,借方,,,999,諸口,84100,,,,,,
197,2,,,,,,,,,,,,,,,貸方,,,209,未払消費税等,84100,資金区分,67,,,,
198,,,,198,19,,北信産業 株式会社,財務会計R4,PC02,isobe-pc02,2022-11-11,4,2022-10-31,3,消費税端数受入金,,,,,,,,,,,,
198,1,,,,,,,,,,,,,,,借方,,,999,諸口,174,,,,,,
198,2,,,,,,,,,,,,,,,貸方,,,604,雑収入,174,資金区分,5,,,,
199,,,,199,20,,北信産業 株式会社,財務会計R4,PC02,isobe-pc02,2022-11-11,1,2022-10-31,4,東京都､当期確定都民税,,,,,,,,,,,,
199,1,,,,,,,,,,,,,,,借方,,,800,法人税等充当額,23300,資金区分,63,,,,
199,2,,,,,,,,,,,,,,,貸方,,,211,法人税等充当金,23300,資金区分,63,,,,
200,,,,200,21,,北信産業 株式会社,財務会計R4,PC02,isobe-pc02,2023-04-15,1,2022-10-31,4,北海道太郎､退職慰労金払い,,,,,,,,,,,,
200,1,,,,,,,,,,,,,,,借方,,,713,役員退職金,16094166,資金区分,62,,,,
200,2,,,,,,,,,,,,,,,貸方,,,100,現金,16094166,,,,,,
