num,kind,UN_CCL_ID,bie,den1,den2,den3,den4,den5,den6,den7,den8,den9,den10,den11,den12,term,desc,occur,,,,,,,,,,
1,ヘッダ部,,MA,SME_ Consolidated Invoice,,,,,,,,,,,,統合請求書,受注者が発注者に交付する月締めインボイス文書（メッセージ）,－,,,,,,,,,,
2,ヘッダ部,UN01005479,ASMA,CI_ Exchanged Document_ Context. Details,,,,,,,,,,,,取引設定クラス,メッセージの設定内容に関する情報からなるクラス,1..1,,,,,,,,,,
3,ヘッダ部,UN01005480,BBIE,,CI_ Exchanged Document_ Context. Specified_ Transaction. Identifier,,,,,,,,,,,取引識別子,メッセージがやり取りされる取引番号,0..1,,,,,,,,,,
4,ヘッダ部,UN01012746,BBIE,,CI_ Exchanged Document_ Context. Processing_ Transaction. Date Time,,,,,,,,,,,処理日時,メッセージがやり取りされる日時,0..1,,,,,,,,,,
5,ヘッダ部,UN01005481,ASBIE,,CI_ Exchanged Document_ Context. Business Process_ Specified. CI_ Document Context_ Parameter,,,,,,,,,,,取引設定内容/取引プロセスグループ,取引設定内容の取引プロセスに関する情報,1..1,,,,,,,,,,
6,ヘッダ部,UN01005471,ABIE,,,CI_ Document Context_ Parameter. Details,,,,,,,,,,取引プロセス設定クラス,取引プロセスに関する情報のクラス, -,,,,,,,,,,
7,ヘッダ部,UN01005472,BBIE,,,,CI_ Document Context_ Parameter. Identification. Identifier,,,,,,,,,取引プロセス識別子,取引プロセスの識別子(ID)\n共通EDIプロバイダがプロセスをセットする,1..1,,,,,,,,,,
8,ヘッダ部,UN01005473,BBIE,,,,CI_ Document Context_ Parameter. Value. Text,,,,,,,,,取引プロセス名,取引プロセスの名称,0..1,,,,,,,,,,
9,ヘッダ部,UN01005474,ASBIE,,,,CI_ Document Context_ Parameter. Specified. CI_ Document_ Version,,,,,,,,,取引プロセス/バージョングループ,取引プロセスのバージョンに関する情報,1..1,,,,,,,,,,
10,ヘッダ部,UN01005475,ABIE,,,,,CI_ Document_ Version. Details,,,,,,,,バージョンクラス,バージョンに関する情報のクラス, - ,,,,,,,,,,
11,ヘッダ部,UN01005476,BBIE,,,,,,CI_ Document_ Version. Identification. Identifier,,,,,,,バージョン識別子,取引プロセスのバージョン識別子,1..1,,,,,,,,,,
12,ヘッダ部,UN01005478,BBIE,,,,,,CI_ Document_ Version. Issue. Date Time,,,,,,,バージョン発行日,取引プロセスのバージョン発行日,1..1,,,,,,,,,,
13,ヘッダ部,UN01005483,ASBIE,,CI_ Exchanged Document_ Context. Scenario_ Specified. CI_ Document Context_ Parameter,,,,,,,,,,,取引設定内容/取引シナリオグループ,取引設定内容の取引シナリオに関する情報,0..1,,,,,,,,,,
14,ヘッダ部,UN01005471,ABIE,,,CI_ Document Context_ Parameter. Details,,,,,,,,,,取引シナリオ設定クラス,取引シナリオに関する情報のクラス, -,,,,,,,,,,
15,ヘッダ部,UN01005472,BBIE,,,,CI_ Document Context_ Parameter. Identification. Identifier,,,,,,,,,取引シナリオ識別子,取引シナリオの識別子(ID),0..1,,,,,,,,,,
16,ヘッダ部,UN01005473,BBIE,,,,CI_ Document Context_ Parameter. Value. Text,,,,,,,,,取引シナリオ名,取引シナリオの名称,0..1,,,,,,,,,,
17,ヘッダ部,UN01005484,ASBIE,,CI_ Exchanged Document_ Context. Application_ Specified. CI_ Document Context_ Parameter,,,,,,,,,,,取引設定内容/アプリケーショングループ,取引設定内容のアプリケーションに関する情報,0..1,,,,,,,,,,
18,ヘッダ部,UN01005471,ABIE,,,CI_ Document Context_ Parameter. Details,,,,,,,,,,アプリケーション設定クラス,アプリケーションに関する情報のクラス, -,,,,,,,,,,
19,ヘッダ部,UN01005472,BBIE,,,,CI_ Document Context_ Parameter. Identification. Identifier,,,,,,,,,アプリケーション識別子,業務アプリケーションの識別子,0..1,,,,,,,,,,
20,ヘッダ部,UN01005473,BBIE,,,,CI_ Document Context_ Parameter. Value. Text,,,,,,,,,アプリケーション名,業務アプリケーションの名称,0..1,,,,,,,,,,
21,ヘッダ部,UN01005486,ASBIE,,CI_ Exchanged Document_ Context. Subset_ Specified. CI_ Document Context_ Parameter,,,,,,,,,,,取引設定内容/業務領域グループ,取引設定内容の業務領域の情報に関する情報,1..1,,,,,,,,,,
22,ヘッダ部,UN01005471,ABIE,,,CI_ Document Context_ Parameter. Details,,,,,,,,,,業務領域設定クラス,JEC業界横断EDIメッセージ業務領域に関する情報のクラス, -,,,,,,,,,,
23,ヘッダ部,UN01005472,BBIE,,,,CI_ Document Context_ Parameter. Identification. Identifier,,,,,,,,,業務領域識別子,SIPSが付与したメッセージ業務領域識別子(ID),1..1,,,,,,,,,,
24,ヘッダ部,UN01005473,BBIE,,,,CI_ Document Context_ Parameter. Value. Text,,,,,,,,,業務領域名,SIPSが付与したメッセージ業務領域名称,0..1,,,,,,,,,,
25,ヘッダ部,UN01005474,ASBIE,,,,CI_ Document Context_ Parameter. Specified. CI_ Document_ Version,,,,,,,,,業務領域/バージョングループ,業務領域のバージョンに関する情報,1..1,,,,,,,,,,
26,ヘッダ部,UN01005475,ABIE,,,,,CI_ Document_ Version. Details,,,,,,,,バージョンクラス,バージョンに関する情報のクラス, - ,,,,,,,,,,
27,ヘッダ部,UN01005476,BBIE,,,,,,CI_ Document_ Version. Identification. Identifier,,,,,,,バージョン識別子,業務領域のバージョン識別子,1..1,,,,,,,,,,
28,ヘッダ部,UN01005478,BBIE,,,,,,CI_ Document_ Version. Issue. Date Time,,,,,,,バージョン発行日,業務領域のバージョン発行日,1..1,,,,,,,,,,
29,ヘッダ部,UN01005861,ASMA,CIIH_ Exchanged_ Document. Details,,,,,,,,,,,,インボイス文書クラス,インボイス文書に関する情報項目のクラス,1..1,,,,,,,,,,
30,ヘッダ部,UN01005862,BBIE,,CIIH_ Exchanged_ Document. Identification. Identifier,,,,,,,,,,,インボイス文書番号,インボイス文書を識別する文書番号または文書文字列,1..1,,,,,,,,,,
31,ヘッダ部,UN01005863,BBIE,,CIIH_ Exchanged_ Document. Name. Text,,,,,,,,,,,インボイス文書名,インボイス文書の文書名称,0..1,,,,,,,,,,
32,ヘッダ部,UN01005864,BBIE,,CIIH_ Exchanged_ Document. Type. Code,,,,,,,,,,,インボイス文書タイプコード,インボイス文書のタイプを識別するコード\nデフォルトは「合算請求書パターン１」,1..1,,,,,,,,,,
33,ヘッダ部,UN01005865,BBIE,,CIIH_ Exchanged_ Document. Issue. Date Time,,,,,,,,,,,インボイス文書発効日,インボイス文書の発行日付，またはインボイス文書の書面上の発行日付。,1..1,,,,,,,,,,
34,ヘッダ部,UN01005869,BBIE,,CIIH_ Exchanged_ Document. Purpose. Code,,,,,,,,,,,インボイス文書目的コード,請求者が請求書の目的（新規、変更、取消、打切り）を管理するために付番したコード,0..1,,,,,,,,,,
35,ヘッダ部,UN01005874,BBIE,,CIIH_ Exchanged_ Document. Previous Revision_ Identification. Identifier,,,,,,,,,,,インボイス文書履歴番号,インボイス文書の変更履歴を管理する番号,0..1,,,,,,,,,,
36,ヘッダ部,UN01005875,BBIE,,CIIH_ Exchanged_ Document. Category. Code,,,,,,,,,,,インボイス文書類型コード,インボイス文書の類型（単一文書日本円取引、単一文書外貨建て取引、統合文書日本円取引等）を識別するコード\nデフォルトは「単一文書日本円取引」,1..1,,,,,,,,,,
37,ヘッダ部,UN01014636,BBIE,,CIIH_ Exchanged_ Document. Subtype. Code,,,,,,,,,,,インボイス文書サブタイプコード,地域固有の文書のタイプを識別するコード\nデフォルトは「合算請求書パターン１」,1..1,,,,,,,,,,
38,ヘッダ部,UN01005876,ASBIE,,CIIH_ Exchanged_ Document. Included. CI_ Note,,,,,,,,,,,インボイス文書／注釈グループ,インボイス文書に含まれる注釈。,0..n,,,,,,,,,,
39,ヘッダ部,UN01005557,ABIE,,,CI_ Note. Details,,,,,,,,,,インボイス文書注釈クラス,インボイス文書の注釈を記述するためのクラス, -,,,,,,,,,,
40,ヘッダ部,UN01005558,BBIE,,,,CI_ Note. Subject. Text,,,,,,,,,インボイス文書注釈表題,注釈内容の表題を示す。,0..1,,,,,,,,,,
41,ヘッダ部,UN01005560,BBIE,,,,CI_ Note. Content. Text,,,,,,,,,インボイス文書注釈内容,注釈項目毎の内容情報を入力するフリースペース。,0..1,,,,,,,,,,
42,ヘッダ部,UN01005562,BBIE,,,,CI_ Note. Identification. Identifier,,,,,,,,,インボイス文書注釈識別子,注釈の識別番号,0..1,,,,,,,,,,
43,ヘッダ部,UN01012702,ASBIE,,CIIH_ Exchanged_ Document. Reference. CI_ Referenced_ Document,,,,,,,,,,,インボイス文書／参照文書グループ,インボイス文書が参照する文書のグループ,0..n,,,,,,,,,,
44,ヘッダ部,UN01005579,ABIE,,,CI_ Referenced_ Document. Details,,,,,,,,,,（鑑ヘッダ参照）文書クラス,インボイス文書が参照する文書クラス,－,,,,,,,,,,
45,ヘッダ部,UN01005580,BBIE,,,,CI_ Referenced_ Document. Issuer Assigned_ Identification. Identifier,,,,,,,,,（鑑ヘッダ参照）文書番号,インボイス文書が参照する参照文書の番号,1..1,,,,,,,,,,
46,ヘッダ部,UN01005582,BBIE,,,,CI_ Referenced_ Document. Issue. Date Time,,,,,,,,,（鑑ヘッダ参照）文書発行日,インボイス文書が参照する参照文書の発行日,0..1,,,,,,,,,,
47,ヘッダ部,UN01005586,BBIE,,,,CI_ Referenced_ Document. Reference_ Type. Code,,,,,,,,,（鑑ヘッダ参照）文書参照タイプコード,この調整で参照する前回インボイス文書の参照タイプを指定するコード　（デフォルト属性）OI  (Previous invoice number),1..1,,,,,,,,,,
48,ヘッダ部,UN01005588,BBIE,,,,CI_ Referenced_ Document. Revision_ Identification. Identifier,,,,,,,,,（鑑ヘッダ参照）文書履歴番号,インボイス文書が参照する文書の変更履歴を管理する番号。,0..1,,,,,,,,,,
49,ヘッダ部,UN01009672,BBIE,,,,CI_ Referenced_ Document. Type. Code,,,,,,,,,（鑑ヘッダ参照）文書タイプコード,インボイス文書が参照する参照文書の文書タイプを識別するコード,1..1,,,,,,,,,,
50,ヘッダ部,UN01011455,BBIE,,,,CI_ Referenced_ Document. Attachment. Binary Object,,,,,,,,,（鑑ヘッダ参照）文書添付ファイル,インボイス文書の添付バイナリファイルの有無を識別するコード\nなしの場合はNULL（デファクト）\nありの場合はヘッダの添付バイナリファイル識別子（UN01006015）を指定する。,0..1,,,,,,,,,,
51,ヘッダ部,UN01014899,BBIE,,,,CI_ Referenced_ Document. Subtype. Code,,,,,,,,,（鑑ヘッダ参照）文書サブタイプコード,インボイス文書が参照する参照文書のサブタイプコード,0..1,,,,,,,,,,
52,ヘッダ部,UN01015490,ASBIE,,CIIH_ Exchanged_ Document. Attached. Specified_ Binary File,,,,,,,,,,,付加文書／添付ファイルグループ,参照文書の添付バイナリファイルに関するグループ,0..n,,,,,,,,,,
53,ヘッダ部,UN01006014,ABIE,,,Specified_ Binary File. Details,,,,,,,,,,添付バイナリファイルクラス,添付バイナリファイルを記述するためのクラス,－,,,,,,,,,,
54,ヘッダ部,UN01006015,BBIE,,,,Specified_ Binary File. Identification. Identifier,,,,,,,,,添付バイナリファイル識別子,添付バイナリファイルの識別子,0..1,,,,,,,,,,
55,ヘッダ部,UN01006019,BBIE,,,,Specified_ Binary File. File Name. Text,,,,,,,,,添付バイナリファイル名,添付バイナリファイルの名称,0..1,,,,,,,,,,
56,ヘッダ部,UN01006020,BBIE,,,,Specified_ Binary File. URI. Identifier,,,,,,,,,添付バイナリファイルURI識別子,添付バイナリファイルの保管URI識別子,0..1,,,,,,,,,,
57,ヘッダ部,UN01006021,BBIE,,,,Specified_ Binary File. MIME. Code,,,,,,,,,添付バイナリファイルのMIMEコード,添付バイナリファイルのMIMEコード,1..1,,,,,,,,,,
58,ヘッダ部,UN01006026,BBIE,,,,Specified_ Binary File. Description. Text,,,,,,,,,添付バイナリファイルの説明文,添付バイナリファイルの説明文,0..1,,,,,,,,,,
59,ヘッダ部,UN01005936,ASMA,CIIH_ Supply Chain_ Trade Transaction. Details,,,,,,,,,,,,インボイス文書取引内容クラス,インボイス文書情報で伝達される取引内容に関する情報からなるクラス。,1..1,,,,,,,,,,
60,ヘッダ部,UN01005937,ASBIE,,CIIH_ Supply Chain_ Trade Transaction. Applicable. CIIH_ Supply Chain_ Trade Agreement,,,,,,,,,,,インボイス文書取引内容／契約グループ,インボイス文書取引に適用される契約に関するグループ。,1..1,,,,,,,,,,
61,ヘッダ部,UN01005878,ABIE,,,CIIH_ Supply Chain_ Trade Agreement. Details,,,,,,,,,,インボイス文書契約クラス,インボイス文書に関する契約に関する情報からなるクラス。,－,,,,,,,,,,
62,ヘッダ部,UN01005879,ASBIE,,,,CIIH_ Supply Chain_ Trade Agreement. Seller. CI_ Trade_ Party,,,,,,,,,インボイス文書契約／受注者グループ,受注者に関するグループ。,1..1,,,,,,,,,,
63,ヘッダ部,UN01005756,ABIE,,,,,CI_ Trade_ Party. Details,,,,,,,,受注者クラス,受注者に関する情報からなるクラス。,－,,,,,,,,,,
64,ヘッダ部,UN01005757,BBIE,,,,,,CI_ Trade_ Party. Identification. Identifier,,,,,,,受注者識別子,注文を受ける企業/工場・事業所・事業部門等を表す識別子。デフォルトはデータなし。,1..1,,,,,,,,,,
65,ヘッダ部,UN01005758,BBIE,,,,,,CI_ Trade_ Party. Global_ Identification. Identifier,,,,,,,受注者国際企業識別子,注文を受ける企業を表す国際企業識別子。,0..1,,,,,,,,,,
66,ヘッダ部,UN01005759,BBIE,,,,,,CI_ Trade_ Party. Name. Text,,,,,,,受注者名称,注文を受ける企業/工場・事業所・事業部門等を表す名称。適格請求書、または区分記載請求書を発行する事業者名。,1..1,,,,,,,,,,
67,ヘッダ部,UN01013039,BBIE,,,,,,CI_ Trade_ Party. Registered_ Identification. Identifier,,,,,,,適格請求書発行事業者登録番号,国税庁へ登録された適格請求書発行事業者登録番号（区分記載請求書発行者についてはなし）\nT1234567890123,1..1,,,,,,,,,,
68,ヘッダ部,UN01012925,BBIE,,,,,,CI_ Trade_ Party. Type. Code,,,,,,,受注者タイプコード,適格請求書発行事業者の課税区分を識別するコード,1..1,,,,,,,,,,
69,ヘッダ部,UN01005761,ASBIE,,,,,,CI_ Trade_ Party. Defined. CI_ Trade_ Contact,,,,,,,受注者／連絡先グループ,受注者の連絡先に関するグループ,0..1,,,,,,,,,,
70,ヘッダ部,UN01005718,ABIE,,,,,,,CI_ Trade_ Contact. Details,,,,,,受注者連絡先クラス,連絡先に関する情報からなるクラス。,－,,,,,,,,,,
71,ヘッダ部,UN01005719,BBIE,,,,,,,,CI_ Trade_ Contact. Identification. Identifier,,,,,受注部門識別子,受注者の受注部門を表す識別子。,0..1,,,,,,,,,,
72,ヘッダ部,UN01005720,BBIE,,,,,,,,CI_ Trade_ Contact. Person Name. Text,,,,,受注者担当名,受注者連絡先の個人の、文字で表現された名前。,0..1,,,,,,,,,,
73,ヘッダ部,UN01005721,BBIE,,,,,,,,CI_ Trade_ Contact. Department Name. Text,,,,,受注者部門名,受注者の受注部門の名称。,0..1,,,,,,,,,,
74,ヘッダ部,UN01005725,BBIE,,,,,,,,CI_ Trade_ Contact. Person_ Identification. Identifier,,,,,受注者担当識別子,受注者個人を表す識別子,0..1,,,,,,,,,,
75,ヘッダ部,UN01005726,ASBIE,,,,,,,,CI_ Trade_ Contact. Telephone. CI_ Universal_ Communication,,,,,連絡先／電話情報グループ,連絡先の電話に関するグループ。,0..1,,,,,,,,,,
76,ヘッダ部,UN01005857,ABIE,,,,,,,,,CI_ Universal_ Communication. Details,,,,電話通信クラス,通信（電話）に関する情報からなるクラス。,－,,,,,,,,,,
77,ヘッダ部,UN01005860,BBIE,,,,,,,,,,CI_ Universal_ Communication. Complete Number. Text,,,受注者電話番号,受注者の電話番号。,0..1,,,,,,,,,,
78,ヘッダ部,UN01005729,ASBIE,,,,,,,,CI_ Trade_ Contact. Fax. CI_ Universal_ Communication,,,,,連絡先／FAX情報グループ,連絡先のFAXに関するグループ。,0..1,,,,,,,,,,
79,ヘッダ部,UN01005857,ABIE,,,,,,,,,CI_ Universal_ Communication. Details,,,,FAX通信クラス,通信（FAX）に関する情報からなるクラス。,－,,,,,,,,,,
80,ヘッダ部,UN01005860,BBIE,,,,,,,,,,CI_ Universal_ Communication. Complete Number. Text,,,受注者FAX番号,受注者のFAX番号,0..1,,,,,,,,,,
81,ヘッダ部,UN01005730,ASBIE,,,,,,,,CI_ Trade_ Contact. Email_ URI. CI_ Universal_ Communication,,,,,連絡先／電子メール情報グループ,連絡先の電子メールに関するグループ。,0..1,,,,,,,,,,
82,ヘッダ部,UN01005857,ABIE,,,,,,,,,CI_ Universal_ Communication. Details,,,,電子メール通信クラス,通信（Email）に関する情報からなるクラス。,－,,,,,,,,,,  
83,ヘッダ部,UN01005858,BBIE,,,,,,,,,,CI_ Universal_ Communication. URI. Identifier,,,受注者メールアドレス,受注者の電子メールアドレス。,0..1,,,,,,,,,,
84,ヘッダ部,UN01005762,ASBIE,,,,,,CI_ Trade_ Party. Postal. CI_ Trade_ Address,,,,,,,受注者／住所グループ,受注者の住所に関するグループ。,0..1,,,,,,,,,,
85,ヘッダ部,UN01005687,ABIE,,,,,,,CI_ Trade_ Address. Details,,,,,,受注者住所クラス,受注者住所に関する情報からなるクラス。,－,,,,,,,,,,
86,ヘッダ部,UN01005689,BBIE,,,,,,,,CI_ Trade_ Address. Postcode. Code,,,,,受注者郵便番号,受注者の郵便番号。,0..1,,,,,,,,,,
87,ヘッダ部,UN01005692,BBIE,,,,,,,,CI_ Trade_ Address. Line One. Text,,,,,受注者住所1,受注者の住所1行目。,0..1,,,,,,,,,,
88,ヘッダ部,UN01005693,BBIE,,,,,,,,CI_ Trade_ Address. Line Two. Text,,,,,受注者住所2,受注者の住所2行目。,0..1,,,,,,,,,,
89,ヘッダ部,UN01005694,BBIE,,,,,,,,CI_ Trade_ Address. Line Three. Text,,,,,受注者住所3,受注者の住所3行目。,0..1,,,,,,,,,,
90,ヘッダ部,UN01005700,BBIE,,,,,,,,CI_ Trade_ Address. Country. Identifier,,,,,受注者国識別子,受注者の国ID。デフォルトは「JP」,1..1,,,,,,,,,,
91,ヘッダ部,UN01005763,ASBIE,,,,,,CI_ Trade_ Party. URI. CI_ Universal_ Communication,,,,,,,送信者／国際アドレスグループ,送信者の国際アドレスグループ,1..1,,,,,,,,,,
92,ヘッダ部,UN01005857,ABIE,,,,,,,CI_ Universal_ Communication. Details,,,,,,国際アドレスクラス,国際アドレスクラス\n（JP-PINTのアドレス方式に対応）,－,,,,,,,,,,
93,ヘッダ部,UN01005859,BBIE,,,,,,,,CI_ Universal_ Communication. Channel. Code,,,,,国際アドレス登録機関コード,JP-PINT対応国際アドレス登録機関のコード,1..1,,,,,,,,,,
94,ヘッダ部,UN01005860,BBIE,,,,,,,,CI_ Universal_ Communication. Complete Number. Text,,,,,国際アドレス,jp-pint対応国際アドレス番号,1..1,,,,,,,,,,
95,ヘッダ部,UN01005880,ASBIE,,,,CIIH_ Supply Chain_ Trade Agreement. Buyer. CI_ Trade_ Party,,,,,,,,,インボイス文書契約／発注者グループ,発注者に関するグループ。,1..1,,,,,,,,,,
96,ヘッダ部,UN01005756,ABIE,,,,,CI_ Trade_ Party. Details,,,,,,,,発注者クラス,発注者に関する情報からなるクラス。,－,,,,,,,,,,
97,ヘッダ部,UN01005757,BBIE,,,,,,CI_ Trade_ Party. Identification. Identifier,,,,,,,発注者識別子,注文を行う企業/工場・事業所・事業部門等を表す識別子。デフォルトはデータなし。,1..1,,,,,,,,,,
98,ヘッダ部,UN01005758,BBIE,,,,,,CI_ Trade_ Party. Global_ Identification. Identifier,,,,,,,発注者国際企業識別子,注文を行う企業を表す国際企業識別子。,0..1,,,,,,,,,,
99,ヘッダ部,UN01005759,BBIE,,,,,,CI_ Trade_ Party. Name. Text,,,,,,,発注者名称,発注を行う企業/工場・事業所・事業部門等の名称,1..1,,,,,,,,,,
100,ヘッダ部,UN01013039,BBIE,,,,,,CI_ Trade_ Party. Registered_ Identification. Identifier,,,,,,,適格請求書発行事業者登録番号,登録された発注者の適格請求書発行事業者登録番号\n（免税事業者についてはなし）,0..1,,,,,,,,,,
101,ヘッダ部,UN01012925,BBIE,,,,,,CI_ Trade_ Party. Type. Code,,,,,,,発注者タイプコード,適格請求書発行事業者の課税区分を識別するコード,1..1,,,,,,,,,,
102,ヘッダ部,UN01005761,ASBIE,,,,,,CI_ Trade_ Party. Defined. CI_ Trade_ Contact,,,,,,,発注者／連絡先グループ,発注者の連絡先に関するグループ,0..1,,,,,,,,,,
103,ヘッダ部,UN01005718,ABIE,,,,,,,CI_ Trade_ Contact. Details,,,,,,発注者連絡先クラス,連絡先に関する情報からなるクラス。, -,,,,,,,,,,
104,ヘッダ部,UN01005719,BBIE,,,,,,,,CI_ Trade_ Contact. Identification. Identifier,,,,,発注者部門識別子,発注者の発注部門を表す識別子。,0..1,,,,,,,,,,
105,ヘッダ部,UN01005720,BBIE,,,,,,,,CI_ Trade_ Contact. Person Name. Text,,,,,発注者担当名,発注者の発注担当者の名称,0..1,,,,,,,,,,
106,ヘッダ部,UN01005721,BBIE,,,,,,,,CI_ Trade_ Contact. Department Name. Text,,,,,発注者部門名,発注者の発注部門の名称。,0..1,,,,,,,,,,
107,ヘッダ部,UN01005725,BBIE,,,,,,,,CI_ Trade_ Contact. Person_ Identification. Identifier,,,,,発注者担当識別子,発注者個人を表す識別子,0..1,,,,,,,,,,
108,ヘッダ部,UN01005726,ASBIE,,,,,,,,CI_ Trade_ Contact. Telephone. CI_ Universal_ Communication,,,,,連絡先／電話情報グループ,連絡先の電話に関するグループ。,0..1,,,,,,,,,,
109,ヘッダ部,UN01005857,ABIE,,,,,,,,,CI_ Universal_ Communication. Details,,,,電話通信クラス,通信（電話）に関する情報からなるクラス。,－,,,,,,,,,,
110,ヘッダ部,UN01005860,BBIE,,,,,,,,,,CI_ Universal_ Communication. Complete Number. Text,,,発注者電話番号,発注者の電話番号。,0..1,,,,,,,,,,
111,ヘッダ部,UN01005729,ASBIE,,,,,,,,CI_ Trade_ Contact. Fax. CI_ Universal_ Communication,,,,,連絡先／FAX情報グループ,連絡先のFAXに関するグループ。,0..1,,,,,,,,,,
112,ヘッダ部,UN01005857,ABIE,,,,,,,,,CI_ Universal_ Communication. Details,,,,FAX通信クラス,通信（FAX）に関する情報からなるクラス。,－,,,,,,,,,,
113,ヘッダ部,UN01005860,BBIE,,,,,,,,,,CI_ Universal_ Communication. Complete Number. Text,,,発注者FAX番号,発注者のFAX番号,0..1,,,,,,,,,,
114,ヘッダ部,UN01005730,ASBIE,,,,,,,,CI_ Trade_ Contact. Email_ URI. CI_ Universal_ Communication,,,,,連絡先／電子メール情報グループ,連絡先の電子メールに関するグループ。,0..1,,,,,,,,,,
115,ヘッダ部,UN01005857,ABIE,,,,,,,,,CI_ Universal_ Communication. Details,,,,電子メール通信クラス,通信（電子メール）に関する情報からなるクラス。,－,,,,,,,,,,
116,ヘッダ部,UN01005858,BBIE,,,,,,,,,,CI_ Universal_ Communication. URI. Identifier,,,発注者メールアドレス,発注者の電子メールアドレス。,0..1,,,,,,,,,,
117,ヘッダ部,UN01005762,ASBIE,,,,,,CI_ Trade_ Party. Postal. CI_ Trade_ Address,,,,,,,発注者／住所グループ,発注者の住所に関するグループ。,0..1,,,,,,,,,,
118,ヘッダ部,UN01005687,ABIE,,,,,,,CI_ Trade_ Address. Details,,,,,,発注者住所クラス,発注者住所に関する情報からなるクラス。,－,,,,,,,,,,
119,ヘッダ部,UN01005689,BBIE,,,,,,,,CI_ Trade_ Address. Postcode. Code,,,,,発注者郵便番号,発注者の郵便番号。,0..1,,,,,,,,,,
120,ヘッダ部,UN01005692,BBIE,,,,,,,,CI_ Trade_ Address. Line One. Text,,,,,発注者住所1,発注者の住所1行目。,0..1,,,,,,,,,,
121,ヘッダ部,UN01005693,BBIE,,,,,,,,CI_ Trade_ Address. Line Two. Text,,,,,発注者住所2,発注者の住所2行目。,0..1,,,,,,,,,,
122,ヘッダ部,UN01005694,BBIE,,,,,,,,CI_ Trade_ Address. Line Three. Text,,,,,発注者住所3,発注者の住所3行目。,0..1,,,,,,,,,,
123,ヘッダ部,UN01005700,BBIE,,,,,,,,CI_ Trade_ Address. Country. Identifier,,,,,発注者国識別子,発注者の国ID。デフォルトは「JP」,1..1,,,,,,,,,,
124,ヘッダ部,UN01005765,ASBIE,,,,,,CI_ Trade_ Party. End Point_ URI. CI_ Universal_ Communication,,,,,,,送信者／国際アドレスグループ,送信者の国際アドレスグループ,1..1,,,,,,,,,,
125,ヘッダ部,UN01005857,ABIE,,,,,,,CI_ Universal_ Communication. Details,,,,,,国際アドレスクラス,国際アドレスクラス\n（JP-PINTのアドレス方式に対応）,－,,,,,,,,,,
126,ヘッダ部,UN01005859,BBIE,,,,,,,,CI_ Universal_ Communication. Channel. Code,,,,,国際アドレス登録機関コード,JP-PINT対応国際アドレス登録機関のコード,1..1,,,,,,,,,,
127,ヘッダ部,UN01005860,BBIE,,,,,,,,CI_ Universal_ Communication. Complete Number. Text,,,,,国際アドレス,jp-pint対応国際アドレス番号,1..1,,,,,,,,,,
128,ヘッダ部,UN01011516,ASBIE,,,,CIIH_ Supply Chain_ Trade Agreement. Specified. Procuring_ Project,,,,,,,,,インボイス文書契約／プロジェクト調達グループ,プロジェクト調達に関するグループ,0..1,,,,,,,,,,
129,ヘッダ部,UN01000371,ABIE,,,,,Procuring_ Project. Details,,,,,,,,プロジェクト調達クラス,プロジェクト調達に関する情報のクラス,－,,,,,,,,,,
130,ヘッダ部,UN01000372,BBIE,,,,,,Procuring_ Project. Identification. Identifier,,,,,,,プロジェクト番号,発注品に関するプロジェクト・工事案件等を管理するための番号。,0..1,,,,,,,,,,
131,ヘッダ部,UN01000374,BBIE,,,,,,Procuring_ Project. Name. Text,,,,,,,プロジェクト名,発注品に関するプロジェクト・工事案件等の名称。,0..1,,,,,,,,,,
132,ヘッダ部,UN01005939,ASBIE,,CIIH_ Supply Chain_ Trade Transaction. Applicable. CIIH_ Supply Chain_ Trade Settlement,,,,,,,,,,,インボイス文書取引内容／決済グループ,決済に関するグループ,1..1,,,,,,,,,,
133,ヘッダ部,UN01005909,ABIE,,,CIIH_ Supply Chain_ Trade Settlement. Details,,,,,,,,,,インボイス文書決済クラス,インボイス文書の決済に関する情報からなるクラス。,－,,,,,,,,,,
134,ヘッダ部,UN01005913,BBIE,,,,CIIH_ Supply Chain_ Trade Settlement. Tax_ Currency. Code,,,,,,,,,税通貨コード,税の通貨コード。デフォルトはJPY,1..1,,,,,,,,,,
135,ヘッダ部,UN01005914,BBIE,,,,CIIH_ Supply Chain_ Trade Settlement. Invoice_ Currency. Code,,,,,,,,,インボイス文書通貨コード,インボイス文書の通貨コード。デフォルトはJPY,1..1,,,,,,,,,,
136,ヘッダ部,UN01005915,BBIE,,,,CIIH_ Supply Chain_ Trade Settlement. Payment_ Currency. Code,,,,,,,,,支払通貨コード,請求支払通貨コード（デフォルトはJPY）,0..1,,,,,,,,,,
137,ヘッダ部,UN01005916,ASBIE,,,,CIIH_ Supply Chain_ Trade Settlement. Invoicer. CI_ Trade_ Party,,,,,,,,,インボイス文書決済／請求者グループ,請求者にかかわる情報,0..1,,,,,,,,,,
138,ヘッダ部,UN01005756,ABIE,,,,,CI_ Trade_ Party. Details,,,,,,,,請求者クラス,請求者に関する情報からなるクラス。,－,,,,,,,,,,
139,ヘッダ部,UN01005757,BBIE,,,,,,CI_ Trade_ Party. Identification. Identifier,,,,,,,請求者識別子,請求者の識別子。,0..1,,,,,,,,,,
140,ヘッダ部,UN01005758,BBIE,,,,,,CI_ Trade_ Party. Global_ Identification. Identifier,,,,,,,請求者国際企業識別子,請求者の国際企業識別子。,0..1,,,,,,,,,,
141,ヘッダ部,UN01005759,BBIE,,,,,,CI_ Trade_ Party. Name. Text,,,,,,,請求者名称,請求者の企業等を表す名称。,0..1,,,,,,,,,,
142,ヘッダ部,UN01013039,BBIE,,,,,,CI_ Trade_ Party. Registered_ Identification. Identifier,,,,,,,請求者適格請求書発行事業者登録番号,登録された請求者の適格請求書発行事業者登録番号,0..1,,,,,,,,,,
143,ヘッダ部,UN01012925,BBIE,,,,,,CI_ Trade_ Party. Type. Code,,,,,,,請求者タイプコード,適格請求書発行事業者の課税区分を識別するコード,1..1,,,,,,,,,,
144,ヘッダ部,UN01005761,ASBIE,,,,,,CI_ Trade_ Party. Defined. CI_ Trade_ Contact,,,,,,,請求者／連絡先グループ,請求者の連絡先に関する情報,0..1,,,,,,,,,,
145,ヘッダ部,UN01005718,ABIE,,,,,,,CI_ Trade_ Contact. Details,,,,,,請求者連絡先クラス,連絡先に関する情報からなるクラス。,－,,,,,,,,,,
146,ヘッダ部,UN01005719,BBIE,,,,,,,,CI_ Trade_ Contact. Identification. Identifier,,,,,請求部門識別子,請求者の請求部門を表す識別子。,0..1,,,,,,,,,,
147,ヘッダ部,UN01005720,BBIE,,,,,,,,CI_ Trade_ Contact. Person Name. Text,,,,,請求者担当名,請求者個人の、文字で表現された名前。,0..1,,,,,,,,,,
148,ヘッダ部,UN01005721,BBIE,,,,,,,,CI_ Trade_ Contact. Department Name. Text,,,,,請求者部門名,請求者の請求部門の名称。,0..1,,,,,,,,,,
149,ヘッダ部,UN01005725,BBIE,,,,,,,,CI_ Trade_ Contact. Person_ Identification. Identifier,,,,,請求者担当識別子,請求者個人を表す識別子,0..1,,,,,,,,,,
150,ヘッダ部,UN01005726,ASBIE,,,,,,,,CI_ Trade_ Contact. Telephone. CI_ Universal_ Communication,,,,,連絡先／電話情報グループ,連絡先の電話に関するグループ。,0..1,,,,,,,,,,
151,ヘッダ部,UN01005857,ABIE,,,,,,,,,CI_ Universal_ Communication. Details,,,,電話通信クラス,通信（電話）に関する情報からなるクラス。,－,,,,,,,,,,
152,ヘッダ部,UN01005860,BBIE,,,,,,,,,,CI_ Universal_ Communication. Complete Number. Text,,,請求者電話番号,請求者の電話番号。,0..1,,,,,,,,,,
153,ヘッダ部,UN01005729,ASBIE,,,,,,,,CI_ Trade_ Contact. Fax. CI_ Universal_ Communication,,,,,連絡先／FAX情報グループ,連絡先のFAXに関するグループ。,0..1,,,,,,,,,,
154,ヘッダ部,UN01005857,ABIE,,,,,,,,,CI_ Universal_ Communication. Details,,,,FAX通信クラス,通信（FAX）に関する情報からなるクラス。,－,,,,,,,,,,
155,ヘッダ部,UN01005860,BBIE,,,,,,,,,,CI_ Universal_ Communication. Complete Number. Text,,,請求者FAX番号,請求者のFAX番号,0..1,,,,,,,,,,
156,ヘッダ部,UN01005730,ASBIE,,,,,,,,CI_ Trade_ Contact. Email_ URI. CI_ Universal_ Communication,,,,,連絡先／電子メール情報グループ,連絡先の電子メールに関するグループ。,0..1,,,,,,,,,,
157,ヘッダ部,UN01005857,ABIE,,,,,,,,,CI_ Universal_ Communication. Details,,,,電子メール通信クラス,通信（電子メール）に関する情報からなるクラス。,－,,,,,,,,,,
158,ヘッダ部,UN01005858,BBIE,,,,,,,,,,CI_ Universal_ Communication. URI. Identifier,,,請求者メールアドレス,請求者の電子メールアドレス。,0..1,,,,,,,,,,
159,ヘッダ部,UN01005762,ASBIE,,,,,,CI_ Trade_ Party. Postal. CI_ Trade_ Address,,,,,,,請求者／住所グループ,請求者の住所に関するグループ。,0..1,,,,,,,,,,
160,ヘッダ部,UN01005687,ABIE,,,,,,,CI_ Trade_ Address. Details,,,,,,請求者住所クラス,請求者住所に関する情報からなるクラス。,－,,,,,,,,,,
161,ヘッダ部,UN01005689,BBIE,,,,,,,,CI_ Trade_ Address. Postcode. Code,,,,,請求者郵便番号,請求者の郵便番号。,0..1,,,,,,,,,,
162,ヘッダ部,UN01005692,BBIE,,,,,,,,CI_ Trade_ Address. Line One. Text,,,,,請求者住所1,請求者の住所1行目。,0..1,,,,,,,,,,
163,ヘッダ部,UN01005693,BBIE,,,,,,,,CI_ Trade_ Address. Line Two. Text,,,,,請求者住所2,請求者の住所2行目。,0..1,,,,,,,,,,
164,ヘッダ部,UN01005694,BBIE,,,,,,,,CI_ Trade_ Address. Line Three. Text,,,,,請求者住所3,請求者の住所3行目。,0..1,,,,,,,,,,
165,ヘッダ部,UN01005700,BBIE,,,,,,,,CI_ Trade_ Address. Country. Identifier,,,,,請求者国識別子,請求者の国ID。デフォルトは「JP」,1..1,,,,,,,,,,
166,ヘッダ部,UN01005763,ASBIE,,,,,,CI_ Trade_ Party. URI. CI_ Universal_ Communication,,,,,,,送信者／国際アドレスグループ,送信者の国際アドレスグループ,1..1,,,,,,,,,,
167,ヘッダ部,UN01005857,ABIE,,,,,,,CI_ Universal_ Communication. Details,,,,,,国際アドレスクラス,国際アドレスクラス\n（JP-PINTのアドレス方式に対応）,－,,,,,,,,,,
168,ヘッダ部,UN01005859,BBIE,,,,,,,,CI_ Universal_ Communication. Channel. Code,,,,,国際アドレス登録機関コード,JP-PINT対応国際アドレス登録機関のコード,1..1,,,,,,,,,,
169,ヘッダ部,UN01005860,BBIE,,,,,,,,CI_ Universal_ Communication. Complete Number. Text,,,,,国際アドレス,jp-pint対応国際アドレス番号,1..1,,,,,,,,,,
170,ヘッダ部,UN01005917,ASBIE,,,,CIIH_ Supply Chain_ Trade Settlement. Invoicee. CI_ Trade_ Party,,,,,,,,,インボイス文書決済／請求先グループ,請求先にかかわるグループ,0..1,,,,,,,,,,
171,ヘッダ部,UN01005756,ABIE,,,,,CI_ Trade_ Party. Details,,,,,,,,請求先クラス,請求先に関する情報からなるクラス。,－,,,,,,,,,,
172,ヘッダ部,UN01005757,BBIE,,,,,,CI_ Trade_ Party. Identification. Identifier,,,,,,,請求先識別子,請求を受ける企業等を表す識別子。,0..1,,,,,,,,,,
173,ヘッダ部,UN01005758,BBIE,,,,,,CI_ Trade_ Party. Global_ Identification. Identifier,,,,,,,請求先国際企業識別子,請求を受ける企業等を表す法人識別子。,0..1,,,,,,,,,,
174,ヘッダ部,UN01005759,BBIE,,,,,,CI_ Trade_ Party. Name. Text,,,,,,,請求先名称,請求を受ける企業等の名称,0..1,,,,,,,,,,
175,ヘッダ部,UN01005761,ASBIE,,,,,,CI_ Trade_ Party. Defined. CI_ Trade_ Contact,,,,,,,請求先／連絡先グループ,請求先の連絡先に関するグループ,0..1,,,,,,,,,,
176,ヘッダ部,UN01005718,ABIE,,,,,,,CI_ Trade_ Contact. Details,,,,,,請求先連絡先クラス,連絡先に関する情報からなるクラス。,－,,,,,,,,,,
177,ヘッダ部,UN01005719,BBIE,,,,,,,,CI_ Trade_ Contact. Identification. Identifier,,,,,請求先部門識別子,請求先の部門を表すコード。,0..1,,,,,,,,,,
178,ヘッダ部,UN01005720,BBIE,,,,,,,,CI_ Trade_ Contact. Person Name. Text,,,,,請求先担当名,請求先の担当者の名称,0..1,,,,,,,,,,
179,ヘッダ部,UN01005721,BBIE,,,,,,,,CI_ Trade_ Contact. Department Name. Text,,,,,請求先部門名,請求先の部門を表す名称,0..1,,,,,,,,,,
180,ヘッダ部,UN01005725,BBIE,,,,,,,,CI_ Trade_ Contact. Person_ Identification. Identifier,,,,,請求先担当識別子,請求先個人を表す識別子,0..1,,,,,,,,,,
181,ヘッダ部,UN01005726,ASBIE,,,,,,,,CI_ Trade_ Contact. Telephone. CI_ Universal_ Communication,,,,,連絡先／電話情報グループ,連絡先の電話に関するグループ。,0..1,,,,,,,,,,
182,ヘッダ部,UN01005857,ABIE,,,,,,,,,CI_ Universal_ Communication. Details,,,,電話通信クラス,通信（電話）に関する情報からなるクラス。,－,,,,,,,,,,
183,ヘッダ部,UN01005860,BBIE,,,,,,,,,,CI_ Universal_ Communication. Complete Number. Text,,,請求先電話番号,請求先の電話番号。,0..1,,,,,,,,,,
184,ヘッダ部,UN01005729,ASBIE,,,,,,,,CI_ Trade_ Contact. Fax. CI_ Universal_ Communication,,,,,連絡先／FAX情報グループ,連絡先のFAXに関するグループ。,0..1,,,,,,,,,,
185,ヘッダ部,UN01005857,ABIE,,,,,,,,,CI_ Universal_ Communication. Details,,,,FAX通信クラス,通信（FAX）に関する情報からなるクラス。,－,,,,,,,,,,
186,ヘッダ部,UN01005860,BBIE,,,,,,,,,,CI_ Universal_ Communication. Complete Number. Text,,,請求先FAX番号,請求先のFAX番号,0..1,,,,,,,,,,
187,ヘッダ部,UN01005730,ASBIE,,,,,,,,CI_ Trade_ Contact. Email_ URI. CI_ Universal_ Communication,,,,,連絡先／電子メール情報グループ,連絡先の電子メールに関するグループ。,0..1,,,,,,,,,,
188,ヘッダ部,UN01005857,ABIE,,,,,,,,,CI_ Universal_ Communication. Details,,,,電子メール通信クラス,通信（電子メール）に関する情報からなるクラス。,－,,,,,,,,,,
189,ヘッダ部,UN01005858,BBIE,,,,,,,,,,CI_ Universal_ Communication. URI. Identifier,,,請求先メールアドレス,請求先の電子メールアドレス。,0..1,,,,,,,,,,
190,ヘッダ部,UN01005762,ASBIE,,,,,,CI_ Trade_ Party. Postal. CI_ Trade_ Address,,,,,,,請求先／住所グループ,請求先の住所に関するグループ。,0..1,,,,,,,,,,
191,ヘッダ部,UN01005687,ABIE,,,,,,,CI_ Trade_ Address. Details,,,,,,請求先住所クラス,請求先住所に関する情報からなるクラス。,－,,,,,,,,,,
192,ヘッダ部,UN01005689,BBIE,,,,,,,,CI_ Trade_ Address. Postcode. Code,,,,,請求先郵便番号,請求先の郵便番号。,0..1,,,,,,,,,,
193,ヘッダ部,UN01005692,BBIE,,,,,,,,CI_ Trade_ Address. Line One. Text,,,,,請求先住所1,請求先の住所1行目。,0..1,,,,,,,,,,
194,ヘッダ部,UN01005693,BBIE,,,,,,,,CI_ Trade_ Address. Line Two. Text,,,,,請求先住所2,請求先の住所2行目。,0..1,,,,,,,,,,
195,ヘッダ部,UN01005694,BBIE,,,,,,,,CI_ Trade_ Address. Line Three. Text,,,,,請求先住所3,請求先の住所3行目。,0..1,,,,,,,,,,
196,ヘッダ部,UN01005700,BBIE,,,,,,,,CI_ Trade_ Address. Country. Identifier,,,,,請求先国識別子,請求先の国ID。デフォルトは「JP」,1..1,,,,,,,,,,
197,ヘッダ部,UN01005765,ASBIE,,,,,,CI_ Trade_ Party. End Point_ URI. CI_ Universal_ Communication,,,,,,,送信者／国際アドレスグループ,送信者の国際アドレスグループ,1..1,,,,,,,,,,
198,ヘッダ部,UN01005857,ABIE,,,,,,,CI_ Universal_ Communication. Details,,,,,,国際アドレスクラス,国際アドレスクラス\n（JP-PINTのアドレス方式に対応）,－,,,,,,,,,,
199,ヘッダ部,UN01005859,BBIE,,,,,,,,CI_ Universal_ Communication. Channel. Code,,,,,国際アドレス登録機関コード,JP-PINT対応国際アドレス登録機関のコード,1..1,,,,,,,,,,
200,ヘッダ部,UN01005860,BBIE,,,,,,,,CI_ Universal_ Communication. Complete Number. Text,,,,,国際アドレス,jp-pint対応国際アドレス番号,1..1,,,,,,,,,,
201,ヘッダ部,UN01005918,ASBIE,,,,CIIH_ Supply Chain_ Trade Settlement. Payee. CI_ Trade_ Party,,,,,,,,,インボイス文書決済／支払先グループ,支払先にかかわる情報,0..1,,,,,,,,,,
202,ヘッダ部,UN01005756,ABIE,,,,,CI_ Trade_ Party. Details,,,,,,,,支払先クラス,支払先に関する情報からなるクラス。,－,,,,,,,,,,
203,ヘッダ部,UN01005757,BBIE,,,,,,CI_ Trade_ Party. Identification. Identifier,,,,,,,支払先識別子,支払先の識別子。,0..1,,,,,,,,,,
204,ヘッダ部,UN01005758,BBIE,,,,,,CI_ Trade_ Party. Global_ Identification. Identifier,,,,,,,支払先国際企業識別子,支払先の国際企業識別子。,0..1,,,,,,,,,,
205,ヘッダ部,UN01005759,BBIE,,,,,,CI_ Trade_ Party. Name. Text,,,,,,,支払先名称,支払先の企業等を表す名称。,1..1,,,,,,,,,,
206,ヘッダ部,UN01005761,ASBIE,,,,,,CI_ Trade_ Party. Defined. CI_ Trade_ Contact,,,,,,,支払先／連絡先グループ,支払先の連絡先に関するグループ,0..1,,,,,,,,,,
207,ヘッダ部,UN01005718,ABIE,,,,,,,CI_ Trade_ Contact. Details,,,,,,支払先連絡先クラス,連絡先に関する情報からなるクラス。,－,,,,,,,,,,
208,ヘッダ部,UN01005719,BBIE,,,,,,,,CI_ Trade_ Contact. Identification. Identifier,,,,,支払先部門識別子,支払先の支払先部門を表す識別子。,0..1,,,,,,,,,,
209,ヘッダ部,UN01005720,BBIE,,,,,,,,CI_ Trade_ Contact. Person Name. Text,,,,,支払先担当名,支払先個人の、文字で表現された名前。,0..1,,,,,,,,,,
210,ヘッダ部,UN01005721,BBIE,,,,,,,,CI_ Trade_ Contact. Department Name. Text,,,,,支払先部門名,支払先の請求部門の名称。,0..1,,,,,,,,,,
211,ヘッダ部,UN01005725,BBIE,,,,,,,,CI_ Trade_ Contact. Person_ Identification. Identifier,,,,,支払先担当識別子,支払先個人を表す識別子,0..1,,,,,,,,,,
212,ヘッダ部,UN01005726,ASBIE,,,,,,,,CI_ Trade_ Contact. Telephone. CI_ Universal_ Communication,,,,,連絡先／電話情報グループ,連絡先の電話に関するグループ。,0..1,,,,,,,,,,
213,ヘッダ部,UN01005857,ABIE,,,,,,,,,CI_ Universal_ Communication. Details,,,,電話通信クラス,通信（電話）に関する情報からなるクラス。,－,,,,,,,,,,
214,ヘッダ部,UN01005860,BBIE,,,,,,,,,,CI_ Universal_ Communication. Complete Number. Text,,,支払先電話番号,支払先の電話番号。,0..1,,,,,,,,,,
215,ヘッダ部,UN01005729,ASBIE,,,,,,,,CI_ Trade_ Contact. Fax. CI_ Universal_ Communication,,,,,連絡先／FAX情報グループ,連絡先のFAXに関するグループ。,0..1,,,,,,,,,,
216,ヘッダ部,UN01005857,ABIE,,,,,,,,,CI_ Universal_ Communication. Details,,,,FAX通信クラス,通信（FAX）に関する情報からなるクラス。,－,,,,,,,,,,
217,ヘッダ部,UN01005860,BBIE,,,,,,,,,,CI_ Universal_ Communication. Complete Number. Text,,,支払先FAX番号,支払先のFAX番号,0..1,,,,,,,,,,
218,ヘッダ部,UN01005730,ASBIE,,,,,,,,CI_ Trade_ Contact. Email_ URI. CI_ Universal_ Communication,,,,,連絡先／電子メール情報グループ,連絡先の電子メールに関するグループ。,0..1,,,,,,,,,,
219,ヘッダ部,UN01005857,ABIE,,,,,,,,,CI_ Universal_ Communication. Details,,,,電子メール通信クラス,通信（電子メール）に関する情報からなるクラス。,－,,,,,,,,,,
220,ヘッダ部,UN01005858,BBIE,,,,,,,,,,CI_ Universal_ Communication. URI. Identifier,,,支払先メールアドレス,支払先の電子メールアドレス。,0..1,,,,,,,,,,
221,ヘッダ部,UN01005762,ASBIE,,,,,,CI_ Trade_ Party. Postal. CI_ Trade_ Address,,,,,,,支払先／住所グループ,支払先の住所に関するグループ。,0..1,,,,,,,,,,
222,ヘッダ部,UN01005687,ABIE,,,,,,,CI_ Trade_ Address. Details,,,,,,支払先住所クラス,支払先住所に関する情報からなるクラス。,－,,,,,,,,,,
223,ヘッダ部,UN01005689,BBIE,,,,,,,,CI_ Trade_ Address. Postcode. Code,,,,,支払先郵便番号,支払先の郵便番号。,0..1,,,,,,,,,,
224,ヘッダ部,UN01005692,BBIE,,,,,,,,CI_ Trade_ Address. Line One. Text,,,,,支払先住所1,支払先の住所1行目。,0..1,,,,,,,,,,
225,ヘッダ部,UN01005693,BBIE,,,,,,,,CI_ Trade_ Address. Line Two. Text,,,,,支払先住所2,支払先の住所2行目。,0..1,,,,,,,,,,
226,ヘッダ部,UN01005694,BBIE,,,,,,,,CI_ Trade_ Address. Line Three. Text,,,,,支払先住所3,支払先の住所3行目。,0..1,,,,,,,,,,
227,ヘッダ部,UN01005700,BBIE,,,,,,,,CI_ Trade_ Address. Country. Identifier,,,,,支払先国識別子,支払先の国ID。デフォルトは「JP」,1..1,,,,,,,,,,
228,ヘッダ部,UN01005919,ASBIE,,,,CIIH_ Supply Chain_ Trade Settlement. Payer. CI_ Trade_ Party,,,,,,,,,インボイス文書決済／支払人グループ,支払人にかかわる情報,0..1,,,,,,,,,,
229,ヘッダ部,UN01005756,ABIE,,,,,CI_ Trade_ Party. Details,,,,,,,,支払人クラス,支払人に関する情報からなるクラス。,－,,,,,,,,,,
230,ヘッダ部,UN01005757,BBIE,,,,,,CI_ Trade_ Party. Identification. Identifier,,,,,,,支払人識別子,支払人の識別子。,0..1,,,,,,,,,,
231,ヘッダ部,UN01005758,BBIE,,,,,,CI_ Trade_ Party. Global_ Identification. Identifier,,,,,,,支払人国際企業識別子,支払人の国際企業識別子。,0..1,,,,,,,,,,
232,ヘッダ部,UN01005759,BBIE,,,,,,CI_ Trade_ Party. Name. Text,,,,,,,支払人名称,支払人の企業等を表す名称。,0..1,,,,,,,,,,
233,ヘッダ部,UN01005761,ASBIE,,,,,,CI_ Trade_ Party. Defined. CI_ Trade_ Contact,,,,,,,支払人／連絡先グループ,支払人の連絡先に関する情報,0..1,,,,,,,,,,
234,ヘッダ部,UN01005718,ABIE,,,,,,,CI_ Trade_ Contact. Details,,,,,,支払人連絡先クラス,連絡先に関する情報からなるクラス。,－,,,,,,,,,,
235,ヘッダ部,UN01005719,BBIE,,,,,,,,CI_ Trade_ Contact. Identification. Identifier,,,,,支払人部門識別子,支払人の支払人部門を表す識別子。,0..1,,,,,,,,,,
236,ヘッダ部,UN01005720,BBIE,,,,,,,,CI_ Trade_ Contact. Person Name. Text,,,,,支払人担当名,支払人個人の、文字で表現された名前。,0..1,,,,,,,,,,
237,ヘッダ部,UN01005721,BBIE,,,,,,,,CI_ Trade_ Contact. Department Name. Text,,,,,支払人部門名,支払人の請求部門の名称。,0..1,,,,,,,,,,
238,ヘッダ部,UN01005725,BBIE,,,,,,,,CI_ Trade_ Contact. Person_ Identification. Identifier,,,,,支払人担当識別子,支払人個人を表す識別子,0..1,,,,,,,,,,
239,ヘッダ部,UN01005726,ASBIE,,,,,,,,CI_ Trade_ Contact. Telephone. CI_ Universal_ Communication,,,,,連絡先／電話情報グループ,連絡先の電話に関するグループ。,0..1,,,,,,,,,,
240,ヘッダ部,UN01005857,ABIE,,,,,,,,,CI_ Universal_ Communication. Details,,,,電話通信クラス,通信（電話）に関する情報からなるクラス。,－,,,,,,,,,,
241,ヘッダ部,UN01005860,BBIE,,,,,,,,,,CI_ Universal_ Communication. Complete Number. Text,,,支払人電話番号,支払人の電話番号。,0..1,,,,,,,,,,
242,ヘッダ部,UN01005729,ASBIE,,,,,,,,CI_ Trade_ Contact. Fax. CI_ Universal_ Communication,,,,,連絡先／FAX情報グループ,連絡先のFAXに関するグループ。,0..1,,,,,,,,,,
243,ヘッダ部,UN01005857,ABIE,,,,,,,,,CI_ Universal_ Communication. Details,,,,FAX通信クラス,通信（FAX）に関する情報からなるクラス。,－,,,,,,,,,,
244,ヘッダ部,UN01005860,BBIE,,,,,,,,,,CI_ Universal_ Communication. Complete Number. Text,,,支払人FAX番号,支払人のFAX番号,0..1,,,,,,,,,,
245,ヘッダ部,UN01005730,ASBIE,,,,,,,,CI_ Trade_ Contact. Email_ URI. CI_ Universal_ Communication,,,,,連絡先／電子メール情報グループ,連絡先の電子メールに関するグループ。,0..1,,,,,,,,,,
246,ヘッダ部,UN01005857,ABIE,,,,,,,,,CI_ Universal_ Communication. Details,,,,電子メール通信クラス,通信（電子メール）に関する情報からなるクラス。,－,,,,,,,,,,
247,ヘッダ部,UN01005858,BBIE,,,,,,,,,,CI_ Universal_ Communication. URI. Identifier,,,支払人メールアドレス,支払人の電子メールアドレス。,0..1,,,,,,,,,,
248,ヘッダ部,UN01005762,ASBIE,,,,,,CI_ Trade_ Party. Postal. CI_ Trade_ Address,,,,,,,支払人／住所グループ,支払人の住所に関するグループ。,0..1,,,,,,,,,,
249,ヘッダ部,UN01005687,ABIE,,,,,,,CI_ Trade_ Address. Details,,,,,,支払人住所クラス,支払人住所に関する情報からなるクラス。,－,,,,,,,,,,
250,ヘッダ部,UN01005689,BBIE,,,,,,,,CI_ Trade_ Address. Postcode. Code,,,,,支払人郵便番号,支払人の郵便番号。,0..1,,,,,,,,,,
251,ヘッダ部,UN01005692,BBIE,,,,,,,,CI_ Trade_ Address. Line One. Text,,,,,支払人住所1,支払人の住所1行目。,0..1,,,,,,,,,,
252,ヘッダ部,UN01005693,BBIE,,,,,,,,CI_ Trade_ Address. Line Two. Text,,,,,支払人住所2,支払人の住所2行目。,0..1,,,,,,,,,,
253,ヘッダ部,UN01005694,BBIE,,,,,,,,CI_ Trade_ Address. Line Three. Text,,,,,支払人住所3,支払人の住所3行目。,0..1,,,,,,,,,,
254,ヘッダ部,UN01005700,BBIE,,,,,,,,CI_ Trade_ Address. Country. Identifier,,,,,支払人国識別子,支払人の国ID。デフォルトは「JP」,1..1,,,,,,,,,,
255,ヘッダ部,UN01005921,ASBIE,,,,CIIH_ Supply Chain_ Trade Settlement. Invoice_ Applicable. CI_ Trade_ Currency Exchange,,,,,,,,,インボイス文書決済／請求者為替グループ,請求に関する為替に関するグループ,0..1,,,,,,,,,,
256,ヘッダ部,UN01005738,ABIE,,,,,CI_ Trade_ Currency Exchange. Details,,,,,,,,請求為替クラス,請求為替に関する情報からなるクラス,－,,,,,,,,,,
257,ヘッダ部,UN01005739,BBIE,,,,,,CI_ Trade_ Currency Exchange. Source Currency. Code,,,,,,,為替交換元通貨コード,為替における交換元通貨を表すコード\nデフォルト＝「JPY」,0..1,,,,,,,,,,
258,ヘッダ部,UN01005741,BBIE,,,,,,CI_ Trade_ Currency Exchange. Target Currency. Code,,,,,,,為替交換先通貨コード,為替における交換先通貨を表すコード\nデフォルト＝「JPY」,0..1,,,,,,,,,,
259,ヘッダ部,UN01005744,BBIE,,,,,,CI_ Trade_ Currency Exchange. Conversion. Rate,,,,,,,為替レート,為替交換のレート,0..1,,,,,,,,,,
260,ヘッダ部,UN01005745,BBIE,,,,,,CI_ Trade_ Currency Exchange. Conversion Rate. Date Time,,,,,,,為替レート日時,為替交換レートの適用日。,0..1,,,,,,,,,,
261,ヘッダ部,UN01005922,ASBIE,,,,CIIH_ Supply Chain_ Trade Settlement. Payment_ Applicable. CI_ Trade_ Currency Exchange,,,,,,,,,インボイス文書決済／支払者為替グループ,支払いに関する為替に関するグループ,0..1,,,,,,,,,,
262,ヘッダ部,UN01005738,ABIE,,,,,CI_ Trade_ Currency Exchange. Details,,,,,,,,支払為替クラス,支払為替に関する情報からなるクラス,－,,,,,,,,,,
263,ヘッダ部,UN01005739,BBIE,,,,,,CI_ Trade_ Currency Exchange. Source Currency. Code,,,,,,,為替交換元通貨コード,為替における交換元通貨を表すコード,0..1,,,,,,,,,,
264,ヘッダ部,UN01005741,BBIE,,,,,,CI_ Trade_ Currency Exchange. Target Currency. Code,,,,,,,為替交換先通貨コード,為替における交換先通貨を表すコード,0..1,,,,,,,,,,
265,ヘッダ部,UN01005744,BBIE,,,,,,CI_ Trade_ Currency Exchange. Conversion. Rate,,,,,,,為替レート,為替交換のレート,0..1,,,,,,,,,,
266,ヘッダ部,UN01005745,BBIE,,,,,,CI_ Trade_ Currency Exchange. Conversion Rate. Date Time,,,,,,,為替レート日時,為替交換レートの適用日。,0..1,,,,,,,,,,
267,ヘッダ部,UN01005923,ASBIE,,,,CIIH_ Supply Chain_ Trade Settlement. Specified. CI_ Trade Settlement_ Payment Means,,,,,,,,,インボイス文書決済／支払手段グループ,インボイス文書決済に関する支払手段のグループ。,0..n,,,,,,,,,,
268,ヘッダ部,UN01005670,ABIE,,,,,CI_ Trade Settlement_ Payment Means. Details,,,,,,,,支払手段クラス, 取引決済の目的で支払が行われる、あるいは行われた手段のクラス,－,,,,,,,,,,
269,ヘッダ部,UN01005672,BBIE,,,,,,CI_ Trade Settlement_ Payment Means. Type. Code,,,,,,,支払手段タイプコード,取引決済手段のタイプを識別するコード,0..1,,,,,,,,,,
270,ヘッダ部,UN01011456,BBIE,,,,,,CI_ Trade Settlement_ Payment Means. Information. Text,,,,,,,支払手段情報,取引決済手段に関する情報,0..1,,,,,,,,,,
271,ヘッダ部,UN01015504,BBIE,,,,,,CI_ Trade Settlement_ Payment Means. Paid. Amount,,,,,,,支払金額,取引決済手段で支払う金額,0..1,,,,,,,,,,
272,ヘッダ部,UN01005677,ASBIE,,,,,,CI_ Trade Settlement_ Payment Means. Payee_ Party. CI_ Creditor_ Financial Account,,,,,,,支払手段／金融口座グループ,取引決済の支払手段に関する受取人である当事者の債権者金融口座のグループ,0..1,,,,,,,,,,
273,ヘッダ部,UN01005398,ABIE,,,,,,,CI_ Creditor_ Financial Account. Details,,,,,,金融口座クラス,債権者の銀行口座のクラス,－,,,,,,,,,,
274,ヘッダ部,UN01005400,BBIE,,,,,,,,CI_ Creditor_ Financial Account. Account Name. Text,,,,,口座名義,債権者金融口座の、文字で表現された口座名。\n半角カナ（日本の場合）,0..1,,,,,,,,,,
275,ヘッダ部,UN01005401,BBIE,,,,,,,,CI_ Creditor_ Financial Account. Proprietary_ Identification. Identifier,,,,,口座番号,債権者金融口座の一意の所有者識別子。,0..1,,,,,,,,,,
276,ヘッダ部,UN01012127,BBIE,,,,,,,,CI_ Creditor_ Financial Account. Type. Code,,,,,口座種別コード,債権者金融口座種別の識別子。,0..1,,,,,,,,,,
277,ヘッダ部,UN01005679,ASBIE,,,,,,CI_ Trade Settlement_ Payment Means. Payee_ Specified. CI_ Creditor_ Financial Institution,,,,,,,支払手段／金融機関グループ,取引決済の支払手段に対して特定された受取人である当事者の債権者金融機関のグループ,0..1,,,,,,,,,,
278,ヘッダ部,UN01005402,ABIE,,,,,,,CI_ Creditor_ Financial Institution. Details,,,,,,金融機関クラス,金額を受け取る当事者の銀行、住宅金融組合、信用金庫、証券会社、あるいはそれと類似の事業機関。,－,,,,,,,,,,
279,ヘッダ部,UN01005426,BBIE,,,,,,,,CI_ Creditor_ Financial Institution. Name. Text,,,,,金融機関名,債権者金融機関の、文字で表現された名前。,0..1,,,,,,,,,,
280,ヘッダ部,UN01011521,BBIE,,,,,,,,CI_ Creditor_ Financial Institution. Japan Financial Institution Common_ Identification. Identifier,,,,,金融機関番号,債権者の金融機関番号（日本の場合）,0..1,,,,,,,,,,
281,ヘッダ部,UN01005428,ASBIE,,,,,,,,CI_ Creditor_ Financial Institution. Sub-Division. Branch_ Financial Institution,,,,,金融機関／金融機関支店グループ,債権者金融機関の支店金融機関グループ,0..1,,,,,,,,,,
282,ヘッダ部,UN01003138,ABIE,,,,,,,,,Branch_ Financial Institution. Details,,,,金融機関支店クラス,銀行、住宅金融組合、信用金庫、証券会社、あるいはそれと類似の事業の部門のクラス。主に金融サービスと金融取引を提供するために設立された機関の支店。,－,,,,,,,,,,
283,ヘッダ部,UN01003139,BBIE,,,,,,,,,,Branch_ Financial Institution. Identification. Identifier,,,金融機関支店番号,金融機関のこの支店の一意識別子,0..1,,,,,,,,,,
284,ヘッダ部,UN01003140,BBIE,,,,,,,,,,Branch_ Financial Institution. Name. Text,,,金融機関支店名,金融機関のこの支店の、文字で表現された名前,0..1,,,,,,,,,,
285,ヘッダ部,UN01006057,ASBIE,,,,,,CI_ Trade Settlement_ Payment Means. Applicable. Trade Settlement_ Financial Card,,,,,,,支払手段／金融カードグループ,支払手段の金融カードに関するグループ,0..1,,,,,,,,,,
286,ヘッダ部,UN01004493,ABIE,,,,,,,Trade Settlement_ Financial Card. Details,,,,,,金融カードクラス,支払人の金融カードのクラス,－,,,,,,,,,,
287,ヘッダ部,UN01004495,BBIE,,,,,,,,Trade Settlement_ Financial Card. Identification. Identifier,,,,,金融カード番号,支払人の金融カード番号,1..1,,,,,,,,,,
288,ヘッダ部,UN01004496,BBIE,,,,,,,,Trade Settlement_ Financial Card. Type. Code,,,,,金融カードタイプ,金融カードのタイプ,0..1,,,,,,,,,,
289,ヘッダ部,UN01004497,BBIE,,,,,,,,Trade Settlement_ Financial Card. Cardholder Name. Text,,,,,金融カード名義人名,支払人の金融カード名義人名,1..1,,,,,,,,,,
290,ヘッダ部,UN01009966,BBIE,,,,,,,,Trade Settlement_ Financial Card. Issuing Company Name. Text,,,,,金融カード発行企業名,金融カードの発行企業名,0..1,,,,,,,,,,
291,ヘッダ部,UN01005924,ASBIE,,,,CIIH_ Supply Chain_ Trade Settlement. Applicable. CI_ Trade_ Tax,,,,,,,,,インボイス文書決済／鏡ヘッダ税グループ,インボイス文書の鏡ヘッダの税に関するグループ,0..n,,,,,,,,,,
292,ヘッダ部,UN01005832,ABIE,,,,,CI_ Trade_ Tax. Details,,,,,,,,鑑ヘッダ税クラス,鑑ヘッダの税に関する情報からなるクラス,－,,,,,,,,,,
293,ヘッダ部,UN01005833,BBIE,,,,,,CI_ Trade_ Tax. Calculated. Amount,,,,,,,鑑ヘッダ課税分類税額,鏡ヘッダの明細文書課税分類別税額の合計金\n鑑ヘッダでは複数明細文書税額の積み上げだけを行い、税額計算は行わない,0..1,,,,,,,,,,
294,ヘッダ部,UN01005841,BBIE,,,,,,CI_ Trade_ Tax. Category. Code,,,,,,,鑑ヘッダ課税分類コード,消費税の課税分類（標準税率、軽減税率、非課税、免税等）を識別するコード,0..1,,,,,,,,,,
295,ヘッダ部,UN01005850,BBIE,,,,,,CI_ Trade_ Tax. Category Name. Text,,,,,,,鑑ヘッダ課税分類名,消費税の課税分類（標準税率、軽減税率、非課税、免税等）の名称,0..1,,,,,,,,,,
296,ヘッダ部,UN01007174,BBIE,,,,,,CI_ Trade_ Tax. Rate_ Applicable. Percent,,,,,,,鑑ヘッダ税率,明細文書の課税分類毎の税額積み上げ計算のための率。,0..1,,,,,,,,,,
297,ヘッダ部,UN01013096,BBIE,,,,,,CI_ Trade_ Tax. Calculation Method. Code,,,,,,,鑑ヘッダ税計算方式,金額の税込み、税抜きを指定。\nデフォルトは「税抜き」,0..1,,,,,,,,,,
298,ヘッダ部,UN01014650,BBIE,,,,,,CI_ Trade_ Tax. Local Tax System. Identifier,,,,,,,鑑ヘッダ適用税制識別子,取引の税制年度を識別するID\nデフォルトは「2019」（2019年度税制）,0..1,,,,,,,,,,
299,ヘッダ部,UN01005925,ASBIE,,,,CIIH_ Supply Chain_ Trade Settlement. Billing. CI_ Specified_ Period,,,,,,,,,インボイス文書決済／鑑ヘッダ取引期間グループ,インボイス文書の取引期間に関するグループ,0..1,,,,,,,,,,
300,ヘッダ部,UN01005608,ABIE,,,,,CI_ Specified_ Period. Details,,,,,,,,鑑ヘッダ取引期間クラス,鑑ヘッダ取引期間に関する情報からなるクラス,－,,,,,,,,,,
301,ヘッダ部,UN01005612,BBIE,,,,,,CI_ Specified_ Period. Start. Date Time,,,,,,,鑑ヘッダ取引開始日,インボイス文書の取引開始日,1..1,,,,,,,,,,
302,ヘッダ部,UN01005613,BBIE,,,,,,CI_ Specified_ Period. End. Date Time,,,,,,,鑑ヘッダ取引終了日,インボイス文書の取引終了日,1..1,,,,,,,,,,
303,ヘッダ部,UN01005929,ASBIE,,,,CIIH_ Supply Chain_ Trade Settlement. Specified. CI_ Trade_ Payment Terms,,,,,,,,,インボイス文書決済／支払条件グループ,インボイス文書の支払条件に関するグループ,0..n,,,,,,,,,,
304,ヘッダ部,UN01005779,ABIE,,,,,CI_ Trade_ Payment Terms. Details,,,,,,,,支払条件クラス, 取引決済の目的で支払が行われる、あるいは行われた条件のクラス,－,,,,,,,,,,
305,ヘッダ部,UN01005780,BBIE,,,,,,CI_ Trade_ Payment Terms. Identification. Identifier,,,,,,,支払条件識別子,支払条件の識別子,0..1,,,,,,,,,,
306,ヘッダ部,UN01005783,BBIE,,,,,,CI_ Trade_ Payment Terms. Description. Text,,,,,,,支払条件説明,支払条件の文字による説明,0..1,,,,,,,,,,
307,ヘッダ部,UN01005784,BBIE,,,,,,CI_ Trade_ Payment Terms. Due Date. Date Time,,,,,,,支払期日,支払条件で示された支払期日,0..1,,,,,,,,,,
308,ヘッダ部,UN01008502,BBIE,,,,,,CI_ Trade_ Payment Terms. Type. Code,,,,,,,支払条件タイプコード,取引決済の支払条件のタイプを識別するコード,0..1,,,,,,,,,,
309,ヘッダ部,JPS2300010,BBIE,,,,,,CI_ Trade_ Payment Terms. Instructed. Amount,,,,,,,支払条件金額,支払条件の金額,0..1,,,,,,,,,,
310,ヘッダ部,UN01005930,ASBIE,,,,CIIH_ Supply Chain_ Trade Settlement. Specified. CIIH_ Trade Settlement_ Monetary Summation,,,,,,,,,インボイス文書決済／インボイス文書合計金額グループ,インボイス文書の合計金額に関するグループ,0..1,,,,,,,,,,
311,ヘッダ部,UN01005941,ABIE,,,,,CIIH_ Trade Settlement_ Monetary Summation. Details,,,,,,,,インボイス文書合計金額クラス,インボイス文書合計金額に関する情報からなるクラス,－,,,,,,,,,,
312,ヘッダ部,UN01005945,BBIE,,,,,,CIIH_ Trade Settlement_ Monetary Summation. Tax Basis Total. Amount,,,,,,,インボイス文書総合計金額（税抜き）,インボイス文書の総合計金額（税抜き）＝\n鑑ヘッダ譲渡資産合計金額（税抜き）＋未決済総合計金額,0..1,,,,,,,,,,
313,ヘッダ部,UN01005946,BBIE,,,,,,CIIH_ Trade Settlement_ Monetary Summation. Tax Total. Amount,,,,,,,鑑ヘッダ総合計税額,鑑ヘッダ課税分類税額の総合計税額,0..1,,,,,,,,,,
314,ヘッダ部,UN01005948,BBIE,,,,,,CIIH_ Trade Settlement_ Monetary Summation. Grand Total. Amount,,,,,,,インボイス文書総合計金額（税込み）,インボイス文書総合計金額（税込み）\n＝鑑ヘッダ譲渡資産合計金額（税込み）+未決済総合計金額,0..1,,,,,,,,,,
315,ヘッダ部,UN01005950,BBIE,,,,,,CIIH_ Trade Settlement_ Monetary Summation. Total Prepaid. Amount,,,,,,,前払金額,インボイス文書総合計金額のうち、すでに前払いで支払済合計金額\n前払いユースケースでは必須,0..1,,,,,,,,,,
316,ヘッダ部,UN01008445,BBIE,,,,,,CIIH_ Trade Settlement_ Monetary Summation. Due Payable. Amount,,,,,,,支払責務金額総合計,前払いユースケースの支払責務金額＝\n,0..1,,,,,,,,,,
317,ヘッダ部,UN01008451,BBIE,,,,,,CIIH_ Trade Settlement_ Monetary Summation. Net_ Line Total. Amount,,,,,,,鑑ヘッダ譲渡資産合計金額(税抜き),鑑ヘッダ譲渡資産金額総合計金額（税抜き）＝∑文書ヘッダ課税分類譲渡資産合計金額（税抜き）,0..1,,,,,,,,,,
318,ヘッダ部,UN01013091,BBIE,,,,,,CIIH_ Trade Settlement_ Monetary Summation. Including Taxes_ Line Total. Amount,,,,,,,鑑ヘッダ譲渡資産合計金額(税込み),鑑ヘッダ譲渡資産金額総合計金額（税込み）＝∑文書ヘッダ課税分類譲渡資産合計金額（税込み）,0..1,,,,,,,,,,
319,ヘッダ部,UN01005931,ASBIE,,,,CIIH_ Supply Chain_ Trade Settlement. Specified. CI_ Financial_ Adjustment,,,,,,,,,インボイス文書決済／鑑ヘッダ調整グループ,インボイス文書の鑑ヘッダ調整に関するグループ,0..n,,,,,,,,,,
320,ヘッダ部,UN01005487,ABIE,,,,,CI_ Financial_ Adjustment. Details,,,,,,,,鑑ヘッダ調整クラス,鑑ヘッダ調整に関する情報からなるクラス,－,,,,,,,,,,
321,ヘッダ部,UN01005488,BBIE,,,,,,CI_ Financial_ Adjustment. Reason. Code,,,,,,,鑑ヘッダ調整理由コード,鑑ヘッダ調整金額の内容を識別するコード,0..1,,,,,,,,,,
322,ヘッダ部,UN01005489,BBIE,,,,,,CI_ Financial_ Adjustment. Reason. Text,,,,,,,鑑ヘッダ調整理由,鑑ヘッダ調整の内容説明,0..1,,,,,,,,,,
323,ヘッダ部,UN01005490,BBIE,,,,,,CI_ Financial_ Adjustment. Actual. Amount,,,,,,,鑑ヘッダ調整金額,鑑ヘッダ調整金額\n'＝（修正インボイス金額ー誤りインボイス金額）\n調整ユースケースでは必須,1..1,,,,,,,,,,
324,ヘッダ部,UN01014649,BBIE,,,,,,CI_ Financial_ Adjustment. Direction. Code,,,,,,,鑑ヘッダ調整取引方向コード,鑑ヘッダ調整額、鑑ヘッダ調整税額の＋ーを識別するコード\n調整ユースケースでは必須,1..1,,,,,,,,,,
325,ヘッダ部,UN01009671,ASBIE,,,,,,CI_ Financial_ Adjustment. Invoice_ Reference. CI_ Referenced_ Document,,,,,,,インボイス文書調整／参照文書グループ,インボイス文書の調整でインボイス文書が参照する文書に関するグループ,0..1,,,,,,,,,,
326,ヘッダ部,UN01005579,ABIE,,,,,,,CI_ Referenced_ Document. Details,,,,,,インボイス参照文書クラス,この調整でインボイス文書が参照する文書のクラス,－,,,,,,,,,,
327,ヘッダ部,UN01005580,BBIE,,,,,,,,CI_ Referenced_ Document. Issuer Assigned_ Identification. Identifier,,,,,インボイス参照文書番号,この調整でインボイス文書が参照する文書に記載の文書番号,1..1,,,,,,,,,,
328,ヘッダ部,UN01005582,BBIE,,,,,,,,CI_ Referenced_ Document. Issue. Date Time,,,,,インボイス参照文書発行日,この調整でインボイスが参照する文書に記載の発行日付,0..1,,,,,,,,,,
329,ヘッダ部,UN01005586,BBIE,,,,,,,,CI_ Referenced_ Document. Reference_ Type. Code,,,,,インボイス文書参照文書参照タイプコード,この調整で参照する前回インボイス文書の参照タイプに関するコード＝OI  (Previous invoice number),1..1,,,,,,,,,,
330,ヘッダ部,UN01005588,BBIE,,,,,,,,CI_ Referenced_ Document. Revision_ Identification. Identifier,,,,,インボイス参照文書履歴番号,この調整でインボイスが参照する文書の変更履歴を管理する番号。,0..1,,,,,,,,,,
331,ヘッダ部,UN01009672,BBIE,,,,,,,,CI_ Referenced_ Document. Type. Code,,,,,インボイス参照文書タイプコード,この調整でインボイス文書が参照する文書のタイプを識別するコード,0..1,,,,,,,,,,
332,ヘッダ部,UN01014899,BBIE,,,,,,,,CI_ Referenced_ Document. Subtype. Code,,,,,インボイス参照文書サブタイプコード,この調整で修正インボイス文書が参照する文書のサブタイプを識別するコード,0..1,,,,,,,,,,
333,ヘッダ部,UN01014897,ASBIE,,,,,,CI_ Financial_ Adjustment. Related. CI_ Trade_ Tax,,,,,,,文書調整／鑑ヘッダ調整税グループ,インボイス文書調整の鑑ヘッダ調整税クラスに関するグループ,0..n,,,,,,,,,,
334,ヘッダ部,UN01005832,ABIE,,,,,,,CI_ Trade_ Tax. Details,,,,,,鑑ヘッダ調整税クラス,鑑ヘッダ調整の税クラス,－,,,,,,,,,,
335,ヘッダ部,UN01005833,BBIE,,,,,,,,CI_ Trade_ Tax. Calculated. Amount,,,,,鑑ヘッダ調整税額,鑑ヘッダの調整税額\n＝修正インボイス税額ー誤りインボイス税額,1..1,,,,,,,,,,
336,ヘッダ部,UN01005836,BBIE,,,,,,,,CI_ Trade_ Tax. Calculated. Rate,,,,,鑑ヘッダ調整税率,鑑ヘッダ調整の税率,1..1,,,,,,,,,,
337,ヘッダ部,UN01005841,BBIE,,,,,,,,CI_ Trade_ Tax. Category. Code,,,,,鑑ヘッダ調整課税分類コード,鑑ヘッダ調整の課税分類コード,1..1,,,,,,,,,,
338,ヘッダ部,UN01008773,ASBIE,,,,CIIH_ Supply Chain_ Trade Settlement. Specified. Advance_ Payment,,,,,,,,,インボイス文書決済／前払グループ,前払に関するグループ,0..n,,,,,,,,,,
339,ヘッダ部,UN01001295,ABIE,,,,,Advance_ Payment. Details,,,,,,,,前払クラス,前払に関するクラス,－,,,,,,,,,,
340,ヘッダ部,UN01001296,BBIE,,,,,,Advance_ Payment. Paid. Amount,,,,,,,前払金額,前払の金額,0..1,,,,,,,,,,
341,ヘッダ部,UN01001297,BBIE,,,,,,Advance_ Payment. Received. Date Time,,,,,,,前払受領日,前払金額の受領日,0..1,,,,,,,,,,
342,ヘッダ部,JPS2300002,BBIE,,,,,,Advance_ Payment. Identification . Identifier,,,,,,,前払識別子,前払者が付与した前払識別子,0..1,,,,,,,,,,
343,ヘッダ部,JPS2300003,ASBIE,,,,,,Advance_ Payment. Identified. CI_ Trade_ Payment Terms,,,,,,,前払／支払条件グループ,前払の支払条件に関するグループ,0..1,,,,,,,,,,
344,ヘッダ部,UN01005779,ABIE,,,,,,,CI_ Trade_ Payment Terms. Details,,,,,,前払支払条件クラス,前払い支払条件のクラス,－,,,,,,,,,,
345,ヘッダ部,UN01008502,BBIE,,,,,,,,CI_ Trade_ Payment Terms. Type. Code,,,,,前払条件タイプコード,前払い支払条件のタイプを指定するコード,0..1,,,,,,,,,,
346,ヘッダ部,UN01015492,ASBIE,,,,CIIH_ Supply Chain_ Trade Settlement. Outstanding_ Specified. CIIH_ Trade Settlement_ Monetary Summation,,,,,,,,,インボイス文書決済／未決済合計金額グループ,未決済合計金額に関するグループ,0..1,,,,,,,,,,
347,ヘッダ部,UN01005941,ABIE,,,,,CIIH_ Trade Settlement_ Monetary Summation. Details,,,,,,,,未決済合計金額クラス,未決済合計金額（消費税対象外）に関する情報からなるクラス,－,,,,,,,,,,
348,ヘッダ部,UN01005943,BBIE,,,,,,CIIH_ Trade Settlement_ Monetary Summation. Charge Total. Amount,,,,,,,追加請求合計金額（消費税対象外）,消費税が関係しない追加請求合計金額。立替金等。\n（課税分類コード＝Ｏの取引）,0..1,,,,,,,,,,
349,ヘッダ部,UN01005944,BBIE,,,,,,CIIH_ Trade Settlement_ Monetary Summation. Allowance Total. Amount,,,,,,,返金合計金額（消費税対象外）,消費税が関係しない返金合計金額。立替返金等。\n（課税分類コード＝Ｏの取引）,0..1,,,,,,,,,,
350,ヘッダ部,UN01005948,BBIE,,,,,,CIIH_ Trade Settlement_ Monetary Summation. Grand Total. Amount,,,,,,,前回インボイス総合計金額（税込み）,前回インボイス文書の総合計金額（税込み）,1..1,,,,,,,,,,
351,ヘッダ部,UN01005950,BBIE,,,,,,CIIH_ Trade Settlement_ Monetary Summation. Total Prepaid. Amount,,,,,,,入金済金額（前回インボイス分）,前回インボイス文書総合計金額のうち、入金済合計金額,1..1,,,,,,,,,,
352,ヘッダ部,UN01008445,BBIE,,,,,,CIIH_ Trade Settlement_ Monetary Summation. Due Payable. Amount,,,,,,,未決済総合計金額,未決済総合計金額＝\n前回インボイス総合計金額（税込み）ー入金済金額(前回インボイス分)＋追加請求合計額（消費税対象外）ー返金合計額（消費税対象外）,0..1,,,,,,,,,,
353,ヘッダ部,UN01015493,ASBIE,,,,,,CIIH_ Trade Settlement_ Monetary Summation. Specified. CI_ Referenced_ Document,,,,,,,未決済合計金額／参照文書グループ,未決済合計金額が参照する文書に関するグループ,0..n,,,,,,,,,,
354,ヘッダ部,UN01005579,ABIE,,,,,,,CI_ Referenced_ Document. Details,,,,,,未決済参照文書クラス,未決済合計金額が参照する文書のクラス,－,,,,,,,,,,
355,ヘッダ部,UN01005580,BBIE,,,,,,,,CI_ Referenced_ Document. Issuer Assigned_ Identification. Identifier,,,,,未決済参照文書番号,未決済合計金額が参照する文書に記載の文書番号,1..1,,,,,,,,,,
356,ヘッダ部,UN01005582,BBIE,,,,,,,,CI_ Referenced_ Document. Issue. Date Time,,,,,未決済参照文書発行日,未決済合計金額が参照する文書に記載の発行日付,0..1,,,,,,,,,,
357,ヘッダ部,UN01005586,BBIE,,,,,,,,CI_ Referenced_ Document. Reference_ Type. Code,,,,,未決済参照インボイス文書参照タイプコード,未決済合計金額が参照する文書を識別するコード。\n属性＝「OI」Previous invoice number,0..1,,,,,,,,,,
358,ヘッダ部,UN01005588,BBIE,,,,,,,,CI_ Referenced_ Document. Revision_ Identification. Identifier,,,,,未決済参照文書履歴番号,未決済合計金額が参照する文書の変更履歴を管理する番号。,0..1,,,,,,,,,,
359,ヘッダ部,UN01006415,BBIE,,,,,,,,CI_ Referenced_ Document. Information. Text,,,,,未決済参照文書情報,未決済合計金額が参照する文書に関する情報,0..1,,,,,,,,,,
360,ヘッダ部,UN01009672,BBIE,,,,,,,,CI_ Referenced_ Document. Type. Code,,,,,未決済参照文書タイプコード,未決済合計金額が参照する文書のタイプを識別するコード,1..1,,,,,,,,,,
361,ヘッダ部,UN01011455,BBIE,,,,,,,,CI_ Referenced_ Document. Attachment. Binary Object,,,,,未決済参照文書添付ファイル,未決済合計金額の添付バイナリファイルの有無を識別するコード\nなしの場合はNULL（デファクト）\nありの場合は鑑ヘッダの添付バイナリファイル識別子（UN01006015）を指定する。,0..1,,,,,,,,,,
362,ヘッダ部,UN01014899,BBIE,,,,,,,,CI_ Referenced_ Document. Subtype. Code,,,,,未決済参照文書サブタイプコード,未決済合計金額が参照する文書のサブタイプを識別するコード,0..1,,,,,,,,,,
363,ヘッダ部,UN01005940,ASBIE,,CIIH_ Supply Chain_ Trade Transaction. Included. CIIL_ Supply Chain_ Trade Line Item,,,,,,,,,,,統合文書取引／明細文書行グループ,統合請求（区分３請求）で複数の文書を統合する場合に、統合する複数の文書を明細文書行として識別するグループ。\n\n単一請求（区分」請求、区分2請求）の場合はこのグループは明細文書番号＝１のみを利用する,1..n,,,,,,,,,,
364,ヘッダ部,UN01005988,ABIE,,,CIIL_ Supply Chain_ Trade Line Item. Details,,,,,,,,,,明細文書行クラス,統合文書へ統合される明細文書行のクラス,－,,,,,,,,,,
365,ヘッダ部,UN01005989,ASBIE,,,,CIIL_ Supply Chain_ Trade Line Item. Associated. CIIL_ Document Line_ Document,,,,,,,,,明細文書行／明細文書グループ,統合文書の明細文書行を構成する明細文書に関するグループ。,1..1,,,,,,,,,,
366,ヘッダ部,UN01005953,ABIE,,,,,CIIL_ Document Line_ Document. Details,,,,,,,,明細文書クラス,統合文書に統合される明細文書に関する情報からなるクラス。,－,,,,,,,,,,
367,ヘッダ部,UN01005954,BBIE,,,,,,CIIL_ Document Line_ Document. Line. Identifier,,,,,,,明細文書番号,この統合文書に統合する複数の明細文書を特定し、識別するために付与した番号。\nデフォルトは「１」\n単一文書（区分1請求、区分２請求）の場合は非公開とし、EDIプロバイダが「１」をセットする。,1..1,,,,,,,,,,
368,ヘッダ部,UN01014645,BBIE,,,,,,CIIL_ Document Line_ Document. Category. Code,,,,,,,明細文書類型コード,この明細文書の取引類型（資産譲渡、補完、返金・追加請求、相殺、調整、参照等）を識別するコード。\nデフォルトは資産譲渡,1..1,,,,,,,,,,
369,ヘッダ部,UN01005957,ASBIE,,,,,,CIIL_ Document Line_ Document. Included. CI_ Note,,,,,,,文書ヘッダ／注釈グループ,文書ヘッダの注釈に関するグループ,0..n,,,,,,,,,,
370,ヘッダ部,UN01005557,ABIE,,,,,,,CI_ Note. Details,,,,,,文書ヘッダ注釈クラス,文書ヘッダの注釈を記述するクラス, -,,,,,,,,,,
371,ヘッダ部,UN01005558,BBIE,,,,,,,,CI_ Note. Subject. Text,,,,,文書ヘッダ注釈表題,文書ヘッダの注釈内容の表題を示す。,0..1,,,,,,,,,,
372,ヘッダ部,UN01005560,BBIE,,,,,,,,CI_ Note. Content. Text,,,,,文書ヘッダ注釈内容,文書ヘッダの注釈表題毎の内容情報を入力するフリースペース。,0..1,,,,,,,,,,
373,ヘッダ部,UN01005562,BBIE,,,,,,,,CI_ Note. Identification. Identifier,,,,,文書ヘッダ注釈識別子,文書ヘッダ注釈の識別番号,0..1,,,,,,,,,,
374,ヘッダ部,UN01014895,ASBIE,,,,,,CIIL_ Document Line_ Document. Reference. CI_ Referenced_ Document,,,,,,,明細文書／統合文書ヘッダグループ,この統合文書が統合する明細文書に関するグループ。\n文書タイプが「統合文書」を指定する場合にこのグループは必須。「単一請求」の場合はこのクラスは実装しない。,0..1,,,,,,,,,,
375,ヘッダ部,UN01005579,ABIE,,,,,,,CI_ Referenced_ Document. Details,,,,,,明細統合文書クラス,この統合文書が統合する明細文書に関する情報からなるクラス, -,,,,,,,,,,
376,ヘッダ部,UN01005580,BBIE,,,,,,,,CI_ Referenced_ Document. Issuer Assigned_ Identification. Identifier,,,,,統合明細文書番号,この統合文書が統合する明細文書の文書番号,1..1,,,,,,,,,,
377,ヘッダ部,UN01005582,BBIE,,,,,,,,CI_ Referenced_ Document. Issue. Date Time,,,,,統合明細文書発行日,この統合文書が統合する明細文書の発行日,0..1,,,,,,,,,,
378,ヘッダ部,UN01005588,BBIE,,,,,,,,CI_ Referenced_ Document. Revision_ Identification. Identifier,,,,,統合明細文書履歴番号,この統合文書が統合する明細文書の変更履歴を管理する番号。,0..1,,,,,,,,,,
379,ヘッダ部,UN01009672,BBIE,,,,,,,,CI_ Referenced_ Document. Type. Code,,,,,統合明細文書タイプコード,この統合文書が統合する明細文書の文書タイプを識別するコード,1..1,,,,,,,,,,
380,ヘッダ部,UN01014899,BBIE,,,,,,,,CI_ Referenced_ Document. Subtype. Code,,,,,統合明細文書サブタイプコード,この統合文書が統合する明細文書の文書サブタイプを識別するコード,1..1,,,,,,,,,,
381,ヘッダ部,UN01005990,ASBIE,,,,CIIL_ Supply Chain_ Trade Line Item. Specified. CIIL_ Supply Chain_ Trade Agreement,,,,,,,,,文書ヘッダ／契約グループ,文書ヘッダの契約に関するグループ。,0..1,,,,,,,,,,
382,ヘッダ部,UN01005958,ABIE,,,,,CIIL_ Supply Chain_ Trade Agreement. Details,,,,,,,,文書ヘッダ契約クラス,文書ヘッダの契約に関する情報からなるクラス。,－,,,,,,,,,,
383,ヘッダ部,UN01005960,ASBIE,,,,,,CIIL_ Supply Chain_ Trade Agreement. Seller Order_ Referenced. CI_ Referenced_ Document,,,,,,,文書ヘッダ契約／参照受注書グループ,文書ヘッダが参照する受注書に関するグループ。,0..1,,,,,,,,,,
384,ヘッダ部,UN01005579,ABIE,,,,,,,CI_ Referenced_ Document. Details,,,,,,（文書ヘッダ参照）受注書クラス,文書ヘッダ契約が参照する受注書に関する情報からなるクラス。,－,,,,,,,,,,
385,ヘッダ部,UN01005580,BBIE,,,,,,,,CI_ Referenced_ Document. Issuer Assigned_ Identification. Identifier,,,,,（文書ヘッダ参照）受注書番号,この文書ヘッダが参照する受注書に記載の文書番号,0..1,,,,,,,,,,
386,ヘッダ部,UN01005588,BBIE,,,,,,,,CI_ Referenced_ Document. Revision_ Identification. Identifier,,,,,（文書ヘッダ参照）受注書履歴番号,この文書ヘッダが参照する受注書の変更履歴を管理する番号。,0..1,,,,,,,,,,
387,ヘッダ部,UN01005961,ASBIE,,,,,,CIIL_ Supply Chain_ Trade Agreement. Buyer Order_ Referenced. CI_ Referenced_ Document,,,,,,,文書ヘッダ契約／参照注文書グループ,文書ヘッダが参照する注文書に関するグループ。,0..1,,,,,,,,,,
388,ヘッダ部,UN01005579,ABIE,,,,,,,CI_ Referenced_ Document. Details,,,,,,（文書ヘッダ参照）注文書クラス,文書ヘッダが参照する注文書に関する情報からなるクラス。,－,,,,,,,,,,
389,ヘッダ部,UN01005580,BBIE,,,,,,,,CI_ Referenced_ Document. Issuer Assigned_ Identification. Identifier,,,,,（文書ヘッダ参照）注文書番号,この文書ヘッダが参照する注文書に記載の文書番号。注文履歴番号(枝番)を利用している場合は「注文番号＋注文履歴番号」に変換する,0..1,,,,,,,,,,
390,ヘッダ部,UN01005588,BBIE,,,,,,,,CI_ Referenced_ Document. Revision_ Identification. Identifier,,,,,（文書ヘッダ参照）注文書履歴番号,この文書ヘッダが参照する注文書の変更履歴を管理する番号。,0..1,,,,,,,,,,
391,ヘッダ部,UN01005963,ASBIE,,,,,,CIIL_ Supply Chain_ Trade Agreement. Contract_ Referenced. CI_ Referenced_ Document,,,,,,,文書ヘッダ契約／参照契約書グループ,文書ヘッダが参照する契約書に関するグループ。,0..1,,,,,,,,,,
392,ヘッダ部,UN01005579,ABIE,,,,,,,CI_ Referenced_ Document. Details,,,,,,（文書ヘッダ参照）契約文書クラス,文書ヘッダが参照する契約文書に関る情報からなるクラス。,－,,,,,,,,,,
393,ヘッダ部,UN01005580,BBIE,,,,,,,,CI_ Referenced_ Document. Issuer Assigned_ Identification. Identifier,,,,,（文書ヘッダ参照）契約文書番号,この文書ヘッダが参照する契約書に記載の文書番号,0..1,,,,,,,,,,
394,ヘッダ部,UN01005588,BBIE,,,,,,,,CI_ Referenced_ Document. Revision_ Identification. Identifier,,,,,（文書ヘッダ参照）契約書履歴番号,この文書が参照する契約書の変更履歴を管理する番号。,0..1,,,,,,,,,,
395,ヘッダ部,UN01005991,ASBIE,,,,CIIL_ Supply Chain_ Trade Line Item. Specified. CIIL_ Supply Chain_ Trade Delivery,,,,,,,,,文書ヘッダ／配送グループ,文書ヘッダの配送に関する情報からなるグループ。,0..1,,,,,,,,,,
396,ヘッダ部,UN01005968,ABIE,,,,,CIIL_ Supply Chain_ Trade Delivery. Details,,,,,,,,文書ヘッダ配送クラス,文書ヘッダの配送に関する情報からなるクラス。,－,,,,,,,,,,
397,ヘッダ部,UN01005980,ASBIE,,,,,,CIIL_ Supply Chain_ Trade Delivery. Ship To. CI_ Trade_ Party,,,,,,,文書ヘッダ配送／納入先グループ,この文書ヘッダの納入先に関するグループ,0..1,,,,,,,,,,
398,ヘッダ部,UN01005756,ABIE,,,,,,,CI_ Trade_ Party. Details,,,,,,納入先クラス,納入先に関する情報からなるクラス。,－,,,,,,,,,,
399,ヘッダ部,UN01005757,BBIE,,,,,,,,CI_ Trade_ Party. Identification. Identifier,,,,,納入先識別子,納入先の企業/工場・事業所・事業部門等を表す発注者が付与した識別子。,0..1,,,,,,,,,,
400,ヘッダ部,UN01005758,BBIE,,,,,,,,CI_ Trade_ Party. Global_ Identification. Identifier,,,,,納入先国際企業識別子,納入先企業を表す国際企業識別子。,0..1,,,,,,,,,,
401,ヘッダ部,UN01005759,BBIE,,,,,,,,CI_ Trade_ Party. Name. Text,,,,,納入先名称,納入先の企業/工場・事業所・事業部門等の名称,0..1,,,,,,,,,,
402,ヘッダ部,UN01005762,ASBIE,,,,,,,,CI_ Trade_ Party. Postal. CI_ Trade_ Address,,,,,納入先／住所グループ,納入先企業の住所情報に関するグループ。,0..1,,,,,,,,,,
403,ヘッダ部,UN01005687,ABIE,,,,,,,,,CI_ Trade_ Address. Details,,,,納入先住所クラス,住所に関する情報からなるクラス。,－,,,,,,,,,,
404,ヘッダ部,UN01005689,BBIE,,,,,,,,,,CI_ Trade_ Address. Postcode. Code,,,納入先郵便番号,納入先の郵便番号,0..1,,,,,,,,,,
405,ヘッダ部,UN01005692,BBIE,,,,,,,,,,CI_ Trade_ Address. Line One. Text,,,納入先住所1,納入先の住所1行目,0..1,,,,,,,,,,
406,ヘッダ部,UN01005693,BBIE,,,,,,,,,,CI_ Trade_ Address. Line Two. Text,,,納入先住所2,納入先の住所2行目。,0..1,,,,,,,,,,
407,ヘッダ部,UN01005694,BBIE,,,,,,,,,,CI_ Trade_ Address. Line Three. Text,,,納入先住所3,納入先の住所3行目。,0..1,,,,,,,,,,
408,ヘッダ部,UN01005700,BBIE,,,,,,,,,,CI_ Trade_ Address. Country. Identifier,,,納入先国識別子,納入先の国ID。デフォルトは「JP」,1..1,,,,,,,,,,
409,ヘッダ部,UN01005986,ASBIE,,,,,,CIIL_ Supply Chain_ Trade Delivery. Actual_ Delivery. CI_ Supply Chain_ Event,,,,,,,文書ヘッダ配送／イベントグループ,この文書ヘッダの発送イベントのグループ,0..1,,,,,,,,,,
410,ヘッダ部,UN01005626,ABIE,,,,,,,CI_ Supply Chain_ Event. Details,,,,,,イベントクラス,配送にかかわるイベントのクラス,－,,,,,,,,,,
411,ヘッダ部,UN01005628,BBIE,,,,,,,,CI_ Supply Chain_ Event. Occurrence. Date Time,,,,,配送日,納入先へ発送した日時,0..1,,,,,,,,,,
412,ヘッダ部,UN01006039,ASBIE,,,,,,CIIL_ Supply Chain_ Trade Delivery. Despatch Advice_ Referenced. CI_ Referenced_ Document,,,,,,,文書ヘッダ配送／参照納品書グループ,この文書ヘッダが参照する納品書（出荷案内書、送り状等）のグループ,0..n,,,,,,,,,,
413,ヘッダ部,UN01005579,ABIE,,,,,,,CI_ Referenced_ Document. Details,,,,,,（文書ヘッダ参照）納品書クラス,文書ヘッダが参照する納品書のクラス,－,,,,,,,,,,
414,ヘッダ部,UN01005580,BBIE,,,,,,,,CI_ Referenced_ Document. Issuer Assigned_ Identification. Identifier,,,,,（文書ヘッダ参照）納品書番号,この文書ヘッダが参照する受注者が付番した納品書番号,1..1,,,,,,,,,,
415,ヘッダ部,UN01005588,BBIE,,,,,,,,CI_ Referenced_ Document. Revision_ Identification. Identifier,,,,,（文書ヘッダ参照）納品書履歴番号,この文書ヘッダが参照する納品書の変更履歴を管理する番号。,0..1,,,,,,,,,,
416,ヘッダ部,UN01009672,BBIE,,,,,,,,CI_ Referenced_ Document. Type. Code,,,,,（文書ヘッダ参照）納品書タイプコード,この文書ヘッダが参照する納品書のタイプを識別するコード\n＝「351」（Despatch advice）（デフォルト）,1..1,,,,,,,,,,
417,ヘッダ部,UN01013318,BBIE,,,,,,,,CI_ Referenced_ Document. Category. Code,,,,,（文書ヘッダ参照）納品書類型コード,この文書ヘッダが参照する納品書の類型（適格請求書等対応、適格請求書等部分対応、適格請求書非適合）を識別するコード\nデフォルトは「適格請求書非適合」,0..1,,,,,,,,,,
418,ヘッダ部,UN01014899,BBIE,,,,,,,,CI_ Referenced_ Document. Subtype. Code,,,,,（文書ヘッダ参照）文書サブタイプコード,この文書ヘッダが参照する納品書のサブタイプを識別するコード\n＝[35101](一般納品書：デフォルト）,1..1,,,,,,,,,,
419,ヘッダ部,UN01006040,ASBIE,,,,,,CIIL_ Supply Chain_ Trade Delivery. Receiving Advice_ Referenced. CI_ Referenced_ Document,,,,,,,文書ヘッダ配送／参照出荷回答書グループ,この文書ヘッダが参照する出荷回答書のグループ,0..n,,,,,,,,,,
420,ヘッダ部,UN01005579,ABIE,,,,,,,CI_ Referenced_ Document. Details,,,,,,（文書ヘッダ参照）出荷回答書クラス,文書ヘッダが参照する出荷回答書のクラス,－,,,,,,,,,,
421,ヘッダ部,UN01005580,BBIE,,,,,,,,CI_ Referenced_ Document. Issuer Assigned_ Identification. Identifier,,,,,（文書ヘッダ参照）出荷回答書番号,この文書ヘッダが参照する発注者が付番した出荷回答書番号,1..1,,,,,,,,,,
422,ヘッダ部,UN01005588,BBIE,,,,,,,,CI_ Referenced_ Document. Revision_ Identification. Identifier,,,,,（文書ヘッダ参照）出荷回答書履歴番号,この文書ヘッダが参照する出荷回答書の変更履歴を管理する番号。,0..1,,,,,,,,,,
423,ヘッダ部,UN01009672,BBIE,,,,,,,,CI_ Referenced_ Document. Type. Code,,,,,（文書ヘッダ参照）出荷回答書タイプコード,この文書ヘッダが参照する出荷回答書のタイプを識別するコード\n＝「632」（Goods receipt）（デフォルト）,1..1,,,,,,,,,,
424,ヘッダ部,UN01014899,BBIE,,,,,,,,CI_ Referenced_ Document. Subtype. Code,,,,,（文書ヘッダ参照）文書サブタイプコード,この文書ヘッダが参照する出荷回答書のサブタイプを識別するコード\n＝[63201](出荷回答書：デフォルト）,1..1,,,,,,,,,,
425,ヘッダ部,UN01005992,ASBIE,,,,CIIL_ Supply Chain_ Trade Line Item. Specified. CIIL_ Supply Chain_ Trade Settlement,,,,,,,,,文書ヘッダ／決済グループ,文書ヘッダの決済に関するグループ。\n文書タイプが「統合文書」を指定する場合にこのグループは任意。「単一文書」を指定する場合はこのグループは実装しない,0..1,,,,,,,,,,
426,ヘッダ部,UN01005994,ABIE,,,,,CIIL_ Supply Chain_ Trade Settlement. Details,,,,,,,,文書ヘッダ決済クラス,文書ヘッダの決済に関する情報からなるクラス。,－,,,,,,,,,,
427,ヘッダ部,UN01014647,BBIE,,,,,,CIIL_ Supply Chain_ Trade Settlement. Direction. Code,,,,,,,文書ヘッダ取引方向コード,この文書ヘッダの取引方向を識別するコード\nデフォルトは「プラス」,1..1,,,,,,,,,,
428,ヘッダ部,UN01005998,ASBIE,,,,,,CIIL_ Supply Chain_ Trade Settlement. Specified. CI_ Trade_ Allowance Charge,,,,,,,文書ヘッダ決済／文書ヘッダ返金グループ,文書ヘッダの返金グループ,0..n,,,,,,,,,,
429,ヘッダ部,UN01005706,ABIE,,,,,,,CI_ Trade_ Allowance Charge. Details,,,,,,文書ヘッダ返金クラス,文書ヘッダ返金のクラス, -,,,,,,,,,,
430,ヘッダ部,UN01005707,BBIE,,,,,,,,CI_ Trade_ Allowance Charge. Charge. Indicator,,,,,文書ヘッダ返金・追加請求識別子,文書ヘッダ返金と文書ヘッダ追加請求を識別する識別子\n属性：Fault=Allowance,1..1,,,,,,,,,,
431,ヘッダ部,UN01005710,BBIE,,,,,,,,CI_ Trade_ Allowance Charge. Calculation. Percent,,,,,文書ヘッダ返金計算率,この文書ヘッダ返金を計算するための率,0..1,,,,,,,,,,
432,ヘッダ部,UN01005713,BBIE,,,,,,,,CI_ Trade_ Allowance Charge. Actual. Amount,,,,,文書ヘッダ返金金額,この文書ヘッダ返金の請求金悪,0..1,,,,,,,,,,
433,ヘッダ部,UN01005714,BBIE,,,,,,,,CI_ Trade_ Allowance Charge. Reason. Code,,,,,文書ヘッダ返金理由コード,この文書ヘッダ返金の理由を識別するコード,0..1,,,,,,,,,,
434,ヘッダ部,UN01005715,BBIE,,,,,,,,CI_ Trade_ Allowance Charge. Reason. Text,,,,,文書ヘッダ返金理由,この文書ヘッダ返金の理由（内容）の説明,0..1,,,,,,,,,,
435,ヘッダ部,UN01008286,BBIE,,,,,,,,CI_ Trade_ Allowance Charge. Basis. Amount,,,,,文書ヘッダ返金計算金額,この文書ヘッダ返金の計算根拠となる金額,0..1,,,,,,,,,,
436,ヘッダ部,UN01005716,ASBIE,,,,,,,,CI_ Trade_ Allowance Charge. Category. CI_ Trade_ Tax,,,,,文書ヘッダ返金／文書ヘッダ返金税グループ,文書ヘッダ返金の税に関するグループ,0..n,,,,,,,,,,
437,ヘッダ部,UN01005832,ABIE,,,,,,,,,CI_ Trade_ Tax. Details,,,,文書ヘッダ返金税クラス,文書ヘッダ返金の税クラス,－,,,,,,,,,,
438,ヘッダ部,UN01005836,BBIE,,,,,,,,,,CI_ Trade_ Tax. Calculated. Rate,,,文書ヘッダ返金税率,文書ヘッダ返金の税率,1..1,,,,,,,,,,
439,ヘッダ部,UN01005841,BBIE,,,,,,,,,,CI_ Trade_ Tax. Category. Code,,,文書ヘッダ返金課税分類コード,文書ヘッダ返金の課税分類コード,1..1,,,,,,,,,,
440,ヘッダ部,UN01005998,ASBIE,,,,,,CIIL_ Supply Chain_ Trade Settlement. Specified. CI_ Trade_ Allowance Charge,,,,,,,文書ヘッダ文書決済／文書ヘッダ追加請求グループ,文書ヘッダの文書ヘッダ追加請求のグループ,0..n,,,,,,,,,,
441,ヘッダ部,UN01005706,ABIE,,,,,,,CI_ Trade_ Allowance Charge. Details,,,,,,文書ヘッダ追加請求クラス,文書ヘッダ返金・追加請求のクラス, -,,,,,,,,,,
442,ヘッダ部,UN01005707,BBIE,,,,,,,,CI_ Trade_ Allowance Charge. Charge. Indicator,,,,,文書ヘッダ追加請求識別子,文書ヘッダ返金と文書ヘッダ追加請求を識別する識別子\n属性：True＝Charge,1..1,,,,,,,,,,
443,ヘッダ部,UN01005710,BBIE,,,,,,,,CI_ Trade_ Allowance Charge. Calculation. Percent,,,,,文書ヘッダ追加請求計算率,この文書ヘッダ追加請求を計算するための率,0..1,,,,,,,,,,
444,ヘッダ部,UN01005713,BBIE,,,,,,,,CI_ Trade_ Allowance Charge. Actual. Amount,,,,,文書ヘッダ追加請求金額,この文書ヘッダ追加請求の請求金悪,0..1,,,,,,,,,,
445,ヘッダ部,UN01005714,BBIE,,,,,,,,CI_ Trade_ Allowance Charge. Reason. Code,,,,,文書ヘッダ追加請求理由コード,この文書ヘッダ追加請求の理由を識別するコード,0..1,,,,,,,,,,
446,ヘッダ部,UN01005715,BBIE,,,,,,,,CI_ Trade_ Allowance Charge. Reason. Text,,,,,文書ヘッダ追加請求理由,この文書ヘッダ追加請求の理由（内容）の説明,0..1,,,,,,,,,,
447,ヘッダ部,UN01008286,BBIE,,,,,,,,CI_ Trade_ Allowance Charge. Basis. Amount,,,,,文書ヘッダ追加請求計算金額,この文書ヘッダ追加請求の計算根拠となる金額,0..1,,,,,,,,,,
448,ヘッダ部,UN01005716,ASBIE,,,,,,,,CI_ Trade_ Allowance Charge. Category. CI_ Trade_ Tax,,,,,文書ヘッダ返金／文書ヘッダ追加請求税グループ,文書ヘッダ追加請求の税に関するグループ,0..n,,,,,,,,,,
449,ヘッダ部,UN01005832,ABIE,,,,,,,,,CI_ Trade_ Tax. Details,,,,文書ヘッダ追加請求税クラス,文書ヘッダ追加請求の税クラス,－,,,,,,,,,,
450,ヘッダ部,UN01005836,BBIE,,,,,,,,,,CI_ Trade_ Tax. Calculated. Rate,,,文書ヘッダ追加請求税率,文書ヘッダ追加請求の税率,1..1,,,,,,,,,,
451,ヘッダ部,UN01005841,BBIE,,,,,,,,,,CI_ Trade_ Tax. Category. Code,,,文書ヘッダ追加請求課税分類コード,文書ヘッダ追加請求の課税分類コード,1..1,,,,,,,,,,
452,ヘッダ部,UN01005996,ASBIE,,,,,,CIIL_ Supply Chain_ Trade Settlement. Applicable. CI_ Trade_ Tax,,,,,,,文書ヘッダ決済／文書ヘッダ税グループ,文書ヘッダの税に関するグループ。,1..n,,,,,,,,,,
453,ヘッダ部,UN01005832,ABIE,,,,,,,CI_ Trade_ Tax. Details,,,,,,文書ヘッダ税クラス,文書ヘッダの税に関する情報からなるクラス, -,,,,,,,,,,
454,ヘッダ部,UN01005833,BBIE,,,,,,,,CI_ Trade_ Tax. Calculated. Amount,,,,,文書ヘッダ課税分類税額,文書ヘッダの課税分類毎に端数処理計算した税額。\n文書ヘッダ課税分類資産譲渡合計金額×税率\n算出した税額は切り上げ、切り捨て、四捨五入のいずれかで処理し、税額は整数とする,1..1,,,,,,,,,,
455,ヘッダ部,UN01005834,BBIE,,,,,,,,CI_ Trade_ Tax. Type. Code,,,,,文書ヘッダ税タイプコード,税の種類(消費税、所得税など）を識別するコード。デフォルトは消費税,0..1,,,,,,,,,,
456,ヘッダ部,UN01005839,BBIE,,,,,,,,CI_ Trade_ Tax. Basis. Amount,,,,,文書ヘッダ課税分類譲渡資産合計金額（税抜き）,明細行の課税分類毎の税抜き譲渡資産金額の合計金額\n文書ヘッダ譲渡資産総合計金額（税抜き）＝∑明細行譲渡資産金額（税抜き）＋Σ文書ヘッダ追加請求金額ーΣ文書ヘッダ返金金額,1..1,,,,,,,,,,
457,ヘッダ部,UN01005841,BBIE,,,,,,,,CI_ Trade_ Tax. Category. Code,,,,,文書ヘッダ課税分類コード,文書ヘッダの課税分類（標準税率、軽減税率、不課税、非課税、免税等）を識別するコード\n課税分類ごとにクラスを設ける,1..1,,,,,,,,,,
458,ヘッダ部,UN01005842,BBIE,,,,,,,,CI_ Trade_ Tax. Currency. Code,,,,,課税分類税通貨コード,=「JPY」\n文書通貨コード（UN01005914）の指定と合わせる。文書通貨コードが「外貨」を指定された場合は文書ヘッダ税クラス（外貨建て適格請求書用）とセットで利用する,1..1,,,,,,,,,,
459,ヘッダ部,UN01005850,BBIE,,,,,,,,CI_ Trade_ Tax. Category Name. Text,,,,,文書ヘッダ課税分類名,文書ヘッダの課税分類（標準税率、軽減税率、不課税、非課税、免税等）の名称,0..1,,,,,,,,,,
460,ヘッダ部,UN01007174,BBIE,,,,,,,,CI_ Trade_ Tax. Rate_ Applicable. Percent,,,,,文書ヘッダ税率,文書ヘッダヘッダの課税分類毎の税額計算のための率。,1..1,,,,,,,,,,
461,ヘッダ部,UN01013040,BBIE,,,,,,,,CI_ Trade_ Tax. Grand Total. Amount,,,,,文書ヘッダ課税分類譲渡資産合計金額(税込み),明細行の課税分類毎の税額を含む譲渡資産金額の合計金額,1..1,,,,,,,,,,
462,ヘッダ部,UN01013096,BBIE,,,,,,,,CI_ Trade_ Tax. Calculation Method. Code,,,,,文書ヘッダ税計算方式,文書ヘッダの金額の税込み、税抜きを指定。\nデフォルトは「税抜き」,1..1,,,,,,,,,,
463,ヘッダ部,UN01014650,BBIE,,,,,,,,CI_ Trade_ Tax. Local Tax System. Identifier,,,,,文書ヘッダ適用税制識別子,取引の税制年度を識別するID\nデフォルトは「2019」（2019年度税制）,0..1,,,,,,,,,,
464,ヘッダ部,UN01005996,ASBIE,,,,,,CIIL_ Supply Chain_ Trade Settlement. Applicable. CI_ Trade_ Tax,,,,,,,文書ヘッダ決済／税グループ,外貨建て請求書の税率別課税分類合計額算出のための税グループ,0..n,,,,,,,,,,
465,ヘッダ部,UN01005832,ABIE,,,,,,,CI_ Trade_ Tax. Details,,,,,,（外貨建て請求書）文書ヘッダ税クラス,外貨建て請求書の文書ヘッダの税に関する情報からなるクラス\n（円建て請求書の場合は利用しない）, -,,,,,,,,,,
466,ヘッダ部,UN01005833,BBIE,,,,,,,,CI_ Trade_ Tax. Calculated. Amount,,,,,（外貨建て請求書）文書ヘッダ課税分類税額,外貨建て請求書の文書ヘッダの課税分類毎に端数処理計算した税額。\n外貨建て請求書の文書ヘッダ課税分類資産譲渡合計金額×税率\n算出した税額は切り上げ、切り捨て、四捨五入のいずれかで処理し、税額は整数とする,1..1,,,,,,,,,,
467,ヘッダ部,UN01005839,BBIE,,,,,,,,CI_ Trade_ Tax. Basis. Amount,,,,,（外貨建て請求書）文書ヘッダ課税分類譲渡資産合計金額（税抜き）,明細行の課税分類毎の税抜き譲渡資産金額の合計金額\n文書ヘッダ譲渡資産総合計金額（税抜き）＝∑明細行譲渡資産金額（税抜き）＋Σ文書ヘッダ追加請求金額ーΣ文書ヘッダ返金金額,1..1,,,,,,,,,,
468,ヘッダ部,UN01005841,BBIE,,,,,,,,CI_ Trade_ Tax. Category. Code,,,,,（外貨建て請求書）文書ヘッダ課税分類コード,外貨建て請求書の文書ヘッダの課税分類（標準税率、軽減税率）を識別するコード,1..1,,,,,,,,,,
469,ヘッダ部,UN01005842,BBIE,,,,,,,,CI_ Trade_ Tax. Currency. Code,,,,,（外貨建て請求書）課税分類税通貨コード,’=「外貨」\n文書通貨コード＝「外貨」、税通貨コード＝[JPY」の場合に利用する'。,0..1,,,,,,,,,,
470,ヘッダ部,UN01007174,BBIE,,,,,,,,CI_ Trade_ Tax. Rate_ Applicable. Percent,,,,,（外貨建て請求書）文書ヘッダ税率,外貨建て請求書の文書ヘッダヘッダの課税分類毎の税額計算のための率。,1..1,,,,,,,,,,
471,ヘッダ部,UN01014650,BBIE,,,,,,,,CI_ Trade_ Tax. Local Tax System. Identifier,,,,,文書ヘッダ適用税制識別子,取引の税制年度を識別するID\nデフォルトは「2019」（2019年度税制）,0..1,,,,,,,,,,
472,ヘッダ部,UN01005997,ASBIE,,,,,,CIIL_ Supply Chain_ Trade Settlement. Billing. CI_ Specified_ Period,,,,,,,文書ヘッダ決済／取引期間グループ,文書ヘッダの取引期間に関するグループ,0..1,,,,,,,,,,
473,ヘッダ部,UN01005608,ABIE,,,,,,,CI_ Specified_ Period. Details,,,,,,文書ヘッダ取引期間クラス,取引期間に関する情報からなるクラス,－,,,,,,,,,,
474,ヘッダ部,UN01005612,BBIE,,,,,,,,CI_ Specified_ Period. Start. Date Time,,,,,文書ヘッダ取引開始日,この文書ヘッダの取引開始日,1..1,,,,,,,,,,
475,ヘッダ部,UN01005613,BBIE,,,,,,,,CI_ Specified_ Period. End. Date Time,,,,,文書ヘッダ取引終了日,この文書ヘッダの取引終了日,1..1,,,,,,,,,,
476,ヘッダ部,UN01006002,ASBIE,,,,,,CIIL_ Supply Chain_ Trade Settlement. Specified. CIIL_ Trade Settlement_ Monetary Summation,,,,,,,文書ヘッダ決済／合計金額グループ,文書ヘッダの合計金額に関するグループ,0..1,,,,,,,,,,
477,ヘッダ部,UN01006006,ABIE,,,,,,,CIIL_ Trade Settlement_ Monetary Summation. Details,,,,,,文書ヘッダ合計金額クラス,文書ヘッダ合計金額に関する情報からなるクラス,－,,,,,,,,,,
478,ヘッダ部,UN01006008,BBIE,,,,,,,,CIIL_ Trade Settlement_ Monetary Summation. Charge Total. Amount,,,,,文書ヘッダ追加請求合計金額,文書ヘッダレベルの追加請求合計金額,0..1,,,,,,,,,,
479,ヘッダ部,UN01006009,BBIE,,,,,,,,CIIL_ Trade Settlement_ Monetary Summation. Allowance Total. Amount,,,,,文書ヘッダ返金合計金額,文書ヘッダレベルの返金合計金額,0..1,,,,,,,,,,
480,ヘッダ部,UN01006011,BBIE,,,,,,,,CIIL_ Trade Settlement_ Monetary Summation. Tax Total. Amount,,,,,文書ヘッダ合計税額,文書ヘッダの合計税額,1..1,,,,,,,,,,
481,ヘッダ部,UN01008455,BBIE,,,,,,,,CIIL_ Trade Settlement_ Monetary Summation. Gross_ Line Total. Amount,,,,,文書ヘッダグロス合計金額,文書ヘッダレベルの追加請求・返金を除く明細文薗の資産譲渡金額の合計金額（税抜き）,1..1,,,,,,,,,,
482,ヘッダ部,UN01008456,BBIE,,,,,,,,CIIL_ Trade Settlement_ Monetary Summation. Net_ Line Total. Amount,,,,,文書ヘッダ合計金額(税抜き),文書ヘッダ明細行の合計金額（税抜き）\n文書ヘッダレベルの追加請求・返金を含む,1..1,,,,,,,,,,
483,ヘッダ部,UN01008457,BBIE,,,,,,,,CIIL_ Trade Settlement_ Monetary Summation. Net Including Taxes_ Line Total. Amount,,,,,文書ヘッダ合計金額(税込み),文書ヘッダ明細行の合計金額（税込み）\n文書ヘッダレベルの追加請求・返金を含む,0..1,,,,,,,,,,
484,ヘッダ部,UN01011519,BBIE,,,,,,,,CIIL_ Trade Settlement_ Monetary Summation. Grand Total. Amount,,,,,文書ヘッダ総合計金額,文書ヘッダの総合計金額（税込み）\n=文書ヘッダ合計金額（税抜き）＋文書ヘッダ合計税額,1..1,,,,,,,,,,
485,ヘッダ部,UN01006002,ASBIE,,,,,,CIIL_ Supply Chain_ Trade Settlement. Specified. CIIL_ Trade Settlement_ Monetary Summation,,,,,,,文書ヘッダ決済／外貨建て請求書合計金額グループ,外貨建て請求書文書ヘッダの合計金額に関するグループ。\n,0..1,,,,,,,,,,
486,ヘッダ部,UN01006006,ABIE,,,,,,,CIIL_ Trade Settlement_ Monetary Summation. Details,,,,,,（外貨建て請求書）文書ヘッダ合計金額クラス,外貨建て請求書)文書ヘッダ合計金額に関する情報からなるクラス,－,,,,,,,,,,
487,ヘッダ部,UN01006011,BBIE,,,,,,,,CIIL_ Trade Settlement_ Monetary Summation. Tax Total. Amount,,,,,（外貨建て請求書）文書ヘッダ合計税額,外貨建て適格請求文書ヘッダの日本円合計税額。\n通貨コード属性＝JPY\nインボイス文書通貨コード＝「外貨」、税通貨コード＝「JPY」の場合に利用する,0..1,,,,,,,,,,
488,ヘッダ部,UN01006003,ASBIE,,,,,,CIIL_ Supply Chain_ Trade Settlement. Specified. CI_ Financial_ Adjustment,,,,,,,文書ヘッダ決済／調整グループ,文書ヘッダの調整に関するグループ\n調整ユースケースで文書タイプが「統合文書」を指定する場合にこのグループは必須。「単一文書」を指定する場合はこのグループは実装しない。,0..n,,,,,,,,,,
489,ヘッダ部,UN01005487,ABIE,,,,,,,CI_ Financial_ Adjustment. Details,,,,,,文書ヘッダ調整クラス,文書ヘッダの調整に関する情報からなるクラス,－,,,,,,,,,,
490,ヘッダ部,UN01005488,BBIE,,,,,,,,CI_ Financial_ Adjustment. Reason. Code,,,,,文書ヘッダ調整理由コード,文書ヘッダの調整理由を示す識別コード,0..1,,,,,,,,,,
491,ヘッダ部,UN01005489,BBIE,,,,,,,,CI_ Financial_ Adjustment. Reason. Text,,,,,文書ヘッダ調整理由,文書ヘッダの調整理由を文字で表現した内容,0..1,,,,,,,,,,
492,ヘッダ部,UN01005490,BBIE,,,,,,,,CI_ Financial_ Adjustment. Actual. Amount,,,,,文書ヘッダ調整金額,文書ヘッダの調整金額\n'=（修正インボイス明細金額ー前回インボイス明細金額）,1..1,,,,,,,,,,
493,ヘッダ部,UN01014649,BBIE,,,,,,,,CI_ Financial_ Adjustment. Direction. Code,,,,,文書ヘッダ調整取引方向コード,文書ヘッダ調整金額、および税額の＋ーを識別するコード\n調整ユースケースでは必須,1..1,,,,,,,,,,
494,ヘッダ部,UN01014897,ASBIE,,,,,,,,CI_ Financial_ Adjustment. Related. CI_ Trade_ Tax,,,,,文書ヘッダ調整／調整税グループ,文書ヘッダの調整税クラスに関するグループ,0..n,,,,,,,,,,
495,ヘッダ部,UN01005832,ABIE,,,,,,,,,CI_ Trade_ Tax. Details,,,,文書ヘッダ調整税クラス,文書ヘッダ調整の税クラス,－,,,,,,,,,,
496,ヘッダ部,UN01005833,BBIE,,,,,,,,,,CI_ Trade_ Tax. Calculated. Amount,,,文書ヘッダ調整税額,文書ヘッダの調整税額\n＝文書ヘッダ課税分類税額ー文書ヘッダ調整参照文書課税分類税額,1..1,,,,,,,,,,
497,ヘッダ部,UN01005836,BBIE,,,,,,,,,,CI_ Trade_ Tax. Calculated. Rate,,,文書ヘッダ調整税率,文書ヘッダ調整の税率,1..1,,,,,,,,,,
498,ヘッダ部,UN01005841,BBIE,,,,,,,,,,CI_ Trade_ Tax. Category. Code,,,文書ヘッダ調整課税分類コード,文書ヘッダ調整の課税分類コード,1..1,,,,,,,,,,
499,ヘッダ部,UN01006004,ASBIE,,,,,,CIIL_ Supply Chain_ Trade Settlement. Invoice_ Referenced. CI_ Referenced_ Document,,,,,,,文書ヘッダ決済／参照インボイス文書グループ,インボイス文書ヘッダの参照インボイス文書に関するグループ,0..n,,,,,,,,,,
500,ヘッダ部,UN01005579,ABIE,,,,,,,CI_ Referenced_ Document. Details,,,,,,インボイス文書ヘッダ参照9んボイス文書クラス,インボイス文書ヘッダの参照インボイス文書クラス,－,,,,,,,,,,
501,ヘッダ部,UN01005580,BBIE,,,,,,,,CI_ Referenced_ Document. Issuer Assigned_ Identification. Identifier,,,,,文書ヘッダ参照インボイス文書番号,この文書ヘッダが参照するインボイス文書に記載の文書番号,1..1,,,,,,,,,,
502,ヘッダ部,UN01005582,BBIE,,,,,,,,CI_ Referenced_ Document. Issue. Date Time,,,,,文書ヘッダ参照インボイス文書発行日,この文書ヘッダが参照するインボイス文書に記載の発行日付,0..1,,,,,,,,,,
503,ヘッダ部,UN01005586,BBIE,,,,,,,,CI_ Referenced_ Document. Reference_ Type. Code,,,,,文書ヘッダ参照インボイス文書参照タイプコード,この文書ヘッダが参照するインボイス文書を識別するコード。\n属性＝「OI」Previous invoice number,0..1,,,,,,,,,,
504,ヘッダ部,UN01005588,BBIE,,,,,,,,CI_ Referenced_ Document. Revision_ Identification. Identifier,,,,,文書ヘッダ参照インボイス文書履歴番号,この文書ヘッダが参照するインボイス文書の変更履歴を管理する番号。,0..1,,,,,,,,,,
505,ヘッダ部,UN01009672,BBIE,,,,,,,,CI_ Referenced_ Document. Type. Code,,,,,文書ヘッダ参照インボイス文書タイプ,この文書ヘッダが参照するインボイス文書のタイプを識別するコード,0..1,,,,,,,,,,
506,ヘッダ部,UN01014899,BBIE,,,,,,,,CI_ Referenced_ Document. Subtype. Code,,,,,文書ヘッダ参照インボイス文書サブタイプ,この文書ヘッダが参照するインボイス文書のサブタイプを識別するコード,1..1,,,,,,,,,,
507,ヘッダ部,UN01006005,ASBIE,,,,,,CIIL_ Supply Chain_ Trade Settlement. Additional_ Referenced. CI_ Referenced_ Document,,,,,,,文書ヘッダ決済／付加文書グループ,文書ヘッダ決済の付加文書に関するグループ,0..1,,,,,,,,,,
508,ヘッダ部,UN01005579,ABIE,,,,,,,CI_ Referenced_ Document. Details,,,,,,文書ヘッダ付加文書クラス,文書ヘッダの付加文書クラス\n「tender：入札書」へマッピング,－,,,,,,,,,,
509,ヘッダ部,UN01005580,BBIE,,,,,,,,CI_ Referenced_ Document. Issuer Assigned_ Identification. Identifier,,,,,文書ヘッダ付加文書番号,この文書ヘッダ付加文書の文書番号,1..1,,,,,,,,,,
510,ヘッダ部,UN01005582,BBIE,,,,,,,,CI_ Referenced_ Document. Issue. Date Time,,,,,文書ヘッダ参照付加文書発行日,この文書ヘッダ付加文書に記載の発行日付,0..1,,,,,,,,,,
511,ヘッダ部,UN01005586,BBIE,,,,,,,,CI_ Referenced_ Document. Reference_ Type. Code,,,,,文書ヘッダ付加文書参照タイプコード,この文書ヘッダ付加文書の参照タイプを識別するコード。\nデフォルト属性＝null,0..1,,,,,,,,,,
512,ヘッダ部,UN01005588,BBIE,,,,,,,,CI_ Referenced_ Document. Revision_ Identification. Identifier,,,,,文書ヘッダ付加文書履歴番号,この文書ヘッダ付加文書の変更履歴を管理する番号。,0..1,,,,,,,,,,
513,ヘッダ部,UN01006415,BBIE,,,,,,,,CI_ Referenced_ Document. Information. Text,,,,,文書ヘッダ付加文書説明,この文書ヘッダ付加文書の説明,0..1,,,,,,,,,,
514,ヘッダ部,UN01009672,BBIE,,,,,,,,CI_ Referenced_ Document. Type. Code,,,,,文書ヘッダ付加文書タイプ,この文書ヘッダ付加文書のタイプを識別するコード\n属性＝「758」(Tender：入札書)の場合\n　　　　→JP-PINT[IBT-017]へマッピング,1..1,,,,,,,,,,
515,ヘッダ部,UN01011455,BBIE,,,,,,,,CI_ Referenced_ Document. Attachment. Binary Object,,,,,文書ヘッダ付加文書添付ファイル,この文書ヘッダ付加文書の添付バイナリファイルの有無を識別するコード\nなしの場合はNULL（デファクト）\nありの場合はヘッダの添付バイナリファイル識別子（UN01006015）を指定する。,0..1,,,,,,,,,,
516,ヘッダ部,UN01014899,BBIE,,,,,,,,CI_ Referenced_ Document. Subtype. Code,,,,,文書ヘッダ付加文書サブタイプコード,この文書ヘッダ付加文書のサブタイプを識別するコード,1..1,,,,,,,,,,
517,ヘッダ部,UN01006005,ASBIE,,,,,,CIIL_ Supply Chain_ Trade Settlement. Additional_ Referenced. CI_ Referenced_ Document,,,,,,,文書ヘッダ決済／付加文書グループ,文書ヘッダ決済の付加文書に関するグループ,0..1,,,,,,,,,,
518,ヘッダ部,UN01005579,ABIE,,,,,,,CI_ Referenced_ Document. Details,,,,,,文書ヘッダ付加文書クラス,文書ヘッダの付加文書クラス\n「Invoice Document Identifier：請求対象物ID」へマッピング,－,,,,,,,,,,
519,ヘッダ部,UN01005580,BBIE,,,,,,,,CI_ Referenced_ Document. Issuer Assigned_ Identification. Identifier,,,,,文書ヘッダ付加文書番号,この文書ヘッダ付加文書の文書番号,1..1,,,,,,,,,,
520,ヘッダ部,UN01005582,BBIE,,,,,,,,CI_ Referenced_ Document. Issue. Date Time,,,,,文書ヘッダ参照付加文書発行日,この文書ヘッダ付加文書に記載の発行日付,0..1,,,,,,,,,,
521,ヘッダ部,UN01005586,BBIE,,,,,,,,CI_ Referenced_ Document. Reference_ Type. Code,,,,,文書ヘッダ付加文書参照タイプコード,この文書ヘッダ付加文書の参照タイプを識別するコード。\n属性＝「IV」(Invoice document identifier)の場合\n　　　　→JP-PINT[IBT-018]へマッピング,1..1,,,,,,,,,,
522,ヘッダ部,UN01005588,BBIE,,,,,,,,CI_ Referenced_ Document. Revision_ Identification. Identifier,,,,,文書ヘッダ付加文書履歴番号,この文書ヘッダ付加文書の変更履歴を管理する番号。,0..1,,,,,,,,,,
523,ヘッダ部,UN01006415,BBIE,,,,,,,,CI_ Referenced_ Document. Information. Text,,,,,文書ヘッダ付加文書説明,この文書ヘッダ付加文書の説明,0..1,,,,,,,,,,
524,ヘッダ部,UN01009672,BBIE,,,,,,,,CI_ Referenced_ Document. Type. Code,,,,,文書ヘッダ付加文書タイプ,この文書ヘッダ付加文書のタイプを識別するコード,0..1,,,,,,,,,,
525,ヘッダ部,UN01011455,BBIE,,,,,,,,CI_ Referenced_ Document. Attachment. Binary Object,,,,,文書ヘッダ付加文書添付ファイル,この文書ヘッダ付加文書の添付バイナリファイルの有無を識別するコード\nなしの場合はNULL（デファクト）\nありの場合はヘッダの添付バイナリファイル識別子（UN01006015）を指定する。,0..1,,,,,,,,,,
526,ヘッダ部,UN01014899,BBIE,,,,,,,,CI_ Referenced_ Document. Subtype. Code,,,,,文書ヘッダ付加文書サブタイプコード,この文書ヘッダ付加文書のサブタイプを識別するコード,0..1,,,,,,,,,,
527,ヘッダ部,UN01006080,ASBIE,,,,,,CIIL_ Supply Chain_ Trade Settlement. Purchase_ Specified. CI_ Trade_ Accounting Account,,,,,,,文書ヘッダ決済／購買会計アカウントグループ,この文書ヘッダの購買会計アカウントに関するグループ,0..1,,,,,,,,,,
528,ヘッダ部,UN01005680,ABIE,,,,,,,CI_ Trade_ Accounting Account. Details,,,,,,購買会計アカウントクラス,購買会計アカウントに関するクラス,－,,,,,,,,,,
529,ヘッダ部,UN01005683,BBIE,,,,,,,,CI_ Trade_ Accounting Account. Type. Code,,,,,購買会計アカウントタイプコード,売り手が付与する買い手の購買会計アカウント,1..1,,,,,,,,,,
530,ヘッダ部,UN01005685,BBIE,,,,,,,,CI_ Trade_ Accounting Account. Name. Text,,,,,購買会計アカウント名,買い手の購買会計アカウント名,0..1,,,,,,,,,,
531,明細部,UN01009669,ASBIE,,,,CIIL_ Supply Chain_ Trade Line Item. Subordinate. CIILB_ Subordinate_ Trade Line Item,,,,,,,,,請求文書ヘッダ／明細行グループ,請求文書ヘッダの明細行に関するグループ。,1..n,,,,,,,,,,
532,明細部,UN01009647,ABIE,,,,,CIILB_ Subordinate_ Trade Line Item. Details,,,,,,,,明細行クラス,明細行に関する情報からなるクラス, -,,,,,,,,,,
533,明細部,UN01009648,BBIE,,,,,,CIILB_ Subordinate_ Trade Line Item. Identification. Identifier,,,,,,,明細行番号,この文書の明細行に関する情報を特定するために付与した行番号。明細行をユニークに識別するために付番する場合は文書番号との複合キーで明細行を特定する。,1..1,,,,,,,,,,
534,明細部,UN01014637,BBIE,,,,,,CIILB_ Subordinate_ Trade Line Item. Category. Code,,,,,,,明細行類型コード,この明細行の取引類型（資産譲渡、返金・追加請求、調整等）を識別するコード。\nデフォルトは「資産譲渡」,0..1,,,,,,,,,,
535,明細部,JPS2300004,ASBIE,,,,,,CIILB_ Subordinate_ Trade Line Item. Included. CI_ Note,,,,,,,明細行／注釈グループ,明細行の注釈に関するグループ,0..n,,,,,,,,,,
536,明細部,UN01005557,ABIE,,,,,,,CI_ Note. Details,,,,,,明細行注釈クラス,明細行の注釈を記述するクラス, -,,,,,,,,,,
537,明細部,UN01005558,BBIE,,,,,,,,CI_ Note. Subject. Text,,,,,明細行注釈表題,明細行の注釈内容の表題を示す。,0..1,,,,,,,,,,
538,明細部,UN01005560,BBIE,,,,,,,,CI_ Note. Content. Text,,,,,明細行注釈内容,明細行の注釈表題毎の内容情報を入力するフリースペース。,0..1,,,,,,,,,,
539,明細部,UN01005562,BBIE,,,,,,,,CI_ Note. Identification. Identifier,,,,,明細行注釈識別子,明細行注釈の識別番号,0..1,,,,,,,,,,
540,明細部,UN01009649,ASBIE,,,,,,CIILB_ Subordinate_ Trade Line Item. Specified. CIILB_ Supply Chain_ Trade Agreement,,,,,,,明細行／取引契約グループ,明細行の取引契約に関するグループ,1..1,,,,,,,,,,
541,明細部,UN01009653,ABIE,,,,,,,CIILB_ Supply Chain_ Trade Agreement. Details,,,,,,取引契約クラス,取引契約に関する情報からなるクラス,－,,,,,,,,,,
542,明細部,UN01009654,ASBIE,,,,,,,,CIILB_ Supply Chain_ Trade Agreement. Seller Order_ Referenced. CI_ Referenced_ Document,,,,,明細行契約／明細行参照受注書グループ,取引契約と明細行参照受注書に関するグループ,0..1,,,,,,,,,,
543,明細部,UN01005579,ABIE,,,,,,,,,CI_ Referenced_ Document. Details,,,,明細行参照受注書クラス,明細行の参照受注書クラス,－,,,,,,,,,,
544,明細部,UN01005580,BBIE,,,,,,,,,,CI_ Referenced_ Document. Issuer Assigned_ Identification. Identifier,,,（明細行参照）受注書番号,この明細行が参照する受注書に記載の文書番号,0..1,,,,,,,,,,
545,明細部,UN01005585,BBIE,,,,,,,,,,CI_ Referenced_ Document. Line. Identifier,,,（明細行参照）受注書明細行番号,この明細行が参照する受注書に記載の明細行番号,0..1,,,,,,,,,,
546,明細部,UN01005588,BBIE,,,,,,,,,,CI_ Referenced_ Document. Revision_ Identification. Identifier,,,（明細行参照）受注書履歴番号,この明細行が参照する受注書の変更履歴を管理する番号。,0..1,,,,,,,,,,
547,明細部,UN01009655,ASBIE,,,,,,,,CIILB_ Supply Chain_ Trade Agreement. Buyer Order_ Referenced. CI_ Referenced_ Document,,,,,明細行契約／明細行参照注文書グループ,取引契約と明細行参照注文書に関するグループ,0..1,,,,,,,,,,
548,明細部,UN01005579,ABIE,,,,,,,,,CI_ Referenced_ Document. Details,,,,明細行参照注文書クラス,明細行の参照注文書クラス,－,,,,,,,,,,
549,明細部,UN01005580,BBIE,,,,,,,,,,CI_ Referenced_ Document. Issuer Assigned_ Identification. Identifier,,,（明細行参照）注文書番号,この明細行が参照する注文書に記載の文書番号,0..1,,,,,,,,,,
550,明細部,UN01005585,BBIE,,,,,,,,,,CI_ Referenced_ Document. Line. Identifier,,,（明細行参照）注文書明細行番号,この明細行が参照する注文書に記載の明細行番号,0..1,,,,,,,,,,
551,明細部,UN01005588,BBIE,,,,,,,,,,CI_ Referenced_ Document. Revision_ Identification. Identifier,,,（明細行参照）注文書履歴番号,この明細行が参照する注文書の変更履歴を管理する番号。,0..1,,,,,,,,,,
552,明細部,UN01009656,ASBIE,,,,,,,,CIILB_ Supply Chain_ Trade Agreement. Additional_ Referenced. CI_ Referenced_ Document,,,,,明細行契約／明細行参照文書グループ,取引契約と明細行参照文書に関するグループ,0..n,,,,,,,,,,
553,明細部,UN01005579,ABIE,,,,,,,,,CI_ Referenced_ Document. Details,,,,（明細行参照）文書クラス,明細行の参照文書クラス,－,,,,,,,,,,
554,明細部,UN01005580,BBIE,,,,,,,,,,CI_ Referenced_ Document. Issuer Assigned_ Identification. Identifier,,,（明細行参照）文書番号,この明細行が参照する文書に記載の文書番号。,1..1,,,,,,,,,,
555,明細部,UN01005585,BBIE,,,,,,,,,,CI_ Referenced_ Document. Line. Identifier,,,（明細行参照）文書明細行番号,この明細行が参照する文書に記載の文書明細行番号。,0..1,,,,,,,,,,
556,明細部,UN01005586,BBIE,,,,,,,,,,CI_ Referenced_ Document. Reference_ Type. Code,,,（明細行参照）文書参照タイプコード,この明細行が参照する文書の参照タイプを識別するコード。\nデフォルト属性=null,0..1,,,,,,,,,,
557,明細部,UN01005588,BBIE,,,,,,,,,,CI_ Referenced_ Document. Revision_ Identification. Identifier,,,（明細行参照）文書履歴番号,この明細行が参照する文書の変更履歴を管理する番号。,0..1,,,,,,,,,,
558,明細部,UN01009672,BBIE,,,,,,,,,,CI_ Referenced_ Document. Type. Code,,,（明細行参照）文書タイプコード,この明細行が参照する文書のタイプを識別するコード。,1..1,,,,,,,,,,
559,明細部,UN01011455,BBIE,,,,,,,,,,CI_ Referenced_ Document. Attachment. Binary Object,,,（明細行参照）文書添付ファイル,この明細行が参照する文書の添付バイナリファイルの有無を識別するコード\nなしの場合はNULL（デファクト）\nありの場合はヘッダの添付バイナリファイル識別子（UN01006015）を指定する。,0..1,,,,,,,,,,
560,明細部,UN01014899,BBIE,,,,,,,,,,CI_ Referenced_ Document. Subtype. Code,,,（明細行参照）文書サブタイプコード,この明細行が参照する文書のタイプを識別するコード。,1..1,,,,,,,,,,
561,明細部,UN01009656,ASBIE,,,,,,,,CIILB_ Supply Chain_ Trade Agreement. Additional_ Referenced. CI_ Referenced_ Document,,,,,明細行契約／明細行参照文書グループ,取引契約と明細行参照文書に関するグループ,0..1,,,,,,,,,,
562,明細部,UN01005579,ABIE,,,,,,,,,CI_ Referenced_ Document. Details,,,,（明細行参照）出荷案内書クラス,明細行の参照出荷案内書クラス,－,,,,,,,,,,
563,明細部,UN01005580,BBIE,,,,,,,,,,CI_ Referenced_ Document. Issuer Assigned_ Identification. Identifier,,,（明細行参照）文書番号,この明細行が参照する文書に記載の文書番号。\n補完納品書の場合は必須,1..1,,,,,,,,,,
564,明細部,UN01005585,BBIE,,,,,,,,,,CI_ Referenced_ Document. Line. Identifier,,,（明細行参照）文書明細行番号,この明細行が参照する文書に記載の文書明細行番号。,0..1,,,,,,,,,,
565,明細部,UN01005586,BBIE,,,,,,,,,,CI_ Referenced_ Document. Reference_ Type. Code,,,（明細行参照）文書参照タイプコード,この明細行が参照する文書の参照タイプを識別するコード。\nデフォルト属性=null,0..1,,,,,,,,,,
566,明細部,UN01005588,BBIE,,,,,,,,,,CI_ Referenced_ Document. Revision_ Identification. Identifier,,,（明細行参照）文書履歴番号,この明細行が参照する文書の変更履歴を管理する番号。,0..1,,,,,,,,,,
567,明細部,UN01009672,BBIE,,,,,,,,,,CI_ Referenced_ Document. Type. Code,,,（明細行参照）文書タイプコード,この明細行が参照する文書のタイプを識別するコード。\nデフォルト属性＝「351」出荷案内書,1..1,,,,,,,,,,
568,明細部,UN01011455,BBIE,,,,,,,,,,CI_ Referenced_ Document. Attachment. Binary Object,,,（明細行参照）文書添付ファイル,この明細行が参照する文書の添付バイナリファイルの有無を識別するコード\nなしの場合はNULL（デファクト）\nありの場合はヘッダの添付バイナリファイル識別子（UN01006015）を指定する。,0..1,,,,,,,,,,
569,明細部,UN01014899,BBIE,,,,,,,,,,CI_ Referenced_ Document. Subtype. Code,,,（明細行参照）文書サブタイプコード,この明細行が参照する文書のタイプを識別するコード。\nデフォルト属性＝「35101」一般納品書,1..1,,,,,,,,,,
570,明細部,UN01009656,ASBIE,,,,,,,,CIILB_ Supply Chain_ Trade Agreement. Additional_ Referenced. CI_ Referenced_ Document,,,,,明細行契約／明細行参照文書グループ,取引契約と明細行参照文書に関するグループ,0..1,,,,,,,,,,
571,明細部,UN01005579,ABIE,,,,,,,,,CI_ Referenced_ Document. Details,,,,（明細行参照）請求対象物クラス,明細行の参照請求対象物クラス\n「Invoice Document Identifier：請求対象物ID」へマッピング,－,,,,,,,,,,
572,明細部,UN01005580,BBIE,,,,,,,,,,CI_ Referenced_ Document. Issuer Assigned_ Identification. Identifier,,,（明細行参照）文書番号,この明細行が参照する文書に記載の文書番号。\n補完納品書の場合は必須,1..1,,,,,,,,,,
573,明細部,UN01005585,BBIE,,,,,,,,,,CI_ Referenced_ Document. Line. Identifier,,,（明細行参照）文書明細行番号,この明細行が参照する文書に記載の文書明細行番号。デフォルトは納品書,0..1,,,,,,,,,,
574,明細部,UN01005586,BBIE,,,,,,,,,,CI_ Referenced_ Document. Reference_ Type. Code,,,（明細行参照）文書参照タイプコード,この明細行が参照する文書の参照タイプを識別するコード。\n属性＝「IV」(Invoice document identifier)の場合\n　　　　→JP-PINT[IBT-128]へマッピング,1..1,,,,,,,,,,
575,明細部,UN01005588,BBIE,,,,,,,,,,CI_ Referenced_ Document. Revision_ Identification. Identifier,,,（明細行参照）文書履歴番号,この明細行が参照する文書の変更履歴を管理する番号。,0..1,,,,,,,,,,
576,明細部,UN01009672,BBIE,,,,,,,,,,CI_ Referenced_ Document. Type. Code,,,（明細行参照）文書タイプコード,この明細行が参照する文書のタイプを識別するコード。,0..1,,,,,,,,,,
577,明細部,UN01011455,BBIE,,,,,,,,,,CI_ Referenced_ Document. Attachment. Binary Object,,,（明細行参照）文書添付ファイル,この明細行が参照する文書の添付バイナリファイルの有無を識別するコード\nなしの場合はNULL（デファクト）\nありの場合はヘッダの添付バイナリファイル識別子（UN01006015）を指定する。,0..1,,,,,,,,,,
578,明細部,UN01014899,BBIE,,,,,,,,,,CI_ Referenced_ Document. Subtype. Code,,,（明細行参照）文書サブタイプコード,この明細行が参照する文書のタイプを識別するコード。デフォルトは納品書,0..1,,,,,,,,,,
579,明細部,UN01009658,ASBIE,,,,,,,,CIILB_ Supply Chain_ Trade Agreement. Net Price_ Product. CI_ Trade_ Price,,,,,明細行契約／契約単価グループ,明細行の契約単価に関するグループ。,1..1,,,,,,,,,,
580,明細部,UN01005790,ABIE,,,,,,,,,CI_ Trade_ Price. Details,,,,契約単価クラス,明細行の契約単価に関する情報からなるクラス。,－,,,,,,,,,,
581,明細部,UN01005791,BBIE,,,,,,,,,,CI_ Trade_ Price. Type. Code,,,単価コード,単価の区分（確定、仮単価等）を識別するコード,0..1,,,,,,,,,,
582,明細部,UN01005792,BBIE,,,,,,,,,,CI_ Trade_ Price. Charge. Amount,,,契約単価,発注者と受注者が合意した明細発注品の単価。単価基準数量と単価基準数量単位の指定に従う。\n税込み、税抜きの識別はヘッダ部の「UN01013096：税計算方式」で指定（指定がない場合（デフォルト）は税抜き）。,1..1,,,,,,,,,,
583,明細部,UN01005793,BBIE,,,,,,,,,,CI_ Trade_ Price. Basis. Quantity,,,単価基準数量,不定貫品目（個数でカウントできない品目）の場合：\n　単価基準数量＝単価の基準となる重量・容量\n定貫品目（個数でカウントできる品目）の場合：\n　単価基準数量＝１（デフォルト）,0..1,,,,,,,,,,
584,明細部,UN01009650,ASBIE,,,,,,CIILB_ Subordinate_ Trade Line Item. Specified. CIILB_ Supply Chain_ Trade Delivery,,,,,,,明細行／配送グループ,明細行の配送に関するグループ,1..1,,,,,,,,,,
585,明細部,UN01009659,ABIE,,,,,,,CIILB_ Supply Chain_ Trade Delivery. Details,,,,,,明細行納入クラス,明細行の納入に関する情報からなるクラス,-,,,,,,,,,,
586,明細部,UN01009660,BBIE,,,,,,,,CIILB_ Supply Chain_ Trade Delivery. Package. Quantity,,,,,セット数量,この明細行品目がセットで請求された場合のセット数量\n流通業の固有仕様,0..1,,,,,,,,,,
587,明細部,UN01009661,BBIE,,,,,,,,CIILB_ Supply Chain_ Trade Delivery. Product_ Unit. Quantity,,,,,バラ数量,この明細行品目が単体（バラ）で請求された場合の数量\n流通業の固有仕様,0..1,,,,,,,,,,
588,明細部,UN01009662,BBIE,,,,,,,,CIILB_ Supply Chain_ Trade Delivery. Per Package_ Unit. Quantity,,,,,セット単位数量(入り数）,✔定貫品目の数量単位指定が「セット」の場合：\n　1セット当たりのバラ数量。\n✔定貫品目の数量単位指定が「個」の場合：利用しない\n✔不定貫品目の数量単位指定の場合：利用しない。\n✔ハイブリッド品目の場合：\n　指定した定貫品目数量単位の1単位当たりの重量等,0..1,,,,,,,,,,
589,明細部,UN01014639,BBIE,,,,,,,,CIILB_ Supply Chain_ Trade Delivery. Billed. Quantity,,,,,請求数量,この明細行品目のバラ請求数量、またはセット請求数量。\nバラ、セットの区分は数量単位コードで指定する\n流通業取引では利用せず、「セット数量」「バラ数量」情報項目を利用する,1..1,,,,,,,,,,
590,明細部,UN01009651,ASBIE,,,,,,CIILB_ Subordinate_ Trade Line Item. Specified. CIILB_ Supply Chain_ Trade Settlement,,,,,,,明細行／決裁グループ,明細行の決済に関するグループ,1..1,,,,,,,,,,
591,明細部,UN01009664,ABIE,,,,,,,CIILB_ Supply Chain_ Trade Settlement. Details,,,,,,明細行決裁クラス,明細行の決済入に関する情報からなるクラス,-,,,,,,,,,,
592,明細部,UN01014641,BBIE,,,,,,,,CIILB_ Supply Chain_ Trade Settlement. Direction. Code,,,,,明細行取引方向コード,明細行の取引方向を識別するコード\nデフォルトは「プラス」\n明細行取引類型コードが「調整」を指定場合に利用する。\n金額の「プラス」「マイナス」表示を許容する場合は実装しない。,1..1,,,,,,,,,,
593,明細部,UN01009665,ASBIE,,,,,,,,CIILB_ Supply Chain_ Trade Settlement. Applicable. CI_ Trade_ Tax,,,,,明細行決済／明細行税グループ,明細行決済の税に関するグループ,1..1,,,,,,,,,,
594,明細部,UN01005832,ABIE,,,,,,,,,CI_ Trade_ Tax. Details,,,,明細行税クラス,明細行の税に関する情報に関するクラス,-,,,,,,,,,,
595,明細部,UN01005834,BBIE,,,,,,,,,,CI_ Trade_ Tax. Type. Code,,,明細行税タイプコード,税の種類(消費税、所得税など）を識別するコード。デフォルトは消費税,0..1,,,,,,,,,,
596,明細部,UN01005839,BBIE,,,,,,,,,,CI_ Trade_ Tax. Basis. Amount,,,明細行課税分類譲渡資産金額（税抜き）,この明細行の課税分類（明細行課税分類コード／税率）毎の税抜き譲渡資産金額（契約単価×請求数量）\n契約単価×数量で指定できない場合は金額,1..1,,,,,,,,,,
597,明細部,UN01005841,BBIE,,,,,,,,,,CI_ Trade_ Tax. Category. Code,,,明細行課税分類コード,この明細行の消費税の課税分類（標準税率、軽減税率、不課税、非課税、免税等）を識別するコード,1..1,,,,,,,,,,
598,明細部,UN01005850,BBIE,,,,,,,,,,CI_ Trade_ Tax. Category Name. Text,,,明細行課税分類名,消費税の課税分類（標準税率、軽減税率、不課税、非課税、免税等）の名称,0..1,,,,,,,,,,
599,明細部,UN01007174,BBIE,,,,,,,,,,CI_ Trade_ Tax. Rate_ Applicable. Percent,,,明細行税率,この明細行の課税分類区分を識別するため、明細行課税分類コードと組み合わせて利用する。,1..1,,,,,,,,,,
600,明細部,UN01013040,BBIE,,,,,,,,,,CI_ Trade_ Tax. Grand Total. Amount,,,明細行課税分類譲渡資産金額(税込み),この明細行の課税分類毎の税額を含む譲渡資産金額,0..1,,,,,,,,,,
601,明細部,UN01014650,BBIE,,,,,,,,,,CI_ Trade_ Tax. Local Tax System. Identifier,,,明細行適用税制識別子,この明細行取引の税制年度を識別するID\nデフォルトは「2019」（2019年度税制）,0..1,,,,,,,,,,
602,明細部,UN01014642,ASBIE,,,,,,,,CIILB_ Supply Chain_ Trade Settlement. Invoice_ Referenced. CI_ Referenced_ Document,,,,,明細行決済／参照インボイス文書グループ,明細行が参照するインボイス文書（業界EDI電子インボイス等）に関するグループ,0..n,,,,,,,,,,
603,明細部,UN01005579,ABIE,,,,,,,,,CI_ Referenced_ Document. Details,,,,明細行インボイス参照文書クラス,明細行が参照するインボイス文書クラス,－,,,,,,,,,,
604,明細部,UN01005580,BBIE,,,,,,,,,,CI_ Referenced_ Document. Issuer Assigned_ Identification. Identifier,,,（明細行参照）インボイス文書番号,この明細行が参照するインボイス文書の番号,1..1,,,,,,,,,,
605,明細部,UN01005582,BBIE,,,,,,,,,,CI_ Referenced_ Document. Issue. Date Time,,,（明細行参照）インボイス文書発行日,この明細行が参照するインボイス文書の発行日,0..1,,,,,,,,,,
606,明細部,UN01005585,BBIE,,,,,,,,,,CI_ Referenced_ Document. Line. Identifier,,,（明細行参照）インボイス明細文書番号,この明細行が参照するインボイス文書の明細文書番号,1..1,,,,,,,,,,
607,明細部,UN01005588,BBIE,,,,,,,,,,CI_ Referenced_ Document. Revision_ Identification. Identifier,,,（明細行参照）インボイス文書履歴番号,この明細行が参照するインボイス文書の変更履歴を管理する番号。,0..1,,,,,,,,,,
608,明細部,UN01006415,BBIE,,,,,,,,,,CI_ Referenced_ Document. Information. Text,,,（明細行参照）インボイス文書情報,この明細行が参照するインボイス文書に記載の情報,0..1,,,,,,,,,,
609,明細部,UN01009672,BBIE,,,,,,,,,,CI_ Referenced_ Document. Type. Code,,,（明細行参照）文書タイプコード,この明細行が参照するインボイス文書のタイプを識別するコード,0..1,,,,,,,,,,
610,明細部,UN01012923,BBIE,,,,,,,,,,CI_ Referenced_ Document. Subordinate Line. Identifier,,,（明細行参照）インボイス明細行番号,この明細行が参照するインボイスの明細行番号,1..1,,,,,,,,,,
611,明細部,UN01014899,BBIE,,,,,,,,,,CI_ Referenced_ Document. Subtype. Code,,,（明細行参照）文書サブタイプコード,この明細行が参照する文書のサブタイプコード,0..1,,,,,,,,,,
612,明細部,UN01014644,ASBIE,,,,,,,,CIILB_ Supply Chain_ Trade Settlement. Specified. CI_ Trade_ Allowance Charge,,,,,明細行決裁／返金グループ,明細行の返金に関するグループ\n（金額にマイナスを許容する場合は使用しない）,0..n,,,,,,,,,,
613,明細部,UN01005706,ABIE,,,,,,,,,CI_ Trade_ Allowance Charge. Details,,,,明細行返金クラス,明細行返金のクラス\n（金額にマイナスを許容する場合は使用しない）,－,,,,,,,,,,
614,明細部,UN01005707,BBIE,,,,,,,,,,CI_ Trade_ Allowance Charge. Charge. Indicator,,,明細行返金・追加請求識別識別子,この明細行が返金か、追加請求（チャージ）かを識別する識別子。\n属性：Fault=Allowance,1..1,,,,,,,,,,
615,明細部,UN01005710,BBIE,,,,,,,,,,CI_ Trade_ Allowance Charge. Calculation. Percent,,,明細行返金計算率,この明細行返金を計算するための率,0..1,,,,,,,,,,
616,明細部,UN01005713,BBIE,,,,,,,,,,CI_ Trade_ Allowance Charge. Actual. Amount,,,明細行返金金額,この明細行の返金金額。\n契約単価×返金数量、または金額。\n契約単価×返金数量で指定できない場合には金額,0..1,,,,,,,,,,
617,明細部,UN01005714,BBIE,,,,,,,,,,CI_ Trade_ Allowance Charge. Reason. Code,,,明細行返金理由コード,この明細行の返金理由を識別するコード,0..1,,,,,,,,,,
618,明細部,UN01005715,BBIE,,,,,,,,,,CI_ Trade_ Allowance Charge. Reason. Text,,,明細行返金理由,この明細行の返金理由（内容）の説明,0..1,,,,,,,,,,
619,明細部,UN01008286,BBIE,,,,,,,,,,CI_ Trade_ Allowance Charge. Basis. Amount,,,明細行返金計算金額,この明細行返金の計算根拠となる金額,0..1,,,,,,,,,,
620,明細部,UN01014644,ASBIE,,,,,,,,CIILB_ Supply Chain_ Trade Settlement. Specified. CI_ Trade_ Allowance Charge,,,,,明細行決裁／追加請求グループ,明細行の追加請求に関するグループ\n（金額にマイナスを許容する場合は使用しない）,0..n,,,,,,,,,,
621,明細部,UN01005706,ABIE,,,,,,,,,CI_ Trade_ Allowance Charge. Details,,,,明細行追加請求クラス,明細行追加請求のクラス\n（金額にマイナスを許容する場合は使用しない）,－,,,,,,,,,,
622,明細部,UN01005707,BBIE,,,,,,,,,,CI_ Trade_ Allowance Charge. Charge. Indicator,,,明細行返金・追加請求識別識別子,この明細行が返金か、追加請求（チャージ）かを識別する識別子。\n属性：True=Charge,1..1,,,,,,,,,,
623,明細部,UN01005710,BBIE,,,,,,,,,,CI_ Trade_ Allowance Charge. Calculation. Percent,,,明細行追加請求計算率,この明細行追加請求を計算するための率,0..1,,,,,,,,,,
624,明細部,UN01005713,BBIE,,,,,,,,,,CI_ Trade_ Allowance Charge. Actual. Amount,,,明細行追加請求金額,この明細行の追加請求金額。\n契約単価×追加請求数量、または金額。\n契約単価×追加請求数量で指定できない場合には金額,0..1,,,,,,,,,,
625,明細部,UN01005714,BBIE,,,,,,,,,,CI_ Trade_ Allowance Charge. Reason. Code,,,明細行追加請求理由コード,この明細行の追加請求理由を識別するコード,0..1,,,,,,,,,,
626,明細部,UN01005715,BBIE,,,,,,,,,,CI_ Trade_ Allowance Charge. Reason. Text,,,明細行追加請求理由,この明細行の追加請求理由（内容）の説明,0..1,,,,,,,,,,
627,明細部,UN01008286,BBIE,,,,,,,,,,CI_ Trade_ Allowance Charge. Basis. Amount,,,明細行追加請求計算金額,この明細行追加請求の計算根拠となる金額,0..1,,,,,,,,,,
628,明細部,UN01014643,ASBIE,,,,,,,,CIILB_ Supply Chain_ Trade Settlement. Specified. CI_ Financial_ Adjustment,,,,,明細行決済／調整グループ,明細行決済の調整に関するグループ,0..n,,,,,,,,,,
629,明細部,UN01005487,ABIE,,,,,,,,,CI_ Financial_ Adjustment. Details,,,,明細行調整クラス,明細行の調整に関する情報からなるクラス,－,,,,,,,,,,
630,明細部,UN01005488,BBIE,,,,,,,,,,CI_ Financial_ Adjustment. Reason. Code,,,明細行調整理由コード,この明細行の調整理由を示す識別コード,0..1,,,,,,,,,,
631,明細部,UN01005489,BBIE,,,,,,,,,,CI_ Financial_ Adjustment. Reason. Text,,,明細行調整理由,この明細行の調整理由を文字で表現した内容,0..1,,,,,,,,,,
632,明細部,UN01005490,BBIE,,,,,,,,,,CI_ Financial_ Adjustment. Actual. Amount,,,明細行調整金額,この明細行の調整金額\n調整ユースケースの場合は必須,1..1,,,,,,,,,,
633,明細部,UN01014894,ASBIE,,,,,,,,CIILB_ Supply Chain_ Trade Settlement. Billing. CI_ Specified_ Period,,,,,明細行／取引期間グループ,明細行の取引期間に関するグループ,1..1,,,,,,,,,,
634,明細部,UN01005608,ABIE,,,,,,,,,CI_ Specified_ Period. Details,,,,明細行取引期間クラス,明細行の取引期間に関する情報からなるクラス,－,,,,,,,,,,
635,明細部,UN01005612,BBIE,,,,,,,,,,CI_ Specified_ Period. Start. Date Time,,,明細行取引開始日,この明細行の取引開始日,1..1,,,,,,,,,,
636,明細部,UN01005613,BBIE,,,,,,,,,,CI_ Specified_ Period. End. Date Time,,,明細行取引終了日,この明細行の取引終了日,1..1,,,,,,,,,,
637,明細部,JPS2300005,ASBIE,,,,,,,,CIILB_ Supply Chain_ Trade Settlement. Purchase_ Specified. CI_ Trade_ Accounting Account,,,,,明細行／購買アカウントグループ,この明細行の購買会計アカウントに関するグループ,0..1,,,,,,,,,,
638,明細部,UN01005680,ABIE,,,,,,,,,CI_ Trade_ Accounting Account. Details,,,,明細行購買会計アカウントクラス,明細行購買会計アカウントに関するクラス,－,,,,,,,,,,
639,明細部,UN01005683,BBIE,,,,,,,,,,CI_ Trade_ Accounting Account. Type. Code,,,明細行購買会計アカウントタイプコード,売り手が付与する買い手の明細行購買会計アカウント,1..1,,,,,,,,,,
640,明細部,UN01005685,BBIE,,,,,,,,,,CI_ Trade_ Accounting Account. Name. Text,,,明細行購買会計アカウント名,買い手の明細行購買会計アカウント名,0..1,,,,,,,,,,
641,明細部,UN01010016,ASBIE,,,,,,CIILB_ Subordinate_ Trade Line Item. Applicable. CI_ Trade_ Product,,,,,,,明細行／取引品目グループ,明細行の取引品目に関するグループ,1..1,,,,,,,,,,
642,明細部,UN01005809,ABIE,,,,,,,CI_ Trade_ Product. Details,,,,,,取引品目クラス,取引品目に関する情報からなるクラス。, -,,,,,,,,,,
643,明細部,UN01005810,BBIE,,,,,,,,CI_ Trade_ Product. Identification. Identifier,,,,,品目識別子,品名を特定するために付与した識別子,0..1,,,,,,,,,,
644,明細部,UN01005811,BBIE,,,,,,,,CI_ Trade_ Product. Global_ Identification. Identifier,,,,,グローバル品目識別子,GTIN、JAN識別子などの国際的に登録された品目識別子,0..1,,,,,,,,,,
645,明細部,UN01005812,BBIE,,,,,,,,CI_ Trade_ Product. Seller Assigned_ Identification. Identifier,,,,,受注者品目識別子,受注者が品目を特定するために付与した識別子,0..1,,,,,,,,,,
646,明細部,UN01005813,BBIE,,,,,,,,CI_ Trade_ Product. Buyer Assigned_ Identification. Identifier,,,,,発注者品目識別子,発注者が品目を特定するために付与した識別子,0..1,,,,,,,,,,
647,明細部,UN01005814,BBIE,,,,,,,,CI_ Trade_ Product. Manufacturer Assigned_ Identification. Identifier,,,,,メーカー品目識別子,品目を特定するために製造者が付与した識別子,0..1,,,,,,,,,,
648,明細部,UN01005815,BBIE,,,,,,,,CI_ Trade_ Product. Name. Text,,,,,品目名,この取引品目の名称。,0..1,,,,,,,,,,
649,明細部,UN01005817,BBIE,,,,,,,,CI_ Trade_ Product. Description. Text,,,,,品目摘要,この取引品目内容を文字で説明したもの,1..1,,,,,,,,,,
650,明細部,UN01005818,BBIE,,,,,,,,CI_ Trade_ Product. Type. Code,,,,,品目タイプコード,品目のタイプ（定貫品目、不定貫品目、ハイブリッド品目）を識別するコード\nデフォルトは定貫品目,0..1,,,,,,,,,,
651,明細部,UN01008524,BBIE,,,,,,,,CI_ Trade_ Product. Product Group. Identifier,,,,,品目分類,この取引品目の分類の識別子,0..1,,,,,,,,,,
652,明細部,UN01005821,ASBIE,,,,,,,,CI_ Trade_ Product. Applicable. CI_ Product_ Characteristic,,,,,取引品目クラス／品目特性グループ,取引品目の特性に関するグループ,0..n,,,,,,,,,,
653,明細部,UN01005567,ABIE,,,,,,,,,CI_ Product_ Characteristic. Details,,,,品目特性クラス,取引品目の特性に関するクラス,－,,,,,,,,,,
654,明細部,UN01005570,BBIE,,,,,,,,,,CI_ Product_ Characteristic. Description. Text,,,取引品目特性内容,この取引品目内容を文字で説明したもの,0..1,,,,,,,,,,
655,明細部,UN01011457,BBIE,,,,,,,,,,CI_ Product_ Characteristic. Value. Text,,,品目特性値,この取引品目特性の値,0..1,,,,,,,,,,
656,明細部,UN01005827,ASBIE,,,,,,,,CI_ Trade_ Product. Origin. CI_ Trade_ Country,,,,,取引品目クラス／原産地グループ,取引品目の原産地に関するグループ,0..n,,,,,,,,,,
657,明細部,UN01005735,ABIE,,,,,,,,,CI_ Trade_ Country. Details,,,,品目原産地クラス,取引品目の原産地に関するクラス,－,,,,,,,,,,
658,明細部,UN01005736,BBIE,,,,,,,,,,CI_ Trade_ Country. Identification. Identifier,,,原産国コード,この取引品目の原産国を識別するコード,0..1,,,,,,,,,,